unit_number,time_in_cycles,Actual_RUL,Predicted_RUL,Error,Absolute_Error
1,5,125,123.45,1.5499999999999972,1.5499999999999972
1,6,125,124.27,0.730000000000004,0.730000000000004
1,7,125,124.81,0.18999999999999773,0.18999999999999773
1,8,125,123.84,1.1599999999999966,1.1599999999999966
1,9,125,124.67,0.3299999999999983,0.3299999999999983
1,10,125,124.59,0.4099999999999966,0.4099999999999966
1,11,125,124.06,0.9399999999999977,0.9399999999999977
1,12,125,125.0,0.0,0.0
1,13,125,124.87,0.12999999999999545,0.12999999999999545
1,14,125,123.6,1.4000000000000057,1.4000000000000057
1,15,125,124.73,0.269999999999996,0.269999999999996
1,16,125,124.9,0.09999999999999432,0.09999999999999432
1,17,125,125.0,0.0,0.0
1,18,125,125.0,0.0,0.0
1,19,125,124.75,0.25,0.25
1,20,125,124.87,0.12999999999999545,0.12999999999999545
1,21,125,125.0,0.0,0.0
1,22,125,124.62,0.37999999999999545,0.37999999999999545
1,23,125,124.3,0.7000000000000028,0.7000000000000028
1,24,125,124.51,0.4899999999999949,0.4899999999999949
1,25,125,122.82,2.180000000000007,2.180000000000007
1,26,125,123.45,1.5499999999999972,1.5499999999999972
1,27,125,124.58,0.4200000000000017,0.4200000000000017
1,28,125,123.73,1.269999999999996,1.269999999999996
1,29,125,123.34,1.6599999999999966,1.6599999999999966
1,30,125,124.07,0.9300000000000068,0.9300000000000068
1,31,125,123.3,1.7000000000000028,1.7000000000000028
1,32,125,124.84,0.1599999999999966,0.1599999999999966
1,33,125,124.88,0.12000000000000455,0.12000000000000455
1,34,125,123.52,1.480000000000004,1.480000000000004
1,35,125,118.93,6.069999999999993,6.069999999999993
1,36,125,123.56,1.4399999999999977,1.4399999999999977
1,37,125,123.72,1.2800000000000011,1.2800000000000011
1,38,125,123.5,1.5,1.5
1,39,125,119.21,5.790000000000006,5.790000000000006
1,40,125,124.66,0.3400000000000034,0.3400000000000034
1,41,125,122.42,2.5799999999999983,2.5799999999999983
1,42,125,121.9,3.0999999999999943,3.0999999999999943
1,43,125,121.95,3.049999999999997,3.049999999999997
1,44,125,123.63,1.3700000000000045,1.3700000000000045
1,45,125,121.9,3.0999999999999943,3.0999999999999943
1,46,125,124.19,0.8100000000000023,0.8100000000000023
1,47,125,123.15,1.8499999999999943,1.8499999999999943
1,48,125,119.87,5.1299999999999955,5.1299999999999955
1,49,125,121.39,3.6099999999999994,3.6099999999999994
1,50,125,122.63,2.3700000000000045,2.3700000000000045
1,51,125,122.62,2.3799999999999955,2.3799999999999955
1,52,125,122.6,2.4000000000000057,2.4000000000000057
1,53,125,121.98,3.019999999999996,3.019999999999996
1,54,125,118.85,6.150000000000006,6.150000000000006
1,55,125,121.09,3.9099999999999966,3.9099999999999966
1,56,125,120.83,4.170000000000002,4.170000000000002
1,57,125,123.14,1.8599999999999994,1.8599999999999994
1,58,125,123.86,1.1400000000000006,1.1400000000000006
1,59,125,123.13,1.8700000000000045,1.8700000000000045
1,60,125,121.98,3.019999999999996,3.019999999999996
1,61,125,122.3,2.700000000000003,2.700000000000003
1,62,125,120.87,4.1299999999999955,4.1299999999999955
1,63,125,115.58,9.420000000000002,9.420000000000002
1,64,125,119.4,5.599999999999994,5.599999999999994
1,65,125,119.86,5.140000000000001,5.140000000000001
1,66,125,115.23,9.769999999999996,9.769999999999996
1,67,125,113.86,11.14,11.14
1,68,124,111.06,12.939999999999998,12.939999999999998
1,69,123,117.62,5.3799999999999955,5.3799999999999955
1,70,122,120.12,1.8799999999999955,1.8799999999999955
1,71,121,119.9,1.0999999999999943,1.0999999999999943
1,72,120,121.96,-1.9599999999999937,1.9599999999999937
1,73,119,119.17,-0.1700000000000017,0.1700000000000017
1,74,118,115.98,2.019999999999996,2.019999999999996
1,75,117,113.07,3.930000000000007,3.930000000000007
1,76,116,109.23,6.769999999999996,6.769999999999996
1,77,115,118.02,-3.019999999999996,3.019999999999996
1,78,114,107.89,6.109999999999999,6.109999999999999
1,79,113,110.11,2.8900000000000006,2.8900000000000006
1,80,112,108.32,3.680000000000007,3.680000000000007
1,81,111,118.25,-7.25,7.25
1,82,110,108.16,1.8400000000000034,1.8400000000000034
1,83,109,112.5,-3.5,3.5
1,84,108,118.28,-10.280000000000001,10.280000000000001
1,85,107,110.87,-3.8700000000000045,3.8700000000000045
1,86,106,114.77,-8.769999999999996,8.769999999999996
1,87,105,115.63,-10.629999999999995,10.629999999999995
1,88,104,110.52,-6.519999999999996,6.519999999999996
1,89,103,115.79,-12.790000000000006,12.790000000000006
1,90,102,115.33,-13.329999999999998,13.329999999999998
1,91,101,104.73,-3.730000000000004,3.730000000000004
1,92,100,101.21,-1.2099999999999937,1.2099999999999937
1,93,99,97.59,1.4099999999999966,1.4099999999999966
1,94,98,98.38,-0.37999999999999545,0.37999999999999545
1,95,97,94.23,2.769999999999996,2.769999999999996
1,96,96,96.29,-0.29000000000000625,0.29000000000000625
1,97,95,99.2,-4.200000000000003,4.200000000000003
1,98,94,97.82,-3.819999999999993,3.819999999999993
1,99,93,101.24,-8.239999999999995,8.239999999999995
1,100,92,104.48,-12.480000000000004,12.480000000000004
1,101,91,105.43,-14.430000000000007,14.430000000000007
1,102,90,94.71,-4.709999999999994,4.709999999999994
1,103,89,93.32,-4.319999999999993,4.319999999999993
1,104,88,92.0,-4.0,4.0
1,105,87,96.7,-9.700000000000003,9.700000000000003
1,106,86,97.76,-11.760000000000005,11.760000000000005
1,107,85,96.47,-11.469999999999999,11.469999999999999
1,108,84,100.28,-16.28,16.28
1,109,83,93.82,-10.819999999999993,10.819999999999993
1,110,82,95.2,-13.200000000000003,13.200000000000003
1,111,81,89.64,-8.64,8.64
1,112,80,92.81,-12.810000000000002,12.810000000000002
1,113,79,94.77,-15.769999999999996,15.769999999999996
1,114,78,94.6,-16.599999999999994,16.599999999999994
1,115,77,100.65,-23.650000000000006,23.650000000000006
1,116,76,95.91,-19.909999999999997,19.909999999999997
1,117,75,92.01,-17.010000000000005,17.010000000000005
1,118,74,88.64,-14.64,14.64
1,119,73,92.4,-19.400000000000006,19.400000000000006
1,120,72,88.99,-16.989999999999995,16.989999999999995
1,121,71,88.29,-17.290000000000006,17.290000000000006
1,122,70,87.76,-17.760000000000005,17.760000000000005
1,123,69,92.33,-23.33,23.33
1,124,68,91.05,-23.049999999999997,23.049999999999997
1,125,67,92.95,-25.950000000000003,25.950000000000003
1,126,66,90.02,-24.019999999999996,24.019999999999996
1,127,65,86.92,-21.92,21.92
1,128,64,85.74,-21.739999999999995,21.739999999999995
1,129,63,87.13,-24.129999999999995,24.129999999999995
1,130,62,89.16,-27.159999999999997,27.159999999999997
1,131,61,81.96,-20.959999999999994,20.959999999999994
1,132,60,88.0,-28.0,28.0
1,133,59,85.64,-26.64,26.64
1,134,58,89.21,-31.209999999999994,31.209999999999994
1,135,57,88.03,-31.03,31.03
1,136,56,87.94,-31.939999999999998,31.939999999999998
1,137,55,89.84,-34.84,34.84
1,138,54,85.11,-31.11,31.11
1,139,53,83.26,-30.260000000000005,30.260000000000005
1,140,52,82.23,-30.230000000000004,30.230000000000004
1,141,51,76.48,-25.480000000000004,25.480000000000004
1,142,50,79.57,-29.569999999999993,29.569999999999993
1,143,49,80.05,-31.049999999999997,31.049999999999997
1,144,48,75.48,-27.480000000000004,27.480000000000004
1,145,47,69.59,-22.590000000000003,22.590000000000003
1,146,46,79.87,-33.870000000000005,33.870000000000005
1,147,45,77.18,-32.18000000000001,32.18000000000001
1,148,44,80.87,-36.870000000000005,36.870000000000005
1,149,43,72.66,-29.659999999999997,29.659999999999997
1,150,42,71.45,-29.450000000000003,29.450000000000003
1,151,41,62.84,-21.840000000000003,21.840000000000003
1,152,40,65.82,-25.819999999999993,25.819999999999993
1,153,39,50.45,-11.450000000000003,11.450000000000003
1,154,38,48.09,-10.090000000000003,10.090000000000003
1,155,37,49.37,-12.369999999999997,12.369999999999997
1,156,36,55.65,-19.65,19.65
1,157,35,53.37,-18.369999999999997,18.369999999999997
1,158,34,58.9,-24.9,24.9
1,159,33,59.26,-26.259999999999998,26.259999999999998
1,160,32,51.45,-19.450000000000003,19.450000000000003
1,161,31,49.99,-18.990000000000002,18.990000000000002
1,162,30,47.42,-17.42,17.42
1,163,29,34.14,-5.140000000000001,5.140000000000001
1,164,28,36.22,-8.219999999999999,8.219999999999999
1,165,27,38.23,-11.229999999999997,11.229999999999997
1,166,26,30.97,-4.969999999999999,4.969999999999999
1,167,25,36.93,-11.93,11.93
1,168,24,41.69,-17.689999999999998,17.689999999999998
1,169,23,41.64,-18.64,18.64
1,170,22,38.9,-16.9,16.9
1,171,21,41.89,-20.89,20.89
1,172,20,38.83,-18.83,18.83
1,173,19,28.27,-9.27,9.27
1,174,18,19.61,-1.6099999999999994,1.6099999999999994
1,175,17,18.9,-1.8999999999999986,1.8999999999999986
1,176,16,21.75,-5.75,5.75
1,177,15,20.03,-5.030000000000001,5.030000000000001
1,178,14,14.93,-0.9299999999999997,0.9299999999999997
1,179,13,15.79,-2.789999999999999,2.789999999999999
1,180,12,15.98,-3.9800000000000004,3.9800000000000004
1,181,11,16.63,-5.629999999999999,5.629999999999999
1,182,10,16.86,-6.859999999999999,6.859999999999999
1,183,9,18.08,-9.079999999999998,9.079999999999998
1,184,8,11.91,-3.91,3.91
1,185,7,5.68,1.3200000000000003,1.3200000000000003
1,186,6,5.04,0.96,0.96
1,187,5,5.83,-0.8300000000000001,0.8300000000000001
1,188,4,4.43,-0.4299999999999997,0.4299999999999997
1,189,3,4.85,-1.8499999999999996,1.8499999999999996
1,190,2,4.75,-2.75,2.75
1,191,1,4.1,-3.0999999999999996,3.0999999999999996
1,192,0,4.1,-4.1,4.1
5,5,125,124.89,0.10999999999999943,0.10999999999999943
5,6,125,125.0,0.0,0.0
5,7,125,125.0,0.0,0.0
5,8,125,125.0,0.0,0.0
5,9,125,124.62,0.37999999999999545,0.37999999999999545
5,10,125,124.9,0.09999999999999432,0.09999999999999432
5,11,125,125.0,0.0,0.0
5,12,125,124.75,0.25,0.25
5,13,125,124.88,0.12000000000000455,0.12000000000000455
5,14,125,125.0,0.0,0.0
5,15,125,124.97,0.030000000000001137,0.030000000000001137
5,16,125,124.8,0.20000000000000284,0.20000000000000284
5,17,125,124.97,0.030000000000001137,0.030000000000001137
5,18,125,125.0,0.0,0.0
5,19,125,124.88,0.12000000000000455,0.12000000000000455
5,20,125,125.0,0.0,0.0
5,21,125,125.0,0.0,0.0
5,22,125,124.98,0.01999999999999602,0.01999999999999602
5,23,125,124.72,0.28000000000000114,0.28000000000000114
5,24,125,124.82,0.18000000000000682,0.18000000000000682
5,25,125,124.98,0.01999999999999602,0.01999999999999602
5,26,125,124.96,0.04000000000000625,0.04000000000000625
5,27,125,124.84,0.1599999999999966,0.1599999999999966
5,28,125,124.57,0.4300000000000068,0.4300000000000068
5,29,125,124.41,0.5900000000000034,0.5900000000000034
5,30,125,123.95,1.0499999999999972,1.0499999999999972
5,31,125,124.58,0.4200000000000017,0.4200000000000017
5,32,125,124.27,0.730000000000004,0.730000000000004
5,33,125,122.92,2.0799999999999983,2.0799999999999983
5,34,125,124.49,0.5100000000000051,0.5100000000000051
5,35,125,124.31,0.6899999999999977,0.6899999999999977
5,36,125,122.89,2.1099999999999994,2.1099999999999994
5,37,125,123.98,1.019999999999996,1.019999999999996
5,38,125,124.57,0.4300000000000068,0.4300000000000068
5,39,125,124.71,0.29000000000000625,0.29000000000000625
5,40,125,123.26,1.7399999999999949,1.7399999999999949
5,41,125,124.09,0.9099999999999966,0.9099999999999966
5,42,125,124.15,0.8499999999999943,0.8499999999999943
5,43,125,123.4,1.5999999999999943,1.5999999999999943
5,44,125,123.39,1.6099999999999994,1.6099999999999994
5,45,125,122.62,2.3799999999999955,2.3799999999999955
5,46,125,121.94,3.0600000000000023,3.0600000000000023
5,47,125,124.7,0.29999999999999716,0.29999999999999716
5,48,125,120.66,4.340000000000003,4.340000000000003
5,49,125,124.81,0.18999999999999773,0.18999999999999773
5,50,125,124.45,0.5499999999999972,0.5499999999999972
5,51,125,124.61,0.39000000000000057,0.39000000000000057
5,52,125,123.02,1.980000000000004,1.980000000000004
5,53,125,121.62,3.3799999999999955,3.3799999999999955
5,54,125,122.38,2.6200000000000045,2.6200000000000045
5,55,125,122.22,2.780000000000001,2.780000000000001
5,56,125,122.47,2.530000000000001,2.530000000000001
5,57,125,123.55,1.4500000000000028,1.4500000000000028
5,58,125,124.4,0.5999999999999943,0.5999999999999943
5,59,125,124.41,0.5900000000000034,0.5900000000000034
5,60,125,123.51,1.4899999999999949,1.4899999999999949
5,61,125,120.74,4.260000000000005,4.260000000000005
5,62,125,122.04,2.9599999999999937,2.9599999999999937
5,63,125,121.17,3.8299999999999983,3.8299999999999983
5,64,125,123.06,1.9399999999999977,1.9399999999999977
5,65,125,124.23,0.769999999999996,0.769999999999996
5,66,125,119.72,5.280000000000001,5.280000000000001
5,67,125,120.47,4.530000000000001,4.530000000000001
5,68,125,122.0,3.0,3.0
5,69,125,122.96,2.0400000000000063,2.0400000000000063
5,70,125,122.34,2.6599999999999966,2.6599999999999966
5,71,125,122.11,2.8900000000000006,2.8900000000000006
5,72,125,123.38,1.6200000000000045,1.6200000000000045
5,73,125,122.81,2.1899999999999977,2.1899999999999977
5,74,125,123.18,1.8199999999999932,1.8199999999999932
5,75,125,118.35,6.650000000000006,6.650000000000006
5,76,125,117.59,7.409999999999997,7.409999999999997
5,77,125,118.06,6.939999999999998,6.939999999999998
5,78,125,118.65,6.349999999999994,6.349999999999994
5,79,125,118.88,6.1200000000000045,6.1200000000000045
5,80,125,119.18,5.819999999999993,5.819999999999993
5,81,125,119.77,5.230000000000004,5.230000000000004
5,82,125,118.96,6.040000000000006,6.040000000000006
5,83,125,121.99,3.010000000000005,3.010000000000005
5,84,125,123.71,1.2900000000000063,1.2900000000000063
5,85,125,119.42,5.579999999999998,5.579999999999998
5,86,125,118.24,6.760000000000005,6.760000000000005
5,87,125,117.01,7.989999999999995,7.989999999999995
5,88,125,118.45,6.549999999999997,6.549999999999997
5,89,125,110.21,14.790000000000006,14.790000000000006
5,90,125,120.97,4.030000000000001,4.030000000000001
5,91,125,121.46,3.5400000000000063,3.5400000000000063
5,92,125,120.63,4.3700000000000045,4.3700000000000045
5,93,125,120.43,4.569999999999993,4.569999999999993
5,94,125,118.19,6.810000000000002,6.810000000000002
5,95,125,119.2,5.799999999999997,5.799999999999997
5,96,125,121.14,3.8599999999999994,3.8599999999999994
5,97,125,122.75,2.25,2.25
5,98,125,122.5,2.5,2.5
5,99,125,118.79,6.209999999999994,6.209999999999994
5,100,125,116.22,8.780000000000001,8.780000000000001
5,101,125,115.63,9.370000000000005,9.370000000000005
5,102,125,117.31,7.689999999999998,7.689999999999998
5,103,125,114.39,10.61,10.61
5,104,125,112.24,12.760000000000005,12.760000000000005
5,105,125,114.19,10.810000000000002,10.810000000000002
5,106,125,114.94,10.060000000000002,10.060000000000002
5,107,125,116.86,8.14,8.14
5,108,125,119.11,5.890000000000001,5.890000000000001
5,109,125,115.75,9.25,9.25
5,110,125,112.29,12.709999999999994,12.709999999999994
5,111,125,111.39,13.61,13.61
5,112,125,117.33,7.670000000000002,7.670000000000002
5,113,125,111.08,13.920000000000002,13.920000000000002
5,114,125,117.05,7.950000000000003,7.950000000000003
5,115,125,120.08,4.920000000000002,4.920000000000002
5,116,125,117.44,7.560000000000002,7.560000000000002
5,117,125,114.67,10.329999999999998,10.329999999999998
5,118,125,117.76,7.239999999999995,7.239999999999995
5,119,125,116.26,8.739999999999995,8.739999999999995
5,120,125,112.87,12.129999999999995,12.129999999999995
5,121,125,111.26,13.739999999999995,13.739999999999995
5,122,125,107.52,17.480000000000004,17.480000000000004
5,123,125,115.78,9.219999999999999,9.219999999999999
5,124,125,114.19,10.810000000000002,10.810000000000002
5,125,125,114.82,10.180000000000007,10.180000000000007
5,126,125,119.0,6.0,6.0
5,127,125,107.46,17.540000000000006,17.540000000000006
5,128,125,105.37,19.629999999999995,19.629999999999995
5,129,125,117.58,7.420000000000002,7.420000000000002
5,130,125,110.43,14.569999999999993,14.569999999999993
5,131,125,117.22,7.780000000000001,7.780000000000001
5,132,125,113.74,11.260000000000005,11.260000000000005
5,133,125,113.8,11.200000000000003,11.200000000000003
5,134,125,113.58,11.420000000000002,11.420000000000002
5,135,125,118.31,6.689999999999998,6.689999999999998
5,136,125,120.35,4.650000000000006,4.650000000000006
5,137,125,105.82,19.180000000000007,19.180000000000007
5,138,125,116.49,8.510000000000005,8.510000000000005
5,139,125,109.18,15.819999999999993,15.819999999999993
5,140,125,110.04,14.959999999999994,14.959999999999994
5,141,125,112.63,12.370000000000005,12.370000000000005
5,142,125,117.65,7.349999999999994,7.349999999999994
5,143,125,115.27,9.730000000000004,9.730000000000004
5,144,125,107.34,17.659999999999997,17.659999999999997
5,145,124,114.79,9.209999999999994,9.209999999999994
5,146,123,109.42,13.579999999999998,13.579999999999998
5,147,122,109.5,12.5,12.5
5,148,121,110.92,10.079999999999998,10.079999999999998
5,149,120,116.25,3.75,3.75
5,150,119,107.25,11.75,11.75
5,151,118,118.95,-0.9500000000000028,0.9500000000000028
5,152,117,102.04,14.959999999999994,14.959999999999994
5,153,116,105.17,10.829999999999998,10.829999999999998
5,154,115,104.53,10.469999999999999,10.469999999999999
5,155,114,99.26,14.739999999999995,14.739999999999995
5,156,113,98.25,14.75,14.75
5,157,112,103.16,8.840000000000003,8.840000000000003
5,158,111,106.76,4.239999999999995,4.239999999999995
5,159,110,99.08,10.920000000000002,10.920000000000002
5,160,109,91.06,17.939999999999998,17.939999999999998
5,161,108,97.39,10.61,10.61
5,162,107,95.4,11.599999999999994,11.599999999999994
5,163,106,104.53,1.4699999999999989,1.4699999999999989
5,164,105,94.86,10.14,10.14
5,165,104,93.03,10.969999999999999,10.969999999999999
5,166,103,97.82,5.180000000000007,5.180000000000007
5,167,102,98.32,3.680000000000007,3.680000000000007
5,168,101,91.0,10.0,10.0
5,169,100,86.19,13.810000000000002,13.810000000000002
5,170,99,84.77,14.230000000000004,14.230000000000004
5,171,98,86.87,11.129999999999995,11.129999999999995
5,172,97,83.57,13.430000000000007,13.430000000000007
5,173,96,85.81,10.189999999999998,10.189999999999998
5,174,95,86.89,8.11,8.11
5,175,94,96.3,-2.299999999999997,2.299999999999997
5,176,93,95.42,-2.4200000000000017,2.4200000000000017
5,177,92,98.09,-6.090000000000003,6.090000000000003
5,178,91,84.15,6.849999999999994,6.849999999999994
5,179,90,81.84,8.159999999999997,8.159999999999997
5,180,89,77.92,11.079999999999998,11.079999999999998
5,181,88,75.87,12.129999999999995,12.129999999999995
5,182,87,76.49,10.510000000000005,10.510000000000005
5,183,86,75.64,10.36,10.36
5,184,85,84.03,0.9699999999999989,0.9699999999999989
5,185,84,77.48,6.519999999999996,6.519999999999996
5,186,83,75.33,7.670000000000002,7.670000000000002
5,187,82,75.56,6.439999999999998,6.439999999999998
5,188,81,78.24,2.760000000000005,2.760000000000005
5,189,80,78.3,1.7000000000000028,1.7000000000000028
5,190,79,75.66,3.3400000000000034,3.3400000000000034
5,191,78,75.04,2.9599999999999937,2.9599999999999937
5,192,77,76.51,0.4899999999999949,0.4899999999999949
5,193,76,74.44,1.5600000000000023,1.5600000000000023
5,194,75,72.87,2.1299999999999955,2.1299999999999955
5,195,74,76.14,-2.1400000000000006,2.1400000000000006
5,196,73,71.26,1.7399999999999949,1.7399999999999949
5,197,72,73.51,-1.5100000000000051,1.5100000000000051
5,198,71,71.87,-0.8700000000000045,0.8700000000000045
5,199,70,72.46,-2.4599999999999937,2.4599999999999937
5,200,69,70.68,-1.6800000000000068,1.6800000000000068
5,201,68,72.67,-4.670000000000002,4.670000000000002
5,202,67,69.6,-2.5999999999999943,2.5999999999999943
5,203,66,70.61,-4.609999999999999,4.609999999999999
5,204,65,67.19,-2.1899999999999977,2.1899999999999977
5,205,64,69.27,-5.269999999999996,5.269999999999996
5,206,63,70.38,-7.3799999999999955,7.3799999999999955
5,207,62,70.3,-8.299999999999997,8.299999999999997
5,208,61,65.27,-4.269999999999996,4.269999999999996
5,209,60,70.05,-10.049999999999997,10.049999999999997
5,210,59,58.39,0.6099999999999994,0.6099999999999994
5,211,58,54.84,3.1599999999999966,3.1599999999999966
5,212,57,57.78,-0.7800000000000011,0.7800000000000011
5,213,56,54.74,1.259999999999998,1.259999999999998
5,214,55,51.96,3.039999999999999,3.039999999999999
5,215,54,51.48,2.520000000000003,2.520000000000003
5,216,53,40.11,12.89,12.89
5,217,52,38.99,13.009999999999998,13.009999999999998
5,218,51,40.08,10.920000000000002,10.920000000000002
5,219,50,38.76,11.240000000000002,11.240000000000002
5,220,49,39.91,9.090000000000003,9.090000000000003
5,221,48,47.84,0.1599999999999966,0.1599999999999966
5,222,47,45.11,1.8900000000000006,1.8900000000000006
5,223,46,47.29,-1.2899999999999991,1.2899999999999991
5,224,45,46.1,-1.1000000000000014,1.1000000000000014
5,225,44,36.45,7.549999999999997,7.549999999999997
5,226,43,36.83,6.170000000000002,6.170000000000002
5,227,42,38.41,3.5900000000000034,3.5900000000000034
5,228,41,37.05,3.950000000000003,3.950000000000003
5,229,40,37.22,2.780000000000001,2.780000000000001
5,230,39,35.7,3.299999999999997,3.299999999999997
5,231,38,36.18,1.8200000000000003,1.8200000000000003
5,232,37,36.39,0.6099999999999994,0.6099999999999994
5,233,36,34.09,1.9099999999999966,1.9099999999999966
5,234,35,34.27,0.7299999999999969,0.7299999999999969
5,235,34,34.66,-0.6599999999999966,0.6599999999999966
5,236,33,34.67,-1.6700000000000017,1.6700000000000017
5,237,32,32.74,-0.740000000000002,0.740000000000002
5,238,31,33.93,-2.9299999999999997,2.9299999999999997
5,239,30,31.51,-1.5100000000000016,1.5100000000000016
5,240,29,26.57,2.4299999999999997,2.4299999999999997
5,241,28,26.34,1.6600000000000001,1.6600000000000001
5,242,27,26.62,0.379999999999999,0.379999999999999
5,243,26,22.09,3.91,3.91
5,244,25,21.57,3.4299999999999997,3.4299999999999997
5,245,24,23.57,0.4299999999999997,0.4299999999999997
5,246,23,16.9,6.100000000000001,6.100000000000001
5,247,22,17.35,4.649999999999999,4.649999999999999
5,248,21,17.79,3.210000000000001,3.210000000000001
5,249,20,15.24,4.76,4.76
5,250,19,17.0,2.0,2.0
5,251,18,14.77,3.2300000000000004,3.2300000000000004
5,252,17,15.89,1.1099999999999994,1.1099999999999994
5,253,16,13.34,2.66,2.66
5,254,15,11.86,3.1400000000000006,3.1400000000000006
5,255,14,10.8,3.1999999999999993,3.1999999999999993
5,256,13,10.94,2.0600000000000005,2.0600000000000005
5,257,12,9.25,2.75,2.75
5,258,11,9.11,1.8900000000000006,1.8900000000000006
5,259,10,7.46,2.54,2.54
5,260,9,8.65,0.34999999999999964,0.34999999999999964
5,261,8,8.93,-0.9299999999999997,0.9299999999999997
5,262,7,8.36,-1.3599999999999994,1.3599999999999994
5,263,6,7.38,-1.38,1.38
5,264,5,6.01,-1.0099999999999998,1.0099999999999998
5,265,4,6.19,-2.1900000000000004,2.1900000000000004
5,266,3,5.14,-2.1399999999999997,2.1399999999999997
5,267,2,4.03,-2.0300000000000002,2.0300000000000002
5,268,1,1.47,-0.47,0.47
5,269,0,0.94,-0.94,0.94
11,5,125,124.8,0.20000000000000284,0.20000000000000284
11,6,125,125.0,0.0,0.0
11,7,125,124.89,0.10999999999999943,0.10999999999999943
11,8,125,125.0,0.0,0.0
11,9,125,125.0,0.0,0.0
11,10,125,124.97,0.030000000000001137,0.030000000000001137
11,11,125,124.96,0.04000000000000625,0.04000000000000625
11,12,125,124.99,0.010000000000005116,0.010000000000005116
11,13,125,124.99,0.010000000000005116,0.010000000000005116
11,14,125,124.85,0.15000000000000568,0.15000000000000568
11,15,125,124.63,0.37000000000000455,0.37000000000000455
11,16,125,125.0,0.0,0.0
11,17,125,124.63,0.37000000000000455,0.37000000000000455
11,18,125,124.34,0.6599999999999966,0.6599999999999966
11,19,125,125.0,0.0,0.0
11,20,125,125.0,0.0,0.0
11,21,125,124.85,0.15000000000000568,0.15000000000000568
11,22,125,124.7,0.29999999999999716,0.29999999999999716
11,23,125,124.56,0.4399999999999977,0.4399999999999977
11,24,125,124.93,0.06999999999999318,0.06999999999999318
11,25,125,124.92,0.0799999999999983,0.0799999999999983
11,26,125,125.0,0.0,0.0
11,27,125,125.0,0.0,0.0
11,28,125,123.37,1.6299999999999955,1.6299999999999955
11,29,125,124.1,0.9000000000000057,0.9000000000000057
11,30,125,123.9,1.0999999999999943,1.0999999999999943
11,31,125,119.06,5.939999999999998,5.939999999999998
11,32,125,123.53,1.4699999999999989,1.4699999999999989
11,33,125,124.23,0.769999999999996,0.769999999999996
11,34,125,124.63,0.37000000000000455,0.37000000000000455
11,35,125,123.01,1.9899999999999949,1.9899999999999949
11,36,125,124.71,0.29000000000000625,0.29000000000000625
11,37,125,124.75,0.25,0.25
11,38,125,124.36,0.6400000000000006,0.6400000000000006
11,39,125,122.72,2.280000000000001,2.280000000000001
11,40,125,122.65,2.3499999999999943,2.3499999999999943
11,41,125,123.09,1.9099999999999966,1.9099999999999966
11,42,125,124.63,0.37000000000000455,0.37000000000000455
11,43,125,121.6,3.4000000000000057,3.4000000000000057
11,44,125,123.92,1.0799999999999983,1.0799999999999983
11,45,125,120.64,4.359999999999999,4.359999999999999
11,46,125,118.35,6.650000000000006,6.650000000000006
11,47,125,123.68,1.3199999999999932,1.3199999999999932
11,48,125,124.08,0.9200000000000017,0.9200000000000017
11,49,125,119.74,5.260000000000005,5.260000000000005
11,50,125,120.41,4.590000000000003,4.590000000000003
11,51,125,120.36,4.640000000000001,4.640000000000001
11,52,125,122.67,2.3299999999999983,2.3299999999999983
11,53,125,121.65,3.3499999999999943,3.3499999999999943
11,54,125,119.75,5.25,5.25
11,55,125,122.44,2.5600000000000023,2.5600000000000023
11,56,125,124.3,0.7000000000000028,0.7000000000000028
11,57,125,122.96,2.0400000000000063,2.0400000000000063
11,58,125,118.48,6.519999999999996,6.519999999999996
11,59,125,120.19,4.810000000000002,4.810000000000002
11,60,125,116.63,8.370000000000005,8.370000000000005
11,61,125,116.41,8.590000000000003,8.590000000000003
11,62,125,121.3,3.700000000000003,3.700000000000003
11,63,125,123.14,1.8599999999999994,1.8599999999999994
11,64,125,121.14,3.8599999999999994,3.8599999999999994
11,65,125,122.75,2.25,2.25
11,66,125,122.41,2.5900000000000034,2.5900000000000034
11,67,125,121.47,3.530000000000001,3.530000000000001
11,68,125,120.56,4.439999999999998,4.439999999999998
11,69,125,120.15,4.849999999999994,4.849999999999994
11,70,125,123.32,1.6800000000000068,1.6800000000000068
11,71,125,120.38,4.6200000000000045,4.6200000000000045
11,72,125,120.29,4.709999999999994,4.709999999999994
11,73,125,120.28,4.719999999999999,4.719999999999999
11,74,125,118.54,6.459999999999994,6.459999999999994
11,75,125,120.31,4.689999999999998,4.689999999999998
11,76,125,114.67,10.329999999999998,10.329999999999998
11,77,125,119.59,5.409999999999997,5.409999999999997
11,78,125,119.77,5.230000000000004,5.230000000000004
11,79,125,115.09,9.909999999999997,9.909999999999997
11,80,125,117.2,7.799999999999997,7.799999999999997
11,81,125,124.17,0.8299999999999983,0.8299999999999983
11,82,125,121.88,3.1200000000000045,3.1200000000000045
11,83,125,123.98,1.019999999999996,1.019999999999996
11,84,125,121.5,3.5,3.5
11,85,125,118.73,6.269999999999996,6.269999999999996
11,86,125,113.7,11.299999999999997,11.299999999999997
11,87,125,113.53,11.469999999999999,11.469999999999999
11,88,125,113.88,11.120000000000005,11.120000000000005
11,89,125,113.31,11.689999999999998,11.689999999999998
11,90,125,114.55,10.450000000000003,10.450000000000003
11,91,125,114.27,10.730000000000004,10.730000000000004
11,92,125,111.2,13.799999999999997,13.799999999999997
11,93,125,108.21,16.790000000000006,16.790000000000006
11,94,125,113.61,11.39,11.39
11,95,125,109.56,15.439999999999998,15.439999999999998
11,96,125,109.21,15.790000000000006,15.790000000000006
11,97,125,116.65,8.349999999999994,8.349999999999994
11,98,125,118.02,6.980000000000004,6.980000000000004
11,99,125,112.85,12.150000000000006,12.150000000000006
11,100,125,113.96,11.040000000000006,11.040000000000006
11,101,125,118.97,6.030000000000001,6.030000000000001
11,102,125,108.56,16.439999999999998,16.439999999999998
11,103,125,110.73,14.269999999999996,14.269999999999996
11,104,125,106.89,18.11,18.11
11,105,125,106.36,18.64,18.64
11,106,125,105.26,19.739999999999995,19.739999999999995
11,107,125,107.01,17.989999999999995,17.989999999999995
11,108,125,103.82,21.180000000000007,21.180000000000007
11,109,125,106.95,18.049999999999997,18.049999999999997
11,110,125,113.63,11.370000000000005,11.370000000000005
11,111,125,112.75,12.25,12.25
11,112,125,108.16,16.840000000000003,16.840000000000003
11,113,125,109.54,15.459999999999994,15.459999999999994
11,114,125,104.59,20.409999999999997,20.409999999999997
11,115,125,104.31,20.689999999999998,20.689999999999998
11,116,124,103.17,20.83,20.83
11,117,123,99.99,23.010000000000005,23.010000000000005
11,118,122,96.29,25.709999999999994,25.709999999999994
11,119,121,94.73,26.269999999999996,26.269999999999996
11,120,120,98.05,21.950000000000003,21.950000000000003
11,121,119,93.36,25.64,25.64
11,122,118,98.82,19.180000000000007,19.180000000000007
11,123,117,94.53,22.47,22.47
11,124,116,96.05,19.950000000000003,19.950000000000003
11,125,115,99.52,15.480000000000004,15.480000000000004
11,126,114,94.63,19.370000000000005,19.370000000000005
11,127,113,95.18,17.819999999999993,17.819999999999993
11,128,112,97.6,14.400000000000006,14.400000000000006
11,129,111,92.87,18.129999999999995,18.129999999999995
11,130,110,96.27,13.730000000000004,13.730000000000004
11,131,109,96.15,12.849999999999994,12.849999999999994
11,132,108,102.38,5.6200000000000045,5.6200000000000045
11,133,107,109.2,-2.200000000000003,2.200000000000003
11,134,106,100.05,5.950000000000003,5.950000000000003
11,135,105,102.91,2.0900000000000034,2.0900000000000034
11,136,104,103.13,0.8700000000000045,0.8700000000000045
11,137,103,106.11,-3.1099999999999994,3.1099999999999994
11,138,102,111.05,-9.049999999999997,9.049999999999997
11,139,101,96.32,4.680000000000007,4.680000000000007
11,140,100,96.15,3.8499999999999943,3.8499999999999943
11,141,99,100.38,-1.3799999999999955,1.3799999999999955
11,142,98,96.16,1.8400000000000034,1.8400000000000034
11,143,97,97.83,-0.8299999999999983,0.8299999999999983
11,144,96,101.92,-5.920000000000002,5.920000000000002
11,145,95,98.95,-3.950000000000003,3.950000000000003
11,146,94,101.38,-7.3799999999999955,7.3799999999999955
11,147,93,91.4,1.5999999999999943,1.5999999999999943
11,148,92,88.16,3.8400000000000034,3.8400000000000034
11,149,91,83.95,7.049999999999997,7.049999999999997
11,150,90,84.88,5.1200000000000045,5.1200000000000045
11,151,89,90.07,-1.0699999999999932,1.0699999999999932
11,152,88,91.11,-3.1099999999999994,3.1099999999999994
11,153,87,94.86,-7.859999999999999,7.859999999999999
11,154,86,93.64,-7.640000000000001,7.640000000000001
11,155,85,85.31,-0.3100000000000023,0.3100000000000023
11,156,84,92.21,-8.209999999999994,8.209999999999994
11,157,83,92.57,-9.569999999999993,9.569999999999993
11,158,82,98.23,-16.230000000000004,16.230000000000004
11,159,81,95.4,-14.400000000000006,14.400000000000006
11,160,80,91.29,-11.290000000000006,11.290000000000006
11,161,79,97.07,-18.069999999999993,18.069999999999993
11,162,78,96.36,-18.36,18.36
11,163,77,102.54,-25.540000000000006,25.540000000000006
11,164,76,98.72,-22.72,22.72
11,165,75,103.38,-28.379999999999995,28.379999999999995
11,166,74,94.73,-20.730000000000004,20.730000000000004
11,167,73,89.22,-16.22,16.22
11,168,72,83.95,-11.950000000000003,11.950000000000003
11,169,71,81.76,-10.760000000000005,10.760000000000005
11,170,70,86.09,-16.090000000000003,16.090000000000003
11,171,69,85.59,-16.590000000000003,16.590000000000003
11,172,68,75.36,-7.359999999999999,7.359999999999999
11,173,67,90.46,-23.459999999999994,23.459999999999994
11,174,66,90.18,-24.180000000000007,24.180000000000007
11,175,65,82.39,-17.39,17.39
11,176,64,88.36,-24.36,24.36
11,177,63,75.09,-12.090000000000003,12.090000000000003
11,178,62,72.1,-10.099999999999994,10.099999999999994
11,179,61,71.1,-10.099999999999994,10.099999999999994
11,180,60,73.94,-13.939999999999998,13.939999999999998
11,181,59,67.74,-8.739999999999995,8.739999999999995
11,182,58,70.51,-12.510000000000005,12.510000000000005
11,183,57,67.36,-10.36,10.36
11,184,56,69.97,-13.969999999999999,13.969999999999999
11,185,55,68.47,-13.469999999999999,13.469999999999999
11,186,54,67.78,-13.780000000000001,13.780000000000001
11,187,53,63.78,-10.780000000000001,10.780000000000001
11,188,52,55.15,-3.1499999999999986,3.1499999999999986
11,189,51,62.46,-11.46,11.46
11,190,50,62.01,-12.009999999999998,12.009999999999998
11,191,49,63.3,-14.299999999999997,14.299999999999997
11,192,48,61.9,-13.899999999999999,13.899999999999999
11,193,47,65.64,-18.64,18.64
11,194,46,47.3,-1.2999999999999972,1.2999999999999972
11,195,45,44.58,0.4200000000000017,0.4200000000000017
11,196,44,40.99,3.009999999999998,3.009999999999998
11,197,43,40.34,2.6599999999999966,2.6599999999999966
11,198,42,39.23,2.770000000000003,2.770000000000003
11,199,41,56.49,-15.490000000000002,15.490000000000002
11,200,40,50.76,-10.759999999999998,10.759999999999998
11,201,39,55.23,-16.229999999999997,16.229999999999997
11,202,38,42.31,-4.310000000000002,4.310000000000002
11,203,37,37.52,-0.5200000000000031,0.5200000000000031
11,204,36,38.0,-2.0,2.0
11,205,35,42.01,-7.009999999999998,7.009999999999998
11,206,34,33.4,0.6000000000000014,0.6000000000000014
11,207,33,42.85,-9.850000000000001,9.850000000000001
11,208,32,42.75,-10.75,10.75
11,209,31,40.27,-9.270000000000003,9.270000000000003
11,210,30,31.92,-1.9200000000000017,1.9200000000000017
11,211,29,32.98,-3.979999999999997,3.979999999999997
11,212,28,30.78,-2.780000000000001,2.780000000000001
11,213,27,30.61,-3.6099999999999994,3.6099999999999994
11,214,26,29.14,-3.1400000000000006,3.1400000000000006
11,215,25,30.3,-5.300000000000001,5.300000000000001
11,216,24,29.71,-5.710000000000001,5.710000000000001
11,217,23,32.22,-9.219999999999999,9.219999999999999
11,218,22,29.87,-7.870000000000001,7.870000000000001
11,219,21,30.31,-9.309999999999999,9.309999999999999
11,220,20,29.46,-9.46,9.46
11,221,19,25.93,-6.93,6.93
11,222,18,19.08,-1.0799999999999983,1.0799999999999983
11,223,17,17.44,-0.4400000000000013,0.4400000000000013
11,224,16,17.61,-1.6099999999999994,1.6099999999999994
11,225,15,16.18,-1.1799999999999997,1.1799999999999997
11,226,14,14.15,-0.15000000000000036,0.15000000000000036
11,227,13,13.45,-0.4499999999999993,0.4499999999999993
11,228,12,11.77,0.23000000000000043,0.23000000000000043
11,229,11,10.64,0.35999999999999943,0.35999999999999943
11,230,10,10.33,-0.33000000000000007,0.33000000000000007
11,231,9,10.9,-1.9000000000000004,1.9000000000000004
11,232,8,13.25,-5.25,5.25
11,233,7,10.06,-3.0600000000000005,3.0600000000000005
11,234,6,9.26,-3.26,3.26
11,235,5,10.05,-5.050000000000001,5.050000000000001
11,236,4,9.51,-5.51,5.51
11,237,3,7.87,-4.87,4.87
11,238,2,5.98,-3.9800000000000004,3.9800000000000004
11,239,1,6.05,-5.05,5.05
11,240,0,4.59,-4.59,4.59
13,5,125,123.44,1.5600000000000023,1.5600000000000023
13,6,125,123.72,1.2800000000000011,1.2800000000000011
13,7,125,125.0,0.0,0.0
13,8,125,124.83,0.1700000000000017,0.1700000000000017
13,9,125,123.28,1.7199999999999989,1.7199999999999989
13,10,125,125.0,0.0,0.0
13,11,125,124.39,0.6099999999999994,0.6099999999999994
13,12,125,124.77,0.23000000000000398,0.23000000000000398
13,13,125,123.12,1.8799999999999955,1.8799999999999955
13,14,125,124.03,0.9699999999999989,0.9699999999999989
13,15,125,123.55,1.4500000000000028,1.4500000000000028
13,16,125,123.88,1.1200000000000045,1.1200000000000045
13,17,125,124.95,0.04999999999999716,0.04999999999999716
13,18,125,124.97,0.030000000000001137,0.030000000000001137
13,19,125,124.97,0.030000000000001137,0.030000000000001137
13,20,125,122.33,2.6700000000000017,2.6700000000000017
13,21,125,124.98,0.01999999999999602,0.01999999999999602
13,22,125,124.94,0.060000000000002274,0.060000000000002274
13,23,125,124.71,0.29000000000000625,0.29000000000000625
13,24,125,124.79,0.20999999999999375,0.20999999999999375
13,25,125,124.52,0.480000000000004,0.480000000000004
13,26,125,125.0,0.0,0.0
13,27,125,124.87,0.12999999999999545,0.12999999999999545
13,28,125,124.92,0.0799999999999983,0.0799999999999983
13,29,125,124.64,0.35999999999999943,0.35999999999999943
13,30,125,124.75,0.25,0.25
13,31,125,124.47,0.5300000000000011,0.5300000000000011
13,32,125,124.1,0.9000000000000057,0.9000000000000057
13,33,125,123.95,1.0499999999999972,1.0499999999999972
13,34,125,124.26,0.7399999999999949,0.7399999999999949
13,35,125,122.4,2.5999999999999943,2.5999999999999943
13,36,125,122.31,2.6899999999999977,2.6899999999999977
13,37,125,124.89,0.10999999999999943,0.10999999999999943
13,38,125,124.51,0.4899999999999949,0.4899999999999949
13,39,124,124.21,-0.20999999999999375,0.20999999999999375
13,40,123,113.79,9.209999999999994,9.209999999999994
13,41,122,115.84,6.159999999999997,6.159999999999997
13,42,121,116.45,4.549999999999997,4.549999999999997
13,43,120,124.55,-4.549999999999997,4.549999999999997
13,44,119,123.47,-4.469999999999999,4.469999999999999
13,45,118,121.69,-3.6899999999999977,3.6899999999999977
13,46,117,121.39,-4.390000000000001,4.390000000000001
13,47,116,123.23,-7.230000000000004,7.230000000000004
13,48,115,123.3,-8.299999999999997,8.299999999999997
13,49,114,120.42,-6.420000000000002,6.420000000000002
13,50,113,122.77,-9.769999999999996,9.769999999999996
13,51,112,121.43,-9.430000000000007,9.430000000000007
13,52,111,114.62,-3.6200000000000045,3.6200000000000045
13,53,110,121.96,-11.959999999999994,11.959999999999994
13,54,109,121.86,-12.86,12.86
13,55,108,123.33,-15.329999999999998,15.329999999999998
13,56,107,115.74,-8.739999999999995,8.739999999999995
13,57,106,114.37,-8.370000000000005,8.370000000000005
13,58,105,117.84,-12.840000000000003,12.840000000000003
13,59,104,121.77,-17.769999999999996,17.769999999999996
13,60,103,112.72,-9.719999999999999,9.719999999999999
13,61,102,116.5,-14.5,14.5
13,62,101,118.1,-17.099999999999994,17.099999999999994
13,63,100,104.27,-4.269999999999996,4.269999999999996
13,64,99,114.5,-15.5,15.5
13,65,98,111.72,-13.719999999999999,13.719999999999999
13,66,97,112.56,-15.560000000000002,15.560000000000002
13,67,96,114.77,-18.769999999999996,18.769999999999996
13,68,95,112.64,-17.64,17.64
13,69,94,113.13,-19.129999999999995,19.129999999999995
13,70,93,108.51,-15.510000000000005,15.510000000000005
13,71,92,112.46,-20.459999999999994,20.459999999999994
13,72,91,113.74,-22.739999999999995,22.739999999999995
13,73,90,110.56,-20.560000000000002,20.560000000000002
13,74,89,108.94,-19.939999999999998,19.939999999999998
13,75,88,109.3,-21.299999999999997,21.299999999999997
13,76,87,111.31,-24.310000000000002,24.310000000000002
13,77,86,106.8,-20.799999999999997,20.799999999999997
13,78,85,105.14,-20.14,20.14
13,79,84,101.42,-17.42,17.42
13,80,83,99.13,-16.129999999999995,16.129999999999995
13,81,82,92.82,-10.819999999999993,10.819999999999993
13,82,81,95.55,-14.549999999999997,14.549999999999997
13,83,80,93.39,-13.39,13.39
13,84,79,95.61,-16.61,16.61
13,85,78,101.9,-23.900000000000006,23.900000000000006
13,86,77,99.85,-22.849999999999994,22.849999999999994
13,87,76,94.0,-18.0,18.0
13,88,75,94.89,-19.89,19.89
13,89,74,92.36,-18.36,18.36
13,90,73,94.92,-21.92,21.92
13,91,72,85.47,-13.469999999999999,13.469999999999999
13,92,71,87.56,-16.560000000000002,16.560000000000002
13,93,70,84.95,-14.950000000000003,14.950000000000003
13,94,69,82.55,-13.549999999999997,13.549999999999997
13,95,68,87.49,-19.489999999999995,19.489999999999995
13,96,67,83.77,-16.769999999999996,16.769999999999996
13,97,66,83.96,-17.959999999999994,17.959999999999994
13,98,65,71.49,-6.489999999999995,6.489999999999995
13,99,64,72.13,-8.129999999999995,8.129999999999995
13,100,63,74.95,-11.950000000000003,11.950000000000003
13,101,62,74.88,-12.879999999999995,12.879999999999995
13,102,61,82.02,-21.019999999999996,21.019999999999996
13,103,60,80.7,-20.700000000000003,20.700000000000003
13,104,59,74.28,-15.280000000000001,15.280000000000001
13,105,58,68.01,-10.010000000000005,10.010000000000005
13,106,57,67.85,-10.849999999999994,10.849999999999994
13,107,56,60.71,-4.710000000000001,4.710000000000001
13,108,55,60.91,-5.909999999999997,5.909999999999997
13,109,54,57.08,-3.0799999999999983,3.0799999999999983
13,110,53,55.31,-2.3100000000000023,2.3100000000000023
13,111,52,56.03,-4.030000000000001,4.030000000000001
13,112,51,52.79,-1.7899999999999991,1.7899999999999991
13,113,50,52.85,-2.8500000000000014,2.8500000000000014
13,114,49,55.01,-6.009999999999998,6.009999999999998
13,115,48,53.36,-5.359999999999999,5.359999999999999
13,116,47,50.37,-3.3699999999999974,3.3699999999999974
13,117,46,49.89,-3.8900000000000006,3.8900000000000006
13,118,45,50.39,-5.390000000000001,5.390000000000001
13,119,44,49.48,-5.479999999999997,5.479999999999997
13,120,43,51.15,-8.149999999999999,8.149999999999999
13,121,42,51.42,-9.420000000000002,9.420000000000002
13,122,41,48.74,-7.740000000000002,7.740000000000002
13,123,40,46.64,-6.640000000000001,6.640000000000001
13,124,39,44.38,-5.380000000000003,5.380000000000003
13,125,38,44.59,-6.590000000000003,6.590000000000003
13,126,37,42.5,-5.5,5.5
13,127,36,42.05,-6.049999999999997,6.049999999999997
13,128,35,43.42,-8.420000000000002,8.420000000000002
13,129,34,41.75,-7.75,7.75
13,130,33,40.68,-7.68,7.68
13,131,32,36.74,-4.740000000000002,4.740000000000002
13,132,31,34.58,-3.5799999999999983,3.5799999999999983
13,133,30,34.13,-4.130000000000003,4.130000000000003
13,134,29,28.07,0.9299999999999997,0.9299999999999997
13,135,28,28.75,-0.75,0.75
13,136,27,26.39,0.6099999999999994,0.6099999999999994
13,137,26,28.98,-2.9800000000000004,2.9800000000000004
13,138,25,28.76,-3.7600000000000016,3.7600000000000016
13,139,24,30.77,-6.77,6.77
13,140,23,26.69,-3.6900000000000013,3.6900000000000013
13,141,22,26.51,-4.510000000000002,4.510000000000002
13,142,21,25.8,-4.800000000000001,4.800000000000001
13,143,20,23.21,-3.210000000000001,3.210000000000001
13,144,19,25.46,-6.460000000000001,6.460000000000001
13,145,18,26.86,-8.86,8.86
13,146,17,23.05,-6.050000000000001,6.050000000000001
13,147,16,21.35,-5.350000000000001,5.350000000000001
13,148,15,19.99,-4.989999999999998,4.989999999999998
13,149,14,14.79,-0.7899999999999991,0.7899999999999991
13,150,13,13.61,-0.6099999999999994,0.6099999999999994
13,151,12,12.68,-0.6799999999999997,0.6799999999999997
13,152,11,14.26,-3.26,3.26
13,153,10,12.21,-2.210000000000001,2.210000000000001
13,154,9,12.52,-3.5199999999999996,3.5199999999999996
13,155,8,10.37,-2.369999999999999,2.369999999999999
13,156,7,10.74,-3.74,3.74
13,157,6,10.11,-4.109999999999999,4.109999999999999
13,158,5,8.38,-3.380000000000001,3.380000000000001
13,159,4,5.37,-1.37,1.37
13,160,3,4.7,-1.7000000000000002,1.7000000000000002
13,161,2,1.26,0.74,0.74
13,162,1,1.08,-0.08000000000000007,0.08000000000000007
13,163,0,1.14,-1.14,1.14
19,5,125,124.63,0.37000000000000455,0.37000000000000455
19,6,125,123.83,1.1700000000000017,1.1700000000000017
19,7,125,124.74,0.2600000000000051,0.2600000000000051
19,8,125,124.41,0.5900000000000034,0.5900000000000034
19,9,125,124.69,0.3100000000000023,0.3100000000000023
19,10,125,124.88,0.12000000000000455,0.12000000000000455
19,11,125,124.7,0.29999999999999716,0.29999999999999716
19,12,125,124.84,0.1599999999999966,0.1599999999999966
19,13,125,122.79,2.2099999999999937,2.2099999999999937
19,14,125,124.31,0.6899999999999977,0.6899999999999977
19,15,125,123.64,1.3599999999999994,1.3599999999999994
19,16,125,123.61,1.3900000000000006,1.3900000000000006
19,17,125,124.51,0.4899999999999949,0.4899999999999949
19,18,125,123.71,1.2900000000000063,1.2900000000000063
19,19,125,123.24,1.7600000000000051,1.7600000000000051
19,20,125,124.8,0.20000000000000284,0.20000000000000284
19,21,125,124.67,0.3299999999999983,0.3299999999999983
19,22,125,123.68,1.3199999999999932,1.3199999999999932
19,23,125,122.3,2.700000000000003,2.700000000000003
19,24,125,122.07,2.930000000000007,2.930000000000007
19,25,125,122.51,2.489999999999995,2.489999999999995
19,26,125,123.58,1.4200000000000017,1.4200000000000017
19,27,125,122.02,2.980000000000004,2.980000000000004
19,28,125,124.1,0.9000000000000057,0.9000000000000057
19,29,125,123.02,1.980000000000004,1.980000000000004
19,30,125,121.64,3.3599999999999994,3.3599999999999994
19,31,125,124.06,0.9399999999999977,0.9399999999999977
19,32,125,118.51,6.489999999999995,6.489999999999995
19,33,125,120.73,4.269999999999996,4.269999999999996
19,34,124,122.54,1.4599999999999937,1.4599999999999937
19,35,123,110.99,12.010000000000005,12.010000000000005
19,36,122,117.24,4.760000000000005,4.760000000000005
19,37,121,120.52,0.480000000000004,0.480000000000004
19,38,120,121.33,-1.3299999999999983,1.3299999999999983
19,39,119,121.5,-2.5,2.5
19,40,118,122.44,-4.439999999999998,4.439999999999998
19,41,117,124.06,-7.060000000000002,7.060000000000002
19,42,116,124.27,-8.269999999999996,8.269999999999996
19,43,115,122.22,-7.219999999999999,7.219999999999999
19,44,114,123.34,-9.340000000000003,9.340000000000003
19,45,113,119.62,-6.6200000000000045,6.6200000000000045
19,46,112,121.19,-9.189999999999998,9.189999999999998
19,47,111,120.9,-9.900000000000006,9.900000000000006
19,48,110,120.62,-10.620000000000005,10.620000000000005
19,49,109,113.5,-4.5,4.5
19,50,108,115.87,-7.8700000000000045,7.8700000000000045
19,51,107,119.22,-12.219999999999999,12.219999999999999
19,52,106,105.83,0.1700000000000017,0.1700000000000017
19,53,105,97.58,7.420000000000002,7.420000000000002
19,54,104,94.52,9.480000000000004,9.480000000000004
19,55,103,102.16,0.8400000000000034,0.8400000000000034
19,56,102,108.13,-6.1299999999999955,6.1299999999999955
19,57,101,113.91,-12.909999999999997,12.909999999999997
19,58,100,115.79,-15.790000000000006,15.790000000000006
19,59,99,118.42,-19.42,19.42
19,60,98,116.24,-18.239999999999995,18.239999999999995
19,61,97,111.97,-14.969999999999999,14.969999999999999
19,62,96,109.64,-13.64,13.64
19,63,95,113.4,-18.400000000000006,18.400000000000006
19,64,94,111.56,-17.560000000000002,17.560000000000002
19,65,93,109.83,-16.83,16.83
19,66,92,101.99,-9.989999999999995,9.989999999999995
19,67,91,103.82,-12.819999999999993,12.819999999999993
19,68,90,107.02,-17.019999999999996,17.019999999999996
19,69,89,100.8,-11.799999999999997,11.799999999999997
19,70,88,110.14,-22.14,22.14
19,71,87,115.58,-28.58,28.58
19,72,86,112.41,-26.409999999999997,26.409999999999997
19,73,85,109.53,-24.53,24.53
19,74,84,113.77,-29.769999999999996,29.769999999999996
19,75,83,109.06,-26.060000000000002,26.060000000000002
19,76,82,111.11,-29.11,29.11
19,77,81,107.54,-26.540000000000006,26.540000000000006
19,78,80,110.14,-30.14,30.14
19,79,79,111.26,-32.260000000000005,32.260000000000005
19,80,78,106.53,-28.53,28.53
19,81,77,84.6,-7.599999999999994,7.599999999999994
19,82,76,101.28,-25.28,25.28
19,83,75,99.43,-24.430000000000007,24.430000000000007
19,84,74,77.52,-3.519999999999996,3.519999999999996
19,85,73,97.57,-24.569999999999993,24.569999999999993
19,86,72,102.22,-30.22,30.22
19,87,71,104.69,-33.69,33.69
19,88,70,70.57,-0.5699999999999932,0.5699999999999932
19,89,69,61.08,7.920000000000002,7.920000000000002
19,90,68,83.86,-15.86,15.86
19,91,67,82.87,-15.870000000000005,15.870000000000005
19,92,66,75.97,-9.969999999999999,9.969999999999999
19,93,65,75.99,-10.989999999999995,10.989999999999995
19,94,64,73.33,-9.329999999999998,9.329999999999998
19,95,63,54.78,8.219999999999999,8.219999999999999
19,96,62,52.92,9.079999999999998,9.079999999999998
19,97,61,50.82,10.18,10.18
19,98,60,57.05,2.950000000000003,2.950000000000003
19,99,59,60.99,-1.990000000000002,1.990000000000002
19,100,58,61.71,-3.710000000000001,3.710000000000001
19,101,57,65.94,-8.939999999999998,8.939999999999998
19,102,56,52.15,3.8500000000000014,3.8500000000000014
19,103,55,70.42,-15.420000000000002,15.420000000000002
19,104,54,59.64,-5.640000000000001,5.640000000000001
19,105,53,63.79,-10.79,10.79
19,106,52,60.84,-8.840000000000003,8.840000000000003
19,107,51,61.67,-10.670000000000002,10.670000000000002
19,108,50,54.04,-4.039999999999999,4.039999999999999
19,109,49,51.82,-2.8200000000000003,2.8200000000000003
19,110,48,48.51,-0.509999999999998,0.509999999999998
19,111,47,45.42,1.5799999999999983,1.5799999999999983
19,112,46,44.49,1.509999999999998,1.509999999999998
19,113,45,47.66,-2.6599999999999966,2.6599999999999966
19,114,44,40.25,3.75,3.75
19,115,43,40.13,2.8699999999999974,2.8699999999999974
19,116,42,47.51,-5.509999999999998,5.509999999999998
19,117,41,51.86,-10.86,10.86
19,118,40,38.33,1.6700000000000017,1.6700000000000017
19,119,39,46.32,-7.32,7.32
19,120,38,41.59,-3.5900000000000034,3.5900000000000034
19,121,37,38.42,-1.4200000000000017,1.4200000000000017
19,122,36,29.92,6.079999999999998,6.079999999999998
19,123,35,30.28,4.719999999999999,4.719999999999999
19,124,34,24.59,9.41,9.41
19,125,33,23.57,9.43,9.43
19,126,32,24.02,7.98,7.98
19,127,31,25.31,5.690000000000001,5.690000000000001
19,128,30,20.33,9.670000000000002,9.670000000000002
19,129,29,21.38,7.620000000000001,7.620000000000001
19,130,28,23.1,4.899999999999999,4.899999999999999
19,131,27,22.23,4.77,4.77
19,132,26,19.44,6.559999999999999,6.559999999999999
19,133,25,19.96,5.039999999999999,5.039999999999999
19,134,24,18.51,5.489999999999998,5.489999999999998
19,135,23,18.89,4.109999999999999,4.109999999999999
19,136,22,20.15,1.8500000000000014,1.8500000000000014
19,137,21,21.18,-0.17999999999999972,0.17999999999999972
19,138,20,16.86,3.1400000000000006,3.1400000000000006
19,139,19,16.72,2.280000000000001,2.280000000000001
19,140,18,14.72,3.2799999999999994,3.2799999999999994
19,141,17,13.38,3.619999999999999,3.619999999999999
19,142,16,13.43,2.5700000000000003,2.5700000000000003
19,143,15,12.33,2.67,2.67
19,144,14,14.08,-0.08000000000000007,0.08000000000000007
19,145,13,14.99,-1.9900000000000002,1.9900000000000002
19,146,12,10.5,1.5,1.5
19,147,11,9.49,1.5099999999999998,1.5099999999999998
19,148,10,9.98,0.019999999999999574,0.019999999999999574
19,149,9,8.91,0.08999999999999986,0.08999999999999986
19,150,8,8.38,-0.3800000000000008,0.3800000000000008
19,151,7,6.67,0.33000000000000007,0.33000000000000007
19,152,6,2.82,3.18,3.18
19,153,5,2.6,2.4,2.4
19,154,4,2.73,1.27,1.27
19,155,3,2.0,1.0,1.0
19,156,2,1.37,0.6299999999999999,0.6299999999999999
19,157,1,2.75,-1.75,1.75
19,158,0,0.9,-0.9,0.9
23,5,125,123.13,1.8700000000000045,1.8700000000000045
23,6,125,124.96,0.04000000000000625,0.04000000000000625
23,7,125,124.48,0.519999999999996,0.519999999999996
23,8,125,124.92,0.0799999999999983,0.0799999999999983
23,9,125,124.9,0.09999999999999432,0.09999999999999432
23,10,125,124.9,0.09999999999999432,0.09999999999999432
23,11,125,124.04,0.9599999999999937,0.9599999999999937
23,12,125,123.91,1.0900000000000034,1.0900000000000034
23,13,125,124.64,0.35999999999999943,0.35999999999999943
23,14,125,125.0,0.0,0.0
23,15,125,124.74,0.2600000000000051,0.2600000000000051
23,16,125,124.48,0.519999999999996,0.519999999999996
23,17,125,124.63,0.37000000000000455,0.37000000000000455
23,18,125,124.94,0.060000000000002274,0.060000000000002274
23,19,125,125.0,0.0,0.0
23,20,125,124.8,0.20000000000000284,0.20000000000000284
23,21,125,124.76,0.23999999999999488,0.23999999999999488
23,22,125,124.0,1.0,1.0
23,23,125,124.95,0.04999999999999716,0.04999999999999716
23,24,125,124.71,0.29000000000000625,0.29000000000000625
23,25,125,124.43,0.5699999999999932,0.5699999999999932
23,26,125,124.8,0.20000000000000284,0.20000000000000284
23,27,125,124.77,0.23000000000000398,0.23000000000000398
23,28,125,121.36,3.6400000000000006,3.6400000000000006
23,29,125,121.92,3.0799999999999983,3.0799999999999983
23,30,125,124.53,0.46999999999999886,0.46999999999999886
23,31,125,124.6,0.4000000000000057,0.4000000000000057
23,32,125,124.68,0.3199999999999932,0.3199999999999932
23,33,125,122.49,2.510000000000005,2.510000000000005
23,34,125,124.95,0.04999999999999716,0.04999999999999716
23,35,125,123.94,1.0600000000000023,1.0600000000000023
23,36,125,122.72,2.280000000000001,2.280000000000001
23,37,125,122.57,2.430000000000007,2.430000000000007
23,38,125,112.8,12.200000000000003,12.200000000000003
23,39,125,117.42,7.579999999999998,7.579999999999998
23,40,125,120.29,4.709999999999994,4.709999999999994
23,41,125,120.23,4.769999999999996,4.769999999999996
23,42,125,123.86,1.1400000000000006,1.1400000000000006
23,43,125,122.44,2.5600000000000023,2.5600000000000023
23,44,124,121.77,2.230000000000004,2.230000000000004
23,45,123,119.17,3.8299999999999983,3.8299999999999983
23,46,122,120.53,1.4699999999999989,1.4699999999999989
23,47,121,121.39,-0.39000000000000057,0.39000000000000057
23,48,120,121.69,-1.6899999999999977,1.6899999999999977
23,49,119,120.82,-1.8199999999999932,1.8199999999999932
23,50,118,123.3,-5.299999999999997,5.299999999999997
23,51,117,124.35,-7.349999999999994,7.349999999999994
23,52,116,123.73,-7.730000000000004,7.730000000000004
23,53,115,121.76,-6.760000000000005,6.760000000000005
23,54,114,119.71,-5.709999999999994,5.709999999999994
23,55,113,122.15,-9.150000000000006,9.150000000000006
23,56,112,113.01,-1.0100000000000051,1.0100000000000051
23,57,111,94.71,16.290000000000006,16.290000000000006
23,58,110,115.57,-5.569999999999993,5.569999999999993
23,59,109,120.69,-11.689999999999998,11.689999999999998
23,60,108,121.18,-13.180000000000007,13.180000000000007
23,61,107,119.23,-12.230000000000004,12.230000000000004
23,62,106,119.03,-13.030000000000001,13.030000000000001
23,63,105,116.25,-11.25,11.25
23,64,104,120.41,-16.409999999999997,16.409999999999997
23,65,103,120.38,-17.379999999999995,17.379999999999995
23,66,102,117.4,-15.400000000000006,15.400000000000006
23,67,101,120.68,-19.680000000000007,19.680000000000007
23,68,100,119.65,-19.650000000000006,19.650000000000006
23,69,99,118.48,-19.480000000000004,19.480000000000004
23,70,98,121.37,-23.370000000000005,23.370000000000005
23,71,97,120.83,-23.83,23.83
23,72,96,116.11,-20.11,20.11
23,73,95,118.42,-23.42,23.42
23,74,94,113.83,-19.83,19.83
23,75,93,120.63,-27.629999999999995,27.629999999999995
23,76,92,118.96,-26.959999999999994,26.959999999999994
23,77,91,115.79,-24.790000000000006,24.790000000000006
23,78,90,113.86,-23.86,23.86
23,79,89,118.29,-29.290000000000006,29.290000000000006
23,80,88,113.55,-25.549999999999997,25.549999999999997
23,81,87,113.73,-26.730000000000004,26.730000000000004
23,82,86,116.83,-30.83,30.83
23,83,85,119.64,-34.64,34.64
23,84,84,117.64,-33.64,33.64
23,85,83,97.62,-14.620000000000005,14.620000000000005
23,86,82,111.89,-29.89,29.89
23,87,81,114.08,-33.08,33.08
23,88,80,110.97,-30.97,30.97
23,89,79,105.39,-26.39,26.39
23,90,78,106.26,-28.260000000000005,28.260000000000005
23,91,77,103.92,-26.92,26.92
23,92,76,98.83,-22.83,22.83
23,93,75,99.73,-24.730000000000004,24.730000000000004
23,94,74,99.64,-25.64,25.64
23,95,73,100.6,-27.599999999999994,27.599999999999994
23,96,72,102.27,-30.269999999999996,30.269999999999996
23,97,71,104.09,-33.09,33.09
23,98,70,103.81,-33.81,33.81
23,99,69,92.48,-23.480000000000004,23.480000000000004
23,100,68,91.87,-23.870000000000005,23.870000000000005
23,101,67,96.94,-29.939999999999998,29.939999999999998
23,102,66,81.23,-15.230000000000004,15.230000000000004
23,103,65,79.34,-14.340000000000003,14.340000000000003
23,104,64,63.62,0.38000000000000256,0.38000000000000256
23,105,63,77.53,-14.530000000000001,14.530000000000001
23,106,62,75.06,-13.060000000000002,13.060000000000002
23,107,61,67.94,-6.939999999999998,6.939999999999998
23,108,60,78.14,-18.14,18.14
23,109,59,80.01,-21.010000000000005,21.010000000000005
23,110,58,76.48,-18.480000000000004,18.480000000000004
23,111,57,64.94,-7.939999999999998,7.939999999999998
23,112,56,67.02,-11.019999999999996,11.019999999999996
23,113,55,62.13,-7.130000000000003,7.130000000000003
23,114,54,59.09,-5.090000000000003,5.090000000000003
23,115,53,60.84,-7.840000000000003,7.840000000000003
23,116,52,52.55,-0.5499999999999972,0.5499999999999972
23,117,51,50.91,0.09000000000000341,0.09000000000000341
23,118,50,57.33,-7.329999999999998,7.329999999999998
23,119,49,45.69,3.3100000000000023,3.3100000000000023
23,120,48,48.23,-0.22999999999999687,0.22999999999999687
23,121,47,55.57,-8.57,8.57
23,122,46,57.14,-11.14,11.14
23,123,45,52.1,-7.100000000000001,7.100000000000001
23,124,44,53.94,-9.939999999999998,9.939999999999998
23,125,43,59.18,-16.18,16.18
23,126,42,53.19,-11.189999999999998,11.189999999999998
23,127,41,52.37,-11.369999999999997,11.369999999999997
23,128,40,48.43,-8.43,8.43
23,129,39,40.56,-1.5600000000000023,1.5600000000000023
23,130,38,42.87,-4.869999999999997,4.869999999999997
23,131,37,40.17,-3.1700000000000017,3.1700000000000017
23,132,36,37.43,-1.4299999999999997,1.4299999999999997
23,133,35,30.75,4.25,4.25
23,134,34,31.13,2.870000000000001,2.870000000000001
23,135,33,27.34,5.66,5.66
23,136,32,28.35,3.6499999999999986,3.6499999999999986
23,137,31,39.83,-8.829999999999998,8.829999999999998
23,138,30,38.76,-8.759999999999998,8.759999999999998
23,139,29,34.28,-5.280000000000001,5.280000000000001
23,140,28,37.92,-9.920000000000002,9.920000000000002
23,141,27,38.03,-11.030000000000001,11.030000000000001
23,142,26,27.13,-1.129999999999999,1.129999999999999
23,143,25,27.45,-2.4499999999999993,2.4499999999999993
23,144,24,28.49,-4.489999999999998,4.489999999999998
23,145,23,20.9,2.1000000000000014,2.1000000000000014
23,146,22,18.34,3.66,3.66
23,147,21,17.81,3.1900000000000013,3.1900000000000013
23,148,20,15.7,4.300000000000001,4.300000000000001
23,149,19,15.52,3.4800000000000004,3.4800000000000004
23,150,18,18.71,-0.7100000000000009,0.7100000000000009
23,151,17,18.05,-1.0500000000000007,1.0500000000000007
23,152,16,14.59,1.4100000000000001,1.4100000000000001
23,153,15,16.25,-1.25,1.25
23,154,14,13.53,0.47000000000000064,0.47000000000000064
23,155,13,14.41,-1.4100000000000001,1.4100000000000001
23,156,12,15.04,-3.039999999999999,3.039999999999999
23,157,11,14.15,-3.1500000000000004,3.1500000000000004
23,158,10,10.2,-0.1999999999999993,0.1999999999999993
23,159,9,7.15,1.8499999999999996,1.8499999999999996
23,160,8,6.86,1.1399999999999997,1.1399999999999997
23,161,7,5.22,1.7800000000000002,1.7800000000000002
23,162,6,5.67,0.33000000000000007,0.33000000000000007
23,163,5,5.17,-0.16999999999999993,0.16999999999999993
23,164,4,5.47,-1.4699999999999998,1.4699999999999998
23,165,3,5.54,-2.54,2.54
23,166,2,5.26,-3.26,3.26
23,167,1,2.91,-1.9100000000000001,1.9100000000000001
23,168,0,2.22,-2.22,2.22
31,5,125,125.0,0.0,0.0
31,6,125,125.0,0.0,0.0
31,7,125,125.0,0.0,0.0
31,8,125,125.0,0.0,0.0
31,9,125,124.97,0.030000000000001137,0.030000000000001137
31,10,125,124.95,0.04999999999999716,0.04999999999999716
31,11,125,124.77,0.23000000000000398,0.23000000000000398
31,12,125,125.0,0.0,0.0
31,13,125,124.69,0.3100000000000023,0.3100000000000023
31,14,125,124.49,0.5100000000000051,0.5100000000000051
31,15,125,125.0,0.0,0.0
31,16,125,125.0,0.0,0.0
31,17,125,125.0,0.0,0.0
31,18,125,125.0,0.0,0.0
31,19,125,122.98,2.019999999999996,2.019999999999996
31,20,125,124.86,0.14000000000000057,0.14000000000000057
31,21,125,123.63,1.3700000000000045,1.3700000000000045
31,22,125,123.04,1.9599999999999937,1.9599999999999937
31,23,125,123.82,1.1800000000000068,1.1800000000000068
31,24,125,124.14,0.8599999999999994,0.8599999999999994
31,25,125,124.45,0.5499999999999972,0.5499999999999972
31,26,125,124.74,0.2600000000000051,0.2600000000000051
31,27,125,124.6,0.4000000000000057,0.4000000000000057
31,28,125,124.71,0.29000000000000625,0.29000000000000625
31,29,125,124.12,0.8799999999999955,0.8799999999999955
31,30,125,124.74,0.2600000000000051,0.2600000000000051
31,31,125,124.46,0.5400000000000063,0.5400000000000063
31,32,125,123.87,1.1299999999999955,1.1299999999999955
31,33,125,123.96,1.0400000000000063,1.0400000000000063
31,34,125,124.18,0.8199999999999932,0.8199999999999932
31,35,125,124.22,0.7800000000000011,0.7800000000000011
31,36,125,123.54,1.4599999999999937,1.4599999999999937
31,37,125,123.37,1.6299999999999955,1.6299999999999955
31,38,125,124.33,0.6700000000000017,0.6700000000000017
31,39,125,125.0,0.0,0.0
31,40,125,124.84,0.1599999999999966,0.1599999999999966
31,41,125,124.6,0.4000000000000057,0.4000000000000057
31,42,125,123.35,1.6500000000000057,1.6500000000000057
31,43,125,123.59,1.4099999999999966,1.4099999999999966
31,44,125,122.89,2.1099999999999994,2.1099999999999994
31,45,125,121.32,3.680000000000007,3.680000000000007
31,46,125,122.19,2.8100000000000023,2.8100000000000023
31,47,125,120.95,4.049999999999997,4.049999999999997
31,48,125,121.46,3.5400000000000063,3.5400000000000063
31,49,125,122.66,2.3400000000000034,2.3400000000000034
31,50,125,122.8,2.200000000000003,2.200000000000003
31,51,125,119.97,5.030000000000001,5.030000000000001
31,52,125,119.78,5.219999999999999,5.219999999999999
31,53,125,119.01,5.989999999999995,5.989999999999995
31,54,125,118.4,6.599999999999994,6.599999999999994
31,55,125,122.62,2.3799999999999955,2.3799999999999955
31,56,125,124.63,0.37000000000000455,0.37000000000000455
31,57,125,121.18,3.819999999999993,3.819999999999993
31,58,125,120.6,4.400000000000006,4.400000000000006
31,59,125,119.64,5.359999999999999,5.359999999999999
31,60,125,111.59,13.409999999999997,13.409999999999997
31,61,125,113.97,11.030000000000001,11.030000000000001
31,62,125,117.74,7.260000000000005,7.260000000000005
31,63,125,120.85,4.150000000000006,4.150000000000006
31,64,125,121.75,3.25,3.25
31,65,125,123.23,1.769999999999996,1.769999999999996
31,66,125,120.78,4.219999999999999,4.219999999999999
31,67,125,118.6,6.400000000000006,6.400000000000006
31,68,125,119.35,5.650000000000006,5.650000000000006
31,69,125,116.6,8.400000000000006,8.400000000000006
31,70,125,120.45,4.549999999999997,4.549999999999997
31,71,125,121.79,3.2099999999999937,3.2099999999999937
31,72,125,123.95,1.0499999999999972,1.0499999999999972
31,73,125,123.86,1.1400000000000006,1.1400000000000006
31,74,125,120.77,4.230000000000004,4.230000000000004
31,75,125,113.28,11.719999999999999,11.719999999999999
31,76,125,120.62,4.3799999999999955,4.3799999999999955
31,77,125,118.97,6.030000000000001,6.030000000000001
31,78,125,117.72,7.280000000000001,7.280000000000001
31,79,125,120.78,4.219999999999999,4.219999999999999
31,80,125,118.12,6.8799999999999955,6.8799999999999955
31,81,125,120.15,4.849999999999994,4.849999999999994
31,82,125,119.51,5.489999999999995,5.489999999999995
31,83,125,120.69,4.310000000000002,4.310000000000002
31,84,125,115.86,9.14,9.14
31,85,125,117.5,7.5,7.5
31,86,125,117.48,7.519999999999996,7.519999999999996
31,87,125,114.84,10.159999999999997,10.159999999999997
31,88,125,117.17,7.829999999999998,7.829999999999998
31,89,125,117.47,7.530000000000001,7.530000000000001
31,90,125,118.32,6.680000000000007,6.680000000000007
31,91,125,113.99,11.010000000000005,11.010000000000005
31,92,125,111.89,13.11,13.11
31,93,125,117.03,7.969999999999999,7.969999999999999
31,94,125,116.57,8.430000000000007,8.430000000000007
31,95,125,110.99,14.010000000000005,14.010000000000005
31,96,125,108.2,16.799999999999997,16.799999999999997
31,97,125,112.54,12.459999999999994,12.459999999999994
31,98,125,111.26,13.739999999999995,13.739999999999995
31,99,125,120.66,4.340000000000003,4.340000000000003
31,100,125,111.61,13.39,13.39
31,101,125,117.33,7.670000000000002,7.670000000000002
31,102,125,113.85,11.150000000000006,11.150000000000006
31,103,125,109.41,15.590000000000003,15.590000000000003
31,104,125,107.95,17.049999999999997,17.049999999999997
31,105,125,110.68,14.319999999999993,14.319999999999993
31,106,125,112.0,13.0,13.0
31,107,125,112.95,12.049999999999997,12.049999999999997
31,108,125,118.91,6.090000000000003,6.090000000000003
31,109,125,118.31,6.689999999999998,6.689999999999998
31,110,124,116.96,7.040000000000006,7.040000000000006
31,111,123,111.24,11.760000000000005,11.760000000000005
31,112,122,109.29,12.709999999999994,12.709999999999994
31,113,121,115.01,5.989999999999995,5.989999999999995
31,114,120,109.8,10.200000000000003,10.200000000000003
31,115,119,111.95,7.049999999999997,7.049999999999997
31,116,118,115.77,2.230000000000004,2.230000000000004
31,117,117,108.79,8.209999999999994,8.209999999999994
31,118,116,110.46,5.540000000000006,5.540000000000006
31,119,115,109.01,5.989999999999995,5.989999999999995
31,120,114,111.34,2.6599999999999966,2.6599999999999966
31,121,113,104.37,8.629999999999995,8.629999999999995
31,122,112,109.64,2.3599999999999994,2.3599999999999994
31,123,111,105.2,5.799999999999997,5.799999999999997
31,124,110,105.19,4.810000000000002,4.810000000000002
31,125,109,104.57,4.430000000000007,4.430000000000007
31,126,108,104.72,3.280000000000001,3.280000000000001
31,127,107,108.11,-1.1099999999999994,1.1099999999999994
31,128,106,113.59,-7.590000000000003,7.590000000000003
31,129,105,108.05,-3.049999999999997,3.049999999999997
31,130,104,113.99,-9.989999999999995,9.989999999999995
31,131,103,110.02,-7.019999999999996,7.019999999999996
31,132,102,117.0,-15.0,15.0
31,133,101,116.05,-15.049999999999997,15.049999999999997
31,134,100,114.15,-14.150000000000006,14.150000000000006
31,135,99,116.45,-17.450000000000003,17.450000000000003
31,136,98,109.61,-11.61,11.61
31,137,97,104.26,-7.260000000000005,7.260000000000005
31,138,96,99.82,-3.819999999999993,3.819999999999993
31,139,95,94.01,0.9899999999999949,0.9899999999999949
31,140,94,88.96,5.040000000000006,5.040000000000006
31,141,93,93.86,-0.8599999999999994,0.8599999999999994
31,142,92,97.92,-5.920000000000002,5.920000000000002
31,143,91,99.89,-8.89,8.89
31,144,90,102.13,-12.129999999999995,12.129999999999995
31,145,89,97.03,-8.030000000000001,8.030000000000001
31,146,88,103.16,-15.159999999999997,15.159999999999997
31,147,87,105.35,-18.349999999999994,18.349999999999994
31,148,86,109.72,-23.72,23.72
31,149,85,114.16,-29.159999999999997,29.159999999999997
31,150,84,115.25,-31.25,31.25
31,151,83,106.3,-23.299999999999997,23.299999999999997
31,152,82,111.73,-29.730000000000004,29.730000000000004
31,153,81,109.82,-28.819999999999993,28.819999999999993
31,154,80,115.14,-35.14,35.14
31,155,79,108.51,-29.510000000000005,29.510000000000005
31,156,78,111.98,-33.980000000000004,33.980000000000004
31,157,77,111.53,-34.53,34.53
31,158,76,107.63,-31.629999999999995,31.629999999999995
31,159,75,90.91,-15.909999999999997,15.909999999999997
31,160,74,93.97,-19.97,19.97
31,161,73,89.03,-16.03,16.03
31,162,72,89.65,-17.650000000000006,17.650000000000006
31,163,71,104.43,-33.43000000000001,33.43000000000001
31,164,70,108.47,-38.47,38.47
31,165,69,108.14,-39.14,39.14
31,166,68,113.84,-45.84,45.84
31,167,67,103.49,-36.489999999999995,36.489999999999995
31,168,66,107.29,-41.290000000000006,41.290000000000006
31,169,65,111.05,-46.05,46.05
31,170,64,96.42,-32.42,32.42
31,171,63,96.01,-33.010000000000005,33.010000000000005
31,172,62,95.8,-33.8,33.8
31,173,61,87.13,-26.129999999999995,26.129999999999995
31,174,60,88.22,-28.22,28.22
31,175,59,84.01,-25.010000000000005,25.010000000000005
31,176,58,77.19,-19.189999999999998,19.189999999999998
31,177,57,81.25,-24.25,24.25
31,178,56,76.12,-20.120000000000005,20.120000000000005
31,179,55,73.16,-18.159999999999997,18.159999999999997
31,180,54,82.36,-28.36,28.36
31,181,53,91.77,-38.769999999999996,38.769999999999996
31,182,52,76.82,-24.819999999999993,24.819999999999993
31,183,51,75.33,-24.33,24.33
31,184,50,75.24,-25.239999999999995,25.239999999999995
31,185,49,71.93,-22.930000000000007,22.930000000000007
31,186,48,68.59,-20.590000000000003,20.590000000000003
31,187,47,70.4,-23.400000000000006,23.400000000000006
31,188,46,68.57,-22.569999999999993,22.569999999999993
31,189,45,73.4,-28.400000000000006,28.400000000000006
31,190,44,60.87,-16.869999999999997,16.869999999999997
31,191,43,68.13,-25.129999999999995,25.129999999999995
31,192,42,67.71,-25.709999999999994,25.709999999999994
31,193,41,69.83,-28.83,28.83
31,194,40,68.77,-28.769999999999996,28.769999999999996
31,195,39,65.28,-26.28,26.28
31,196,38,58.52,-20.520000000000003,20.520000000000003
31,197,37,55.98,-18.979999999999997,18.979999999999997
31,198,36,51.69,-15.689999999999998,15.689999999999998
31,199,35,53.59,-18.590000000000003,18.590000000000003
31,200,34,42.43,-8.43,8.43
31,201,33,40.5,-7.5,7.5
31,202,32,41.84,-9.840000000000003,9.840000000000003
31,203,31,37.89,-6.890000000000001,6.890000000000001
31,204,30,37.36,-7.359999999999999,7.359999999999999
31,205,29,38.4,-9.399999999999999,9.399999999999999
31,206,28,37.88,-9.880000000000003,9.880000000000003
31,207,27,41.36,-14.36,14.36
31,208,26,37.97,-11.969999999999999,11.969999999999999
31,209,25,37.71,-12.71,12.71
31,210,24,35.74,-11.740000000000002,11.740000000000002
31,211,23,35.51,-12.509999999999998,12.509999999999998
31,212,22,28.52,-6.52,6.52
31,213,21,28.54,-7.539999999999999,7.539999999999999
31,214,20,25.18,-5.18,5.18
31,215,19,27.26,-8.260000000000002,8.260000000000002
31,216,18,26.76,-8.760000000000002,8.760000000000002
31,217,17,27.6,-10.600000000000001,10.600000000000001
31,218,16,17.39,-1.3900000000000006,1.3900000000000006
31,219,15,16.61,-1.6099999999999994,1.6099999999999994
31,220,14,15.77,-1.7699999999999996,1.7699999999999996
31,221,13,13.13,-0.13000000000000078,0.13000000000000078
31,222,12,13.14,-1.1400000000000006,1.1400000000000006
31,223,11,12.25,-1.25,1.25
31,224,10,10.49,-0.4900000000000002,0.4900000000000002
31,225,9,8.96,0.03999999999999915,0.03999999999999915
31,226,8,8.52,-0.5199999999999996,0.5199999999999996
31,227,7,8.14,-1.1400000000000006,1.1400000000000006
31,228,6,8.91,-2.91,2.91
31,229,5,8.74,-3.74,3.74
31,230,4,7.55,-3.55,3.55
31,231,3,2.82,0.18000000000000016,0.18000000000000016
31,232,2,2.11,-0.10999999999999988,0.10999999999999988
31,233,1,2.67,-1.67,1.67
31,234,0,3.93,-3.93,3.93
32,5,125,124.73,0.269999999999996,0.269999999999996
32,6,125,124.97,0.030000000000001137,0.030000000000001137
32,7,125,120.47,4.530000000000001,4.530000000000001
32,8,125,123.59,1.4099999999999966,1.4099999999999966
32,9,125,124.64,0.35999999999999943,0.35999999999999943
32,10,125,124.21,0.7900000000000063,0.7900000000000063
32,11,125,124.18,0.8199999999999932,0.8199999999999932
32,12,125,124.63,0.37000000000000455,0.37000000000000455
32,13,125,123.73,1.269999999999996,1.269999999999996
32,14,125,121.68,3.319999999999993,3.319999999999993
32,15,125,124.95,0.04999999999999716,0.04999999999999716
32,16,125,124.91,0.09000000000000341,0.09000000000000341
32,17,125,124.3,0.7000000000000028,0.7000000000000028
32,18,125,124.8,0.20000000000000284,0.20000000000000284
32,19,125,123.19,1.8100000000000023,1.8100000000000023
32,20,125,124.0,1.0,1.0
32,21,125,120.89,4.109999999999999,4.109999999999999
32,22,125,122.95,2.049999999999997,2.049999999999997
32,23,125,124.05,0.9500000000000028,0.9500000000000028
32,24,125,124.42,0.5799999999999983,0.5799999999999983
32,25,125,124.79,0.20999999999999375,0.20999999999999375
32,26,125,123.23,1.769999999999996,1.769999999999996
32,27,125,123.76,1.2399999999999949,1.2399999999999949
32,28,125,124.18,0.8199999999999932,0.8199999999999932
32,29,125,124.45,0.5499999999999972,0.5499999999999972
32,30,125,124.14,0.8599999999999994,0.8599999999999994
32,31,125,123.38,1.6200000000000045,1.6200000000000045
32,32,125,123.56,1.4399999999999977,1.4399999999999977
32,33,125,121.32,3.680000000000007,3.680000000000007
32,34,125,118.09,6.909999999999997,6.909999999999997
32,35,125,117.58,7.420000000000002,7.420000000000002
32,36,125,122.11,2.8900000000000006,2.8900000000000006
32,37,125,121.73,3.269999999999996,3.269999999999996
32,38,125,119.6,5.400000000000006,5.400000000000006
32,39,125,114.62,10.379999999999995,10.379999999999995
32,40,125,112.93,12.069999999999993,12.069999999999993
32,41,125,116.21,8.790000000000006,8.790000000000006
32,42,125,120.63,4.3700000000000045,4.3700000000000045
32,43,125,122.44,2.5600000000000023,2.5600000000000023
32,44,125,123.68,1.3199999999999932,1.3199999999999932
32,45,125,123.58,1.4200000000000017,1.4200000000000017
32,46,125,124.5,0.5,0.5
32,47,125,123.83,1.1700000000000017,1.1700000000000017
32,48,125,122.59,2.4099999999999966,2.4099999999999966
32,49,125,117.28,7.719999999999999,7.719999999999999
32,50,125,118.97,6.030000000000001,6.030000000000001
32,51,125,124.56,0.4399999999999977,0.4399999999999977
32,52,125,121.3,3.700000000000003,3.700000000000003
32,53,125,122.23,2.769999999999996,2.769999999999996
32,54,125,124.8,0.20000000000000284,0.20000000000000284
32,55,125,122.72,2.280000000000001,2.280000000000001
32,56,125,123.33,1.6700000000000017,1.6700000000000017
32,57,125,122.21,2.7900000000000063,2.7900000000000063
32,58,125,120.83,4.170000000000002,4.170000000000002
32,59,125,113.36,11.64,11.64
32,60,125,121.45,3.549999999999997,3.549999999999997
32,61,125,121.96,3.0400000000000063,3.0400000000000063
32,62,125,120.18,4.819999999999993,4.819999999999993
32,63,125,122.03,2.969999999999999,2.969999999999999
32,64,125,116.16,8.840000000000003,8.840000000000003
32,65,125,119.07,5.930000000000007,5.930000000000007
32,66,125,94.42,30.58,30.58
32,67,124,112.6,11.400000000000006,11.400000000000006
32,68,123,114.41,8.590000000000003,8.590000000000003
32,69,122,113.15,8.849999999999994,8.849999999999994
32,70,121,113.76,7.239999999999995,7.239999999999995
32,71,120,113.41,6.590000000000003,6.590000000000003
32,72,119,110.93,8.069999999999993,8.069999999999993
32,73,118,111.0,7.0,7.0
32,74,117,108.8,8.200000000000003,8.200000000000003
32,75,116,106.44,9.560000000000002,9.560000000000002
32,76,115,112.33,2.6700000000000017,2.6700000000000017
32,77,114,116.73,-2.730000000000004,2.730000000000004
32,78,113,116.25,-3.25,3.25
32,79,112,113.31,-1.3100000000000023,1.3100000000000023
32,80,111,112.98,-1.980000000000004,1.980000000000004
32,81,110,115.88,-5.8799999999999955,5.8799999999999955
32,82,109,116.23,-7.230000000000004,7.230000000000004
32,83,108,114.8,-6.799999999999997,6.799999999999997
32,84,107,111.27,-4.269999999999996,4.269999999999996
32,85,106,114.6,-8.599999999999994,8.599999999999994
32,86,105,111.21,-6.209999999999994,6.209999999999994
32,87,104,115.09,-11.090000000000003,11.090000000000003
32,88,103,110.88,-7.8799999999999955,7.8799999999999955
32,89,102,106.54,-4.540000000000006,4.540000000000006
32,90,101,106.62,-5.6200000000000045,5.6200000000000045
32,91,100,96.26,3.739999999999995,3.739999999999995
32,92,99,103.24,-4.239999999999995,4.239999999999995
32,93,98,95.99,2.010000000000005,2.010000000000005
32,94,97,99.13,-2.1299999999999955,2.1299999999999955
32,95,96,80.35,15.650000000000006,15.650000000000006
32,96,95,84.28,10.719999999999999,10.719999999999999
32,97,94,82.26,11.739999999999995,11.739999999999995
32,98,93,84.04,8.959999999999994,8.959999999999994
32,99,92,84.69,7.310000000000002,7.310000000000002
32,100,91,79.24,11.760000000000005,11.760000000000005
32,101,90,80.79,9.209999999999994,9.209999999999994
32,102,89,89.06,-0.060000000000002274,0.060000000000002274
32,103,88,74.05,13.950000000000003,13.950000000000003
32,104,87,80.31,6.689999999999998,6.689999999999998
32,105,86,78.34,7.659999999999997,7.659999999999997
32,106,85,79.89,5.109999999999999,5.109999999999999
32,107,84,76.11,7.890000000000001,7.890000000000001
32,108,83,75.75,7.25,7.25
32,109,82,72.32,9.680000000000007,9.680000000000007
32,110,81,72.91,8.090000000000003,8.090000000000003
32,111,80,62.95,17.049999999999997,17.049999999999997
32,112,79,76.17,2.8299999999999983,2.8299999999999983
32,113,78,72.29,5.709999999999994,5.709999999999994
32,114,77,58.22,18.78,18.78
32,115,76,55.19,20.810000000000002,20.810000000000002
32,116,75,55.57,19.43,19.43
32,117,74,56.47,17.53,17.53
32,118,73,52.93,20.07,20.07
32,119,72,51.33,20.67,20.67
32,120,71,52.63,18.369999999999997,18.369999999999997
32,121,70,62.43,7.57,7.57
32,122,69,56.89,12.11,12.11
32,123,68,56.4,11.600000000000001,11.600000000000001
32,124,67,54.32,12.68,12.68
32,125,66,49.3,16.700000000000003,16.700000000000003
32,126,65,51.43,13.57,13.57
32,127,64,62.57,1.4299999999999997,1.4299999999999997
32,128,63,64.68,-1.6800000000000068,1.6800000000000068
32,129,62,64.11,-2.1099999999999994,2.1099999999999994
32,130,61,70.71,-9.709999999999994,9.709999999999994
32,131,60,59.13,0.8699999999999974,0.8699999999999974
32,132,59,57.45,1.5499999999999972,1.5499999999999972
32,133,58,57.27,0.7299999999999969,0.7299999999999969
32,134,57,42.42,14.579999999999998,14.579999999999998
32,135,56,33.51,22.490000000000002,22.490000000000002
32,136,55,31.72,23.28,23.28
32,137,54,29.93,24.07,24.07
32,138,53,30.44,22.56,22.56
32,139,52,44.38,7.619999999999997,7.619999999999997
32,140,51,35.29,15.71,15.71
32,141,50,32.17,17.83,17.83
32,142,49,36.28,12.719999999999999,12.719999999999999
32,143,48,32.82,15.18,15.18
32,144,47,45.28,1.7199999999999989,1.7199999999999989
32,145,46,33.52,12.479999999999997,12.479999999999997
32,146,45,44.97,0.030000000000001137,0.030000000000001137
32,147,44,47.89,-3.8900000000000006,3.8900000000000006
32,148,43,47.95,-4.950000000000003,4.950000000000003
32,149,42,42.9,-0.8999999999999986,0.8999999999999986
32,150,41,42.62,-1.6199999999999974,1.6199999999999974
32,151,40,42.44,-2.4399999999999977,2.4399999999999977
32,152,39,35.72,3.280000000000001,3.280000000000001
32,153,38,32.03,5.969999999999999,5.969999999999999
32,154,37,33.26,3.740000000000002,3.740000000000002
32,155,36,30.5,5.5,5.5
32,156,35,31.41,3.59,3.59
32,157,34,28.37,5.629999999999999,5.629999999999999
32,158,33,28.46,4.539999999999999,4.539999999999999
32,159,32,26.74,5.260000000000002,5.260000000000002
32,160,31,26.86,4.140000000000001,4.140000000000001
32,161,30,21.43,8.57,8.57
32,162,29,21.39,7.609999999999999,7.609999999999999
32,163,28,20.63,7.370000000000001,7.370000000000001
32,164,27,22.47,4.530000000000001,4.530000000000001
32,165,26,20.32,5.68,5.68
32,166,25,20.38,4.620000000000001,4.620000000000001
32,167,24,15.94,8.06,8.06
32,168,23,17.4,5.600000000000001,5.600000000000001
32,169,22,14.5,7.5,7.5
32,170,21,16.98,4.02,4.02
32,171,20,16.95,3.0500000000000007,3.0500000000000007
32,172,19,16.03,2.969999999999999,2.969999999999999
32,173,18,14.08,3.92,3.92
32,174,17,9.6,7.4,7.4
32,175,16,10.61,5.390000000000001,5.390000000000001
32,176,15,9.82,5.18,5.18
32,177,14,9.88,4.119999999999999,4.119999999999999
32,178,13,8.35,4.65,4.65
32,179,12,9.73,2.2699999999999996,2.2699999999999996
32,180,11,9.75,1.25,1.25
32,181,10,5.46,4.54,4.54
32,182,9,6.67,2.33,2.33
32,183,8,7.21,0.79,0.79
32,184,7,8.33,-1.33,1.33
32,185,6,8.86,-2.8599999999999994,2.8599999999999994
32,186,5,7.73,-2.7300000000000004,2.7300000000000004
32,187,4,3.34,0.6600000000000001,0.6600000000000001
32,188,3,2.46,0.54,0.54
32,189,2,1.48,0.52,0.52
32,190,1,0.93,0.06999999999999995,0.06999999999999995
32,191,0,0.64,-0.64,0.64
34,5,125,124.71,0.29000000000000625,0.29000000000000625
34,6,125,124.8,0.20000000000000284,0.20000000000000284
34,7,125,124.91,0.09000000000000341,0.09000000000000341
34,8,125,124.05,0.9500000000000028,0.9500000000000028
34,9,125,124.85,0.15000000000000568,0.15000000000000568
34,10,125,123.37,1.6299999999999955,1.6299999999999955
34,11,125,124.64,0.35999999999999943,0.35999999999999943
34,12,125,124.11,0.8900000000000006,0.8900000000000006
34,13,125,124.84,0.1599999999999966,0.1599999999999966
34,14,125,123.67,1.3299999999999983,1.3299999999999983
34,15,125,124.27,0.730000000000004,0.730000000000004
34,16,125,121.98,3.019999999999996,3.019999999999996
34,17,125,124.09,0.9099999999999966,0.9099999999999966
34,18,125,124.88,0.12000000000000455,0.12000000000000455
34,19,125,124.55,0.45000000000000284,0.45000000000000284
34,20,125,124.92,0.0799999999999983,0.0799999999999983
34,21,125,125.0,0.0,0.0
34,22,125,122.82,2.180000000000007,2.180000000000007
34,23,125,124.75,0.25,0.25
34,24,125,125.0,0.0,0.0
34,25,125,121.75,3.25,3.25
34,26,125,123.79,1.2099999999999937,1.2099999999999937
34,27,125,124.35,0.6500000000000057,0.6500000000000057
34,28,125,124.55,0.45000000000000284,0.45000000000000284
34,29,125,123.87,1.1299999999999955,1.1299999999999955
34,30,125,122.8,2.200000000000003,2.200000000000003
34,31,125,123.58,1.4200000000000017,1.4200000000000017
34,32,125,123.57,1.4300000000000068,1.4300000000000068
34,33,125,123.65,1.3499999999999943,1.3499999999999943
34,34,125,123.98,1.019999999999996,1.019999999999996
34,35,125,124.22,0.7800000000000011,0.7800000000000011
34,36,125,119.67,5.329999999999998,5.329999999999998
34,37,125,120.76,4.239999999999995,4.239999999999995
34,38,125,121.71,3.2900000000000063,3.2900000000000063
34,39,125,121.5,3.5,3.5
34,40,125,120.23,4.769999999999996,4.769999999999996
34,41,125,123.94,1.0600000000000023,1.0600000000000023
34,42,125,119.95,5.049999999999997,5.049999999999997
34,43,125,121.23,3.769999999999996,3.769999999999996
34,44,125,117.46,7.540000000000006,7.540000000000006
34,45,125,118.86,6.140000000000001,6.140000000000001
34,46,125,118.25,6.75,6.75
34,47,125,119.59,5.409999999999997,5.409999999999997
34,48,125,116.65,8.349999999999994,8.349999999999994
34,49,125,118.01,6.989999999999995,6.989999999999995
34,50,125,114.04,10.959999999999994,10.959999999999994
34,51,125,118.25,6.75,6.75
34,52,125,117.75,7.25,7.25
34,53,125,119.93,5.069999999999993,5.069999999999993
34,54,125,111.46,13.540000000000006,13.540000000000006
34,55,125,118.61,6.390000000000001,6.390000000000001
34,56,125,116.84,8.159999999999997,8.159999999999997
34,57,125,116.25,8.75,8.75
34,58,125,117.34,7.659999999999997,7.659999999999997
34,59,125,116.89,8.11,8.11
34,60,125,115.66,9.340000000000003,9.340000000000003
34,61,125,118.04,6.959999999999994,6.959999999999994
34,62,125,115.03,9.969999999999999,9.969999999999999
34,63,125,110.54,14.459999999999994,14.459999999999994
34,64,125,114.23,10.769999999999996,10.769999999999996
34,65,125,113.54,11.459999999999994,11.459999999999994
34,66,125,111.56,13.439999999999998,13.439999999999998
34,67,125,115.84,9.159999999999997,9.159999999999997
34,68,125,113.01,11.989999999999995,11.989999999999995
34,69,125,117.01,7.989999999999995,7.989999999999995
34,70,125,103.11,21.89,21.89
34,71,124,102.75,21.25,21.25
34,72,123,105.23,17.769999999999996,17.769999999999996
34,73,122,105.3,16.700000000000003,16.700000000000003
34,74,121,101.0,20.0,20.0
34,75,120,109.23,10.769999999999996,10.769999999999996
34,76,119,106.73,12.269999999999996,12.269999999999996
34,77,118,106.71,11.290000000000006,11.290000000000006
34,78,117,109.24,7.760000000000005,7.760000000000005
34,79,116,110.15,5.849999999999994,5.849999999999994
34,80,115,103.37,11.629999999999995,11.629999999999995
34,81,114,103.5,10.5,10.5
34,82,113,95.59,17.409999999999997,17.409999999999997
34,83,112,88.79,23.209999999999994,23.209999999999994
34,84,111,97.13,13.870000000000005,13.870000000000005
34,85,110,87.08,22.92,22.92
34,86,109,88.04,20.959999999999994,20.959999999999994
34,87,108,90.62,17.379999999999995,17.379999999999995
34,88,107,88.32,18.680000000000007,18.680000000000007
34,89,106,94.8,11.200000000000003,11.200000000000003
34,90,105,94.08,10.920000000000002,10.920000000000002
34,91,104,90.62,13.379999999999995,13.379999999999995
34,92,103,92.5,10.5,10.5
34,93,102,79.33,22.67,22.67
34,94,101,86.99,14.010000000000005,14.010000000000005
34,95,100,95.35,4.650000000000006,4.650000000000006
34,96,99,94.14,4.859999999999999,4.859999999999999
34,97,98,94.08,3.9200000000000017,3.9200000000000017
34,98,97,97.46,-0.45999999999999375,0.45999999999999375
34,99,96,104.59,-8.590000000000003,8.590000000000003
34,100,95,88.68,6.319999999999993,6.319999999999993
34,101,94,82.22,11.780000000000001,11.780000000000001
34,102,93,79.6,13.400000000000006,13.400000000000006
34,103,92,76.57,15.430000000000007,15.430000000000007
34,104,91,78.67,12.329999999999998,12.329999999999998
34,105,90,81.89,8.11,8.11
34,106,89,80.98,8.019999999999996,8.019999999999996
34,107,88,81.96,6.040000000000006,6.040000000000006
34,108,87,73.97,13.030000000000001,13.030000000000001
34,109,86,68.73,17.269999999999996,17.269999999999996
34,110,85,70.76,14.239999999999995,14.239999999999995
34,111,84,68.33,15.670000000000002,15.670000000000002
34,112,83,67.81,15.189999999999998,15.189999999999998
34,113,82,78.26,3.739999999999995,3.739999999999995
34,114,81,70.07,10.930000000000007,10.930000000000007
34,115,80,66.49,13.510000000000005,13.510000000000005
34,116,79,72.04,6.959999999999994,6.959999999999994
34,117,78,77.21,0.7900000000000063,0.7900000000000063
34,118,77,81.28,-4.280000000000001,4.280000000000001
34,119,76,75.75,0.25,0.25
34,120,75,73.93,1.0699999999999932,1.0699999999999932
34,121,74,73.79,0.20999999999999375,0.20999999999999375
34,122,73,60.11,12.89,12.89
34,123,72,63.26,8.740000000000002,8.740000000000002
34,124,71,59.13,11.869999999999997,11.869999999999997
34,125,70,57.06,12.939999999999998,12.939999999999998
34,126,69,57.14,11.86,11.86
34,127,68,61.36,6.640000000000001,6.640000000000001
34,128,67,61.92,5.079999999999998,5.079999999999998
34,129,66,57.83,8.170000000000002,8.170000000000002
34,130,65,59.3,5.700000000000003,5.700000000000003
34,131,64,56.28,7.719999999999999,7.719999999999999
34,132,63,55.37,7.630000000000003,7.630000000000003
34,133,62,57.8,4.200000000000003,4.200000000000003
34,134,61,52.33,8.670000000000002,8.670000000000002
34,135,60,51.59,8.409999999999997,8.409999999999997
34,136,59,53.15,5.850000000000001,5.850000000000001
34,137,58,59.19,-1.1899999999999977,1.1899999999999977
34,138,57,56.65,0.3500000000000014,0.3500000000000014
34,139,56,57.25,-1.25,1.25
34,140,55,55.49,-0.490000000000002,0.490000000000002
34,141,54,54.73,-0.7299999999999969,0.7299999999999969
34,142,53,53.69,-0.6899999999999977,0.6899999999999977
34,143,52,53.1,-1.1000000000000014,1.1000000000000014
34,144,51,47.27,3.729999999999997,3.729999999999997
34,145,50,46.94,3.0600000000000023,3.0600000000000023
34,146,49,47.91,1.0900000000000034,1.0900000000000034
34,147,48,46.86,1.1400000000000006,1.1400000000000006
34,148,47,40.15,6.850000000000001,6.850000000000001
34,149,46,45.73,0.2700000000000031,0.2700000000000031
34,150,45,43.14,1.8599999999999994,1.8599999999999994
34,151,44,39.36,4.640000000000001,4.640000000000001
34,152,43,39.98,3.020000000000003,3.020000000000003
34,153,42,42.42,-0.4200000000000017,0.4200000000000017
34,154,41,38.45,2.549999999999997,2.549999999999997
34,155,40,35.94,4.060000000000002,4.060000000000002
34,156,39,35.83,3.1700000000000017,3.1700000000000017
34,157,38,35.03,2.969999999999999,2.969999999999999
34,158,37,33.37,3.6300000000000026,3.6300000000000026
34,159,36,32.84,3.1599999999999966,3.1599999999999966
34,160,35,30.09,4.91,4.91
34,161,34,31.76,2.2399999999999984,2.2399999999999984
34,162,33,28.69,4.309999999999999,4.309999999999999
34,163,32,29.63,2.370000000000001,2.370000000000001
34,164,31,30.45,0.5500000000000007,0.5500000000000007
34,165,30,29.08,0.9200000000000017,0.9200000000000017
34,166,29,27.09,1.9100000000000001,1.9100000000000001
34,167,28,29.81,-1.8099999999999987,1.8099999999999987
34,168,27,27.38,-0.379999999999999,0.379999999999999
34,169,26,28.08,-2.0799999999999983,2.0799999999999983
34,170,25,27.17,-2.1700000000000017,2.1700000000000017
34,171,24,26.29,-2.289999999999999,2.289999999999999
34,172,23,24.39,-1.3900000000000006,1.3900000000000006
34,173,22,23.08,-1.0799999999999983,1.0799999999999983
34,174,21,22.62,-1.620000000000001,1.620000000000001
34,175,20,21.84,-1.8399999999999999,1.8399999999999999
34,176,19,20.26,-1.2600000000000016,1.2600000000000016
34,177,18,19.35,-1.3500000000000014,1.3500000000000014
34,178,17,16.44,0.5599999999999987,0.5599999999999987
34,179,16,15.46,0.5399999999999991,0.5399999999999991
34,180,15,15.84,-0.8399999999999999,0.8399999999999999
34,181,14,17.8,-3.8000000000000007,3.8000000000000007
34,182,13,15.21,-2.210000000000001,2.210000000000001
34,183,12,14.85,-2.8499999999999996,2.8499999999999996
34,184,11,12.86,-1.8599999999999994,1.8599999999999994
34,185,10,11.32,-1.3200000000000003,1.3200000000000003
34,186,9,8.74,0.2599999999999998,0.2599999999999998
34,187,8,7.21,0.79,0.79
34,188,7,7.51,-0.5099999999999998,0.5099999999999998
34,189,6,5.67,0.33000000000000007,0.33000000000000007
34,190,5,5.91,-0.9100000000000001,0.9100000000000001
34,191,4,5.7,-1.7000000000000002,1.7000000000000002
34,192,3,3.1,-0.10000000000000009,0.10000000000000009
34,193,2,4.88,-2.88,2.88
34,194,1,4.23,-3.2300000000000004,3.2300000000000004
34,195,0,1.4,-1.4,1.4
40,5,125,124.66,0.3400000000000034,0.3400000000000034
40,6,125,124.14,0.8599999999999994,0.8599999999999994
40,7,125,124.66,0.3400000000000034,0.3400000000000034
40,8,125,124.5,0.5,0.5
40,9,125,124.84,0.1599999999999966,0.1599999999999966
40,10,125,124.41,0.5900000000000034,0.5900000000000034
40,11,125,124.6,0.4000000000000057,0.4000000000000057
40,12,125,124.35,0.6500000000000057,0.6500000000000057
40,13,125,125.0,0.0,0.0
40,14,125,124.68,0.3199999999999932,0.3199999999999932
40,15,125,124.51,0.4899999999999949,0.4899999999999949
40,16,125,123.79,1.2099999999999937,1.2099999999999937
40,17,125,123.83,1.1700000000000017,1.1700000000000017
40,18,125,123.61,1.3900000000000006,1.3900000000000006
40,19,125,124.75,0.25,0.25
40,20,125,124.18,0.8199999999999932,0.8199999999999932
40,21,125,124.58,0.4200000000000017,0.4200000000000017
40,22,125,124.58,0.4200000000000017,0.4200000000000017
40,23,125,119.39,5.609999999999999,5.609999999999999
40,24,125,124.43,0.5699999999999932,0.5699999999999932
40,25,125,122.45,2.549999999999997,2.549999999999997
40,26,125,120.79,4.209999999999994,4.209999999999994
40,27,125,124.5,0.5,0.5
40,28,125,124.16,0.8400000000000034,0.8400000000000034
40,29,125,124.82,0.18000000000000682,0.18000000000000682
40,30,125,124.7,0.29999999999999716,0.29999999999999716
40,31,125,124.85,0.15000000000000568,0.15000000000000568
40,32,125,122.74,2.260000000000005,2.260000000000005
40,33,125,117.02,7.980000000000004,7.980000000000004
40,34,125,120.65,4.349999999999994,4.349999999999994
40,35,125,120.23,4.769999999999996,4.769999999999996
40,36,125,114.16,10.840000000000003,10.840000000000003
40,37,125,122.03,2.969999999999999,2.969999999999999
40,38,125,118.86,6.140000000000001,6.140000000000001
40,39,125,120.07,4.930000000000007,4.930000000000007
40,40,125,119.53,5.469999999999999,5.469999999999999
40,41,125,122.13,2.8700000000000045,2.8700000000000045
40,42,125,120.75,4.25,4.25
40,43,125,123.64,1.3599999999999994,1.3599999999999994
40,44,125,122.95,2.049999999999997,2.049999999999997
40,45,125,122.22,2.780000000000001,2.780000000000001
40,46,125,122.01,2.989999999999995,2.989999999999995
40,47,125,121.26,3.739999999999995,3.739999999999995
40,48,125,119.13,5.8700000000000045,5.8700000000000045
40,49,125,118.86,6.140000000000001,6.140000000000001
40,50,125,117.96,7.040000000000006,7.040000000000006
40,51,125,116.76,8.239999999999995,8.239999999999995
40,52,125,117.82,7.180000000000007,7.180000000000007
40,53,125,121.49,3.510000000000005,3.510000000000005
40,54,125,121.66,3.3400000000000034,3.3400000000000034
40,55,125,120.94,4.060000000000002,4.060000000000002
40,56,125,122.42,2.5799999999999983,2.5799999999999983
40,57,125,120.02,4.980000000000004,4.980000000000004
40,58,125,116.01,8.989999999999995,8.989999999999995
40,59,125,116.94,8.060000000000002,8.060000000000002
40,60,125,114.63,10.370000000000005,10.370000000000005
40,61,125,110.82,14.180000000000007,14.180000000000007
40,62,125,111.77,13.230000000000004,13.230000000000004
40,63,125,111.4,13.599999999999994,13.599999999999994
40,64,124,108.17,15.829999999999998,15.829999999999998
40,65,123,102.77,20.230000000000004,20.230000000000004
40,66,122,102.13,19.870000000000005,19.870000000000005
40,67,121,106.45,14.549999999999997,14.549999999999997
40,68,120,107.93,12.069999999999993,12.069999999999993
40,69,119,109.18,9.819999999999993,9.819999999999993
40,70,118,104.24,13.760000000000005,13.760000000000005
40,71,117,107.84,9.159999999999997,9.159999999999997
40,72,116,104.03,11.969999999999999,11.969999999999999
40,73,115,102.73,12.269999999999996,12.269999999999996
40,74,114,100.96,13.040000000000006,13.040000000000006
40,75,113,105.21,7.790000000000006,7.790000000000006
40,76,112,96.53,15.469999999999999,15.469999999999999
40,77,111,98.66,12.340000000000003,12.340000000000003
40,78,110,102.6,7.400000000000006,7.400000000000006
40,79,109,104.82,4.180000000000007,4.180000000000007
40,80,108,100.18,7.819999999999993,7.819999999999993
40,81,107,106.37,0.6299999999999955,0.6299999999999955
40,82,106,104.88,1.1200000000000045,1.1200000000000045
40,83,105,103.16,1.8400000000000034,1.8400000000000034
40,84,104,108.22,-4.219999999999999,4.219999999999999
40,85,103,109.42,-6.420000000000002,6.420000000000002
40,86,102,92.35,9.650000000000006,9.650000000000006
40,87,101,78.2,22.799999999999997,22.799999999999997
40,88,100,92.53,7.469999999999999,7.469999999999999
40,89,99,88.69,10.310000000000002,10.310000000000002
40,90,98,88.67,9.329999999999998,9.329999999999998
40,91,97,85.56,11.439999999999998,11.439999999999998
40,92,96,91.9,4.099999999999994,4.099999999999994
40,93,95,80.5,14.5,14.5
40,94,94,82.6,11.400000000000006,11.400000000000006
40,95,93,79.33,13.670000000000002,13.670000000000002
40,96,92,82.13,9.870000000000005,9.870000000000005
40,97,91,79.63,11.370000000000005,11.370000000000005
40,98,90,82.06,7.939999999999998,7.939999999999998
40,99,89,78.84,10.159999999999997,10.159999999999997
40,100,88,71.24,16.760000000000005,16.760000000000005
40,101,87,88.1,-1.0999999999999943,1.0999999999999943
40,102,86,83.85,2.1500000000000057,2.1500000000000057
40,103,85,78.54,6.459999999999994,6.459999999999994
40,104,84,75.35,8.650000000000006,8.650000000000006
40,105,83,70.93,12.069999999999993,12.069999999999993
40,106,82,65.71,16.290000000000006,16.290000000000006
40,107,81,68.38,12.620000000000005,12.620000000000005
40,108,80,60.55,19.450000000000003,19.450000000000003
40,109,79,64.82,14.180000000000007,14.180000000000007
40,110,78,58.9,19.1,19.1
40,111,77,57.6,19.4,19.4
40,112,76,60.25,15.75,15.75
40,113,75,71.04,3.9599999999999937,3.9599999999999937
40,114,74,68.31,5.689999999999998,5.689999999999998
40,115,73,71.87,1.1299999999999955,1.1299999999999955
40,116,72,65.25,6.75,6.75
40,117,71,58.14,12.86,12.86
40,118,70,52.25,17.75,17.75
40,119,69,50.55,18.450000000000003,18.450000000000003
40,120,68,48.88,19.119999999999997,19.119999999999997
40,121,67,53.22,13.780000000000001,13.780000000000001
40,122,66,50.76,15.240000000000002,15.240000000000002
40,123,65,48.47,16.53,16.53
40,124,64,47.71,16.29,16.29
40,125,63,60.4,2.6000000000000014,2.6000000000000014
40,126,62,46.76,15.240000000000002,15.240000000000002
40,127,61,50.99,10.009999999999998,10.009999999999998
40,128,60,50.23,9.770000000000003,9.770000000000003
40,129,59,52.2,6.799999999999997,6.799999999999997
40,130,58,44.79,13.21,13.21
40,131,57,45.66,11.340000000000003,11.340000000000003
40,132,56,38.95,17.049999999999997,17.049999999999997
40,133,55,42.03,12.969999999999999,12.969999999999999
40,134,54,39.5,14.5,14.5
40,135,53,40.32,12.68,12.68
40,136,52,33.31,18.689999999999998,18.689999999999998
40,137,51,41.01,9.990000000000002,9.990000000000002
40,138,50,38.35,11.649999999999999,11.649999999999999
40,139,49,42.81,6.189999999999998,6.189999999999998
40,140,48,39.35,8.649999999999999,8.649999999999999
40,141,47,39.92,7.079999999999998,7.079999999999998
40,142,46,40.81,5.189999999999998,5.189999999999998
40,143,45,41.36,3.6400000000000006,3.6400000000000006
40,144,44,32.6,11.399999999999999,11.399999999999999
40,145,43,34.42,8.579999999999998,8.579999999999998
40,146,42,35.31,6.689999999999998,6.689999999999998
40,147,41,36.84,4.159999999999997,4.159999999999997
40,148,40,30.78,9.219999999999999,9.219999999999999
40,149,39,40.32,-1.3200000000000003,1.3200000000000003
40,150,38,38.22,-0.21999999999999886,0.21999999999999886
40,151,37,34.21,2.789999999999999,2.789999999999999
40,152,36,27.68,8.32,8.32
40,153,35,28.81,6.190000000000001,6.190000000000001
40,154,34,23.7,10.3,10.3
40,155,33,29.08,3.9200000000000017,3.9200000000000017
40,156,32,26.5,5.5,5.5
40,157,31,23.36,7.640000000000001,7.640000000000001
40,158,30,23.15,6.850000000000001,6.850000000000001
40,159,29,22.69,6.309999999999999,6.309999999999999
40,160,28,21.44,6.559999999999999,6.559999999999999
40,161,27,21.63,5.370000000000001,5.370000000000001
40,162,26,20.94,5.059999999999999,5.059999999999999
40,163,25,23.59,1.4100000000000001,1.4100000000000001
40,164,24,24.4,-0.3999999999999986,0.3999999999999986
40,165,23,24.38,-1.379999999999999,1.379999999999999
40,166,22,24.2,-2.1999999999999993,2.1999999999999993
40,167,21,22.41,-1.4100000000000001,1.4100000000000001
40,168,20,21.02,-1.0199999999999996,1.0199999999999996
40,169,19,16.42,2.5799999999999983,2.5799999999999983
40,170,18,16.96,1.0399999999999991,1.0399999999999991
40,171,17,18.53,-1.5300000000000011,1.5300000000000011
40,172,16,16.82,-0.8200000000000003,0.8200000000000003
40,173,15,13.93,1.0700000000000003,1.0700000000000003
40,174,14,13.48,0.5199999999999996,0.5199999999999996
40,175,13,12.43,0.5700000000000003,0.5700000000000003
40,176,12,10.41,1.5899999999999999,1.5899999999999999
40,177,11,11.06,-0.0600000000000005,0.0600000000000005
40,178,10,8.83,1.17,1.17
40,179,9,10.61,-1.6099999999999994,1.6099999999999994
40,180,8,10.06,-2.0600000000000005,2.0600000000000005
40,181,7,4.73,2.2699999999999996,2.2699999999999996
40,182,6,1.55,4.45,4.45
40,183,5,1.55,3.45,3.45
40,184,4,1.54,2.46,2.46
40,185,3,1.42,1.58,1.58
40,186,2,1.41,0.5900000000000001,0.5900000000000001
40,187,1,2.29,-1.29,1.29
40,188,0,1.25,-1.25,1.25
45,5,125,124.92,0.0799999999999983,0.0799999999999983
45,6,125,125.0,0.0,0.0
45,7,125,124.95,0.04999999999999716,0.04999999999999716
45,8,125,124.92,0.0799999999999983,0.0799999999999983
45,9,125,124.9,0.09999999999999432,0.09999999999999432
45,10,125,124.99,0.010000000000005116,0.010000000000005116
45,11,125,124.85,0.15000000000000568,0.15000000000000568
45,12,125,124.86,0.14000000000000057,0.14000000000000057
45,13,125,124.99,0.010000000000005116,0.010000000000005116
45,14,125,124.74,0.2600000000000051,0.2600000000000051
45,15,125,124.78,0.21999999999999886,0.21999999999999886
45,16,125,124.81,0.18999999999999773,0.18999999999999773
45,17,125,124.92,0.0799999999999983,0.0799999999999983
45,18,125,124.55,0.45000000000000284,0.45000000000000284
45,19,125,124.95,0.04999999999999716,0.04999999999999716
45,20,125,124.95,0.04999999999999716,0.04999999999999716
45,21,125,124.96,0.04000000000000625,0.04000000000000625
45,22,125,124.98,0.01999999999999602,0.01999999999999602
45,23,125,124.66,0.3400000000000034,0.3400000000000034
45,24,125,124.48,0.519999999999996,0.519999999999996
45,25,125,124.95,0.04999999999999716,0.04999999999999716
45,26,125,124.58,0.4200000000000017,0.4200000000000017
45,27,125,124.77,0.23000000000000398,0.23000000000000398
45,28,125,124.77,0.23000000000000398,0.23000000000000398
45,29,125,124.6,0.4000000000000057,0.4000000000000057
45,30,125,124.59,0.4099999999999966,0.4099999999999966
45,31,125,124.38,0.6200000000000045,0.6200000000000045
45,32,125,123.17,1.8299999999999983,1.8299999999999983
45,33,125,123.35,1.6500000000000057,1.6500000000000057
45,34,124,123.17,0.8299999999999983,0.8299999999999983
45,35,123,122.1,0.9000000000000057,0.9000000000000057
45,36,122,122.4,-0.4000000000000057,0.4000000000000057
45,37,121,122.36,-1.3599999999999994,1.3599999999999994
45,38,120,122.01,-2.010000000000005,2.010000000000005
45,39,119,121.23,-2.230000000000004,2.230000000000004
45,40,118,122.69,-4.689999999999998,4.689999999999998
45,41,117,123.15,-6.150000000000006,6.150000000000006
45,42,116,122.48,-6.480000000000004,6.480000000000004
45,43,115,121.97,-6.969999999999999,6.969999999999999
45,44,114,124.01,-10.010000000000005,10.010000000000005
45,45,113,122.28,-9.280000000000001,9.280000000000001
45,46,112,121.3,-9.299999999999997,9.299999999999997
45,47,111,117.83,-6.829999999999998,6.829999999999998
45,48,110,123.02,-13.019999999999996,13.019999999999996
45,49,109,120.32,-11.319999999999993,11.319999999999993
45,50,108,121.31,-13.310000000000002,13.310000000000002
45,51,107,120.36,-13.36,13.36
45,52,106,118.57,-12.569999999999993,12.569999999999993
45,53,105,122.67,-17.67,17.67
45,54,104,122.19,-18.189999999999998,18.189999999999998
45,55,103,120.55,-17.549999999999997,17.549999999999997
45,56,102,118.16,-16.159999999999997,16.159999999999997
45,57,101,118.85,-17.849999999999994,17.849999999999994
45,58,100,121.86,-21.86,21.86
45,59,99,120.36,-21.36,21.36
45,60,98,120.11,-22.11,22.11
45,61,97,120.48,-23.480000000000004,23.480000000000004
45,62,96,120.34,-24.340000000000003,24.340000000000003
45,63,95,120.73,-25.730000000000004,25.730000000000004
45,64,94,118.59,-24.590000000000003,24.590000000000003
45,65,93,116.45,-23.450000000000003,23.450000000000003
45,66,92,112.79,-20.790000000000006,20.790000000000006
45,67,91,114.44,-23.439999999999998,23.439999999999998
45,68,90,112.33,-22.33,22.33
45,69,89,117.33,-28.33,28.33
45,70,88,119.02,-31.019999999999996,31.019999999999996
45,71,87,120.84,-33.84,33.84
45,72,86,115.07,-29.069999999999993,29.069999999999993
45,73,85,111.11,-26.11,26.11
45,74,84,110.36,-26.36,26.36
45,75,83,118.6,-35.599999999999994,35.599999999999994
45,76,82,120.38,-38.379999999999995,38.379999999999995
45,77,81,118.95,-37.95,37.95
45,78,80,113.25,-33.25,33.25
45,79,79,120.19,-41.19,41.19
45,80,78,119.8,-41.8,41.8
45,81,77,118.38,-41.379999999999995,41.379999999999995
45,82,76,119.32,-43.31999999999999,43.31999999999999
45,83,75,116.63,-41.629999999999995,41.629999999999995
45,84,74,114.71,-40.709999999999994,40.709999999999994
45,85,73,115.94,-42.94,42.94
45,86,72,113.32,-41.31999999999999,41.31999999999999
45,87,71,112.92,-41.92,41.92
45,88,70,109.85,-39.849999999999994,39.849999999999994
45,89,69,112.06,-43.06,43.06
45,90,68,104.02,-36.019999999999996,36.019999999999996
45,91,67,97.64,-30.64,30.64
45,92,66,93.92,-27.92,27.92
45,93,65,98.97,-33.97,33.97
45,94,64,100.24,-36.239999999999995,36.239999999999995
45,95,63,98.1,-35.099999999999994,35.099999999999994
45,96,62,103.7,-41.7,41.7
45,97,61,96.08,-35.08,35.08
45,98,60,89.17,-29.17,29.17
45,99,59,85.65,-26.650000000000006,26.650000000000006
45,100,58,84.17,-26.17,26.17
45,101,57,84.37,-27.370000000000005,27.370000000000005
45,102,56,78.48,-22.480000000000004,22.480000000000004
45,103,55,86.4,-31.400000000000006,31.400000000000006
45,104,54,91.45,-37.45,37.45
45,105,53,88.37,-35.370000000000005,35.370000000000005
45,106,52,84.55,-32.55,32.55
45,107,51,85.39,-34.39,34.39
45,108,50,75.97,-25.97,25.97
45,109,49,73.85,-24.849999999999994,24.849999999999994
45,110,48,73.81,-25.810000000000002,25.810000000000002
45,111,47,77.75,-30.75,30.75
45,112,46,81.11,-35.11,35.11
45,113,45,86.03,-41.03,41.03
45,114,44,77.4,-33.400000000000006,33.400000000000006
45,115,43,89.58,-46.58,46.58
45,116,42,79.1,-37.099999999999994,37.099999999999994
45,117,41,74.07,-33.06999999999999,33.06999999999999
45,118,40,71.19,-31.189999999999998,31.189999999999998
45,119,39,76.41,-37.41,37.41
45,120,38,69.04,-31.040000000000006,31.040000000000006
45,121,37,68.84,-31.840000000000003,31.840000000000003
45,122,36,63.92,-27.92,27.92
45,123,35,65.05,-30.049999999999997,30.049999999999997
45,124,34,63.46,-29.46,29.46
45,125,33,63.77,-30.770000000000003,30.770000000000003
45,126,32,57.25,-25.25,25.25
45,127,31,57.7,-26.700000000000003,26.700000000000003
45,128,30,56.87,-26.869999999999997,26.869999999999997
45,129,29,56.77,-27.770000000000003,27.770000000000003
45,130,28,48.63,-20.630000000000003,20.630000000000003
45,131,27,49.96,-22.96,22.96
45,132,26,46.42,-20.42,20.42
45,133,25,46.58,-21.58,21.58
45,134,24,44.74,-20.740000000000002,20.740000000000002
45,135,23,44.66,-21.659999999999997,21.659999999999997
45,136,22,44.28,-22.28,22.28
45,137,21,40.36,-19.36,19.36
45,138,20,35.83,-15.829999999999998,15.829999999999998
45,139,19,26.75,-7.75,7.75
45,140,18,24.27,-6.27,6.27
45,141,17,21.95,-4.949999999999999,4.949999999999999
45,142,16,19.91,-3.91,3.91
45,143,15,22.35,-7.350000000000001,7.350000000000001
45,144,14,28.59,-14.59,14.59
45,145,13,21.05,-8.05,8.05
45,146,12,20.81,-8.809999999999999,8.809999999999999
45,147,11,20.14,-9.14,9.14
45,148,10,14.19,-4.1899999999999995,4.1899999999999995
45,149,9,11.67,-2.67,2.67
45,150,8,12.19,-4.1899999999999995,4.1899999999999995
45,151,7,12.55,-5.550000000000001,5.550000000000001
45,152,6,11.38,-5.380000000000001,5.380000000000001
45,153,5,11.87,-6.869999999999999,6.869999999999999
45,154,4,11.74,-7.74,7.74
45,155,3,10.01,-7.01,7.01
45,156,2,2.39,-0.3900000000000001,0.3900000000000001
45,157,1,0.94,0.06000000000000005,0.06000000000000005
45,158,0,0.94,-0.94,0.94
46,5,125,124.97,0.030000000000001137,0.030000000000001137
46,6,125,125.0,0.0,0.0
46,7,125,124.94,0.060000000000002274,0.060000000000002274
46,8,125,124.65,0.3499999999999943,0.3499999999999943
46,9,125,125.0,0.0,0.0
46,10,125,124.98,0.01999999999999602,0.01999999999999602
46,11,125,125.0,0.0,0.0
46,12,125,125.0,0.0,0.0
46,13,125,125.0,0.0,0.0
46,14,125,124.99,0.010000000000005116,0.010000000000005116
46,15,125,124.82,0.18000000000000682,0.18000000000000682
46,16,125,124.75,0.25,0.25
46,17,125,125.0,0.0,0.0
46,18,125,124.76,0.23999999999999488,0.23999999999999488
46,19,125,124.85,0.15000000000000568,0.15000000000000568
46,20,125,125.0,0.0,0.0
46,21,125,124.85,0.15000000000000568,0.15000000000000568
46,22,125,125.0,0.0,0.0
46,23,125,125.0,0.0,0.0
46,24,125,124.82,0.18000000000000682,0.18000000000000682
46,25,125,124.91,0.09000000000000341,0.09000000000000341
46,26,125,125.0,0.0,0.0
46,27,125,124.85,0.15000000000000568,0.15000000000000568
46,28,125,124.69,0.3100000000000023,0.3100000000000023
46,29,125,124.66,0.3400000000000034,0.3400000000000034
46,30,125,125.0,0.0,0.0
46,31,125,124.68,0.3199999999999932,0.3199999999999932
46,32,125,119.95,5.049999999999997,5.049999999999997
46,33,125,124.42,0.5799999999999983,0.5799999999999983
46,34,125,124.26,0.7399999999999949,0.7399999999999949
46,35,125,124.43,0.5699999999999932,0.5699999999999932
46,36,125,124.25,0.75,0.75
46,37,125,124.66,0.3400000000000034,0.3400000000000034
46,38,125,124.87,0.12999999999999545,0.12999999999999545
46,39,125,124.33,0.6700000000000017,0.6700000000000017
46,40,125,124.54,0.45999999999999375,0.45999999999999375
46,41,125,123.84,1.1599999999999966,1.1599999999999966
46,42,125,121.6,3.4000000000000057,3.4000000000000057
46,43,125,124.02,0.980000000000004,0.980000000000004
46,44,125,124.57,0.4300000000000068,0.4300000000000068
46,45,125,124.47,0.5300000000000011,0.5300000000000011
46,46,125,121.78,3.219999999999999,3.219999999999999
46,47,125,124.08,0.9200000000000017,0.9200000000000017
46,48,125,122.77,2.230000000000004,2.230000000000004
46,49,125,119.09,5.909999999999997,5.909999999999997
46,50,125,119.03,5.969999999999999,5.969999999999999
46,51,125,119.44,5.560000000000002,5.560000000000002
46,52,125,119.1,5.900000000000006,5.900000000000006
46,53,125,120.3,4.700000000000003,4.700000000000003
46,54,125,115.82,9.180000000000007,9.180000000000007
46,55,125,120.35,4.650000000000006,4.650000000000006
46,56,125,120.62,4.3799999999999955,4.3799999999999955
46,57,125,119.27,5.730000000000004,5.730000000000004
46,58,125,123.06,1.9399999999999977,1.9399999999999977
46,59,125,124.75,0.25,0.25
46,60,125,122.1,2.9000000000000057,2.9000000000000057
46,61,125,122.32,2.680000000000007,2.680000000000007
46,62,125,121.11,3.8900000000000006,3.8900000000000006
46,63,125,119.75,5.25,5.25
46,64,125,118.08,6.920000000000002,6.920000000000002
46,65,125,122.1,2.9000000000000057,2.9000000000000057
46,66,125,121.79,3.2099999999999937,3.2099999999999937
46,67,125,120.14,4.859999999999999,4.859999999999999
46,68,125,116.79,8.209999999999994,8.209999999999994
46,69,125,120.77,4.230000000000004,4.230000000000004
46,70,125,117.17,7.829999999999998,7.829999999999998
46,71,125,119.48,5.519999999999996,5.519999999999996
46,72,125,114.53,10.469999999999999,10.469999999999999
46,73,125,113.87,11.129999999999995,11.129999999999995
46,74,125,110.89,14.11,14.11
46,75,125,114.16,10.840000000000003,10.840000000000003
46,76,125,115.39,9.61,9.61
46,77,125,118.53,6.469999999999999,6.469999999999999
46,78,125,122.16,2.8400000000000034,2.8400000000000034
46,79,125,115.71,9.290000000000006,9.290000000000006
46,80,125,121.52,3.480000000000004,3.480000000000004
46,81,125,120.4,4.599999999999994,4.599999999999994
46,82,125,121.84,3.1599999999999966,3.1599999999999966
46,83,125,121.43,3.569999999999993,3.569999999999993
46,84,125,120.35,4.650000000000006,4.650000000000006
46,85,125,119.57,5.430000000000007,5.430000000000007
46,86,125,118.51,6.489999999999995,6.489999999999995
46,87,125,104.95,20.049999999999997,20.049999999999997
46,88,125,116.81,8.189999999999998,8.189999999999998
46,89,125,115.94,9.060000000000002,9.060000000000002
46,90,125,116.84,8.159999999999997,8.159999999999997
46,91,125,114.1,10.900000000000006,10.900000000000006
46,92,125,113.75,11.25,11.25
46,93,125,113.38,11.620000000000005,11.620000000000005
46,94,125,108.25,16.75,16.75
46,95,125,109.9,15.099999999999994,15.099999999999994
46,96,125,108.52,16.480000000000004,16.480000000000004
46,97,125,111.13,13.870000000000005,13.870000000000005
46,98,125,110.85,14.150000000000006,14.150000000000006
46,99,125,115.41,9.590000000000003,9.590000000000003
46,100,125,115.4,9.599999999999994,9.599999999999994
46,101,125,111.81,13.189999999999998,13.189999999999998
46,102,125,114.27,10.730000000000004,10.730000000000004
46,103,125,112.42,12.579999999999998,12.579999999999998
46,104,125,111.93,13.069999999999993,13.069999999999993
46,105,125,110.35,14.650000000000006,14.650000000000006
46,106,125,112.83,12.170000000000002,12.170000000000002
46,107,125,114.29,10.709999999999994,10.709999999999994
46,108,125,101.72,23.28,23.28
46,109,125,92.17,32.83,32.83
46,110,125,98.04,26.959999999999994,26.959999999999994
46,111,125,100.7,24.299999999999997,24.299999999999997
46,112,125,96.9,28.099999999999994,28.099999999999994
46,113,125,98.78,26.22,26.22
46,114,125,103.56,21.439999999999998,21.439999999999998
46,115,125,108.61,16.39,16.39
46,116,125,102.98,22.019999999999996,22.019999999999996
46,117,125,99.9,25.099999999999994,25.099999999999994
46,118,125,101.14,23.86,23.86
46,119,125,98.46,26.540000000000006,26.540000000000006
46,120,125,99.06,25.939999999999998,25.939999999999998
46,121,125,95.71,29.290000000000006,29.290000000000006
46,122,125,94.42,30.58,30.58
46,123,125,102.06,22.939999999999998,22.939999999999998
46,124,125,100.35,24.650000000000006,24.650000000000006
46,125,125,105.91,19.090000000000003,19.090000000000003
46,126,125,104.21,20.790000000000006,20.790000000000006
46,127,125,103.07,21.930000000000007,21.930000000000007
46,128,125,105.42,19.58,19.58
46,129,125,104.24,20.760000000000005,20.760000000000005
46,130,125,109.86,15.14,15.14
46,131,125,110.89,14.11,14.11
46,132,124,112.62,11.379999999999995,11.379999999999995
46,133,123,112.28,10.719999999999999,10.719999999999999
46,134,122,108.29,13.709999999999994,13.709999999999994
46,135,121,112.6,8.400000000000006,8.400000000000006
46,136,120,111.38,8.620000000000005,8.620000000000005
46,137,119,114.2,4.799999999999997,4.799999999999997
46,138,118,116.64,1.3599999999999994,1.3599999999999994
46,139,117,116.81,0.18999999999999773,0.18999999999999773
46,140,116,111.61,4.390000000000001,4.390000000000001
46,141,115,100.79,14.209999999999994,14.209999999999994
46,142,114,106.63,7.3700000000000045,7.3700000000000045
46,143,113,103.38,9.620000000000005,9.620000000000005
46,144,112,102.59,9.409999999999997,9.409999999999997
46,145,111,104.69,6.310000000000002,6.310000000000002
46,146,110,105.85,4.150000000000006,4.150000000000006
46,147,109,111.09,-2.0900000000000034,2.0900000000000034
46,148,108,100.14,7.859999999999999,7.859999999999999
46,149,107,95.13,11.870000000000005,11.870000000000005
46,150,106,104.31,1.6899999999999977,1.6899999999999977
46,151,105,105.16,-0.1599999999999966,0.1599999999999966
46,152,104,107.25,-3.25,3.25
46,153,103,107.0,-4.0,4.0
46,154,102,107.48,-5.480000000000004,5.480000000000004
46,155,101,107.27,-6.269999999999996,6.269999999999996
46,156,100,106.81,-6.810000000000002,6.810000000000002
46,157,99,106.96,-7.959999999999994,7.959999999999994
46,158,98,113.25,-15.25,15.25
46,159,97,115.74,-18.739999999999995,18.739999999999995
46,160,96,118.99,-22.989999999999995,22.989999999999995
46,161,95,118.65,-23.650000000000006,23.650000000000006
46,162,94,116.37,-22.370000000000005,22.370000000000005
46,163,93,119.22,-26.22,26.22
46,164,92,114.63,-22.629999999999995,22.629999999999995
46,165,91,115.21,-24.209999999999994,24.209999999999994
46,166,90,118.94,-28.939999999999998,28.939999999999998
46,167,89,119.19,-30.189999999999998,30.189999999999998
46,168,88,120.5,-32.5,32.5
46,169,87,122.8,-35.8,35.8
46,170,86,116.44,-30.439999999999998,30.439999999999998
46,171,85,119.71,-34.709999999999994,34.709999999999994
46,172,84,120.18,-36.18000000000001,36.18000000000001
46,173,83,113.48,-30.480000000000004,30.480000000000004
46,174,82,99.02,-17.019999999999996,17.019999999999996
46,175,81,96.38,-15.379999999999995,15.379999999999995
46,176,80,101.61,-21.61,21.61
46,177,79,103.85,-24.849999999999994,24.849999999999994
46,178,78,99.23,-21.230000000000004,21.230000000000004
46,179,77,122.06,-45.06,45.06
46,180,76,119.14,-43.14,43.14
46,181,75,116.51,-41.510000000000005,41.510000000000005
46,182,74,113.74,-39.739999999999995,39.739999999999995
46,183,73,104.74,-31.739999999999995,31.739999999999995
46,184,72,104.78,-32.78,32.78
46,185,71,109.1,-38.099999999999994,38.099999999999994
46,186,70,107.73,-37.730000000000004,37.730000000000004
46,187,69,97.49,-28.489999999999995,28.489999999999995
46,188,68,100.6,-32.599999999999994,32.599999999999994
46,189,67,94.84,-27.840000000000003,27.840000000000003
46,190,66,76.49,-10.489999999999995,10.489999999999995
46,191,65,76.77,-11.769999999999996,11.769999999999996
46,192,64,78.7,-14.700000000000003,14.700000000000003
46,193,63,80.05,-17.049999999999997,17.049999999999997
46,194,62,89.17,-27.17,27.17
46,195,61,82.37,-21.370000000000005,21.370000000000005
46,196,60,77.69,-17.689999999999998,17.689999999999998
46,197,59,81.1,-22.099999999999994,22.099999999999994
46,198,58,76.76,-18.760000000000005,18.760000000000005
46,199,57,83.81,-26.810000000000002,26.810000000000002
46,200,56,76.68,-20.680000000000007,20.680000000000007
46,201,55,74.68,-19.680000000000007,19.680000000000007
46,202,54,75.28,-21.28,21.28
46,203,53,64.8,-11.799999999999997,11.799999999999997
46,204,52,67.2,-15.200000000000003,15.200000000000003
46,205,51,81.28,-30.28,30.28
46,206,50,72.45,-22.450000000000003,22.450000000000003
46,207,49,73.37,-24.370000000000005,24.370000000000005
46,208,48,84.09,-36.09,36.09
46,209,47,79.92,-32.92,32.92
46,210,46,65.69,-19.689999999999998,19.689999999999998
46,211,45,67.47,-22.47,22.47
46,212,44,60.97,-16.97,16.97
46,213,43,49.58,-6.579999999999998,6.579999999999998
46,214,42,57.99,-15.990000000000002,15.990000000000002
46,215,41,61.5,-20.5,20.5
46,216,40,53.91,-13.909999999999997,13.909999999999997
46,217,39,53.11,-14.11,14.11
46,218,38,43.22,-5.219999999999999,5.219999999999999
46,219,37,47.39,-10.39,10.39
46,220,36,39.27,-3.270000000000003,3.270000000000003
46,221,35,38.68,-3.6799999999999997,3.6799999999999997
46,222,34,43.23,-9.229999999999997,9.229999999999997
46,223,33,50.82,-17.82,17.82
46,224,32,52.39,-20.39,20.39
46,225,31,44.8,-13.799999999999997,13.799999999999997
46,226,30,48.32,-18.32,18.32
46,227,29,42.66,-13.659999999999997,13.659999999999997
46,228,28,41.34,-13.340000000000003,13.340000000000003
46,229,27,44.81,-17.810000000000002,17.810000000000002
46,230,26,41.84,-15.840000000000003,15.840000000000003
46,231,25,38.12,-13.119999999999997,13.119999999999997
46,232,24,37.61,-13.61,13.61
46,233,23,37.36,-14.36,14.36
46,234,22,33.55,-11.549999999999997,11.549999999999997
46,235,21,33.99,-12.990000000000002,12.990000000000002
46,236,20,32.96,-12.96,12.96
46,237,19,32.04,-13.04,13.04
46,238,18,21.51,-3.5100000000000016,3.5100000000000016
46,239,17,21.16,-4.16,4.16
46,240,16,20.72,-4.719999999999999,4.719999999999999
46,241,15,21.21,-6.210000000000001,6.210000000000001
46,242,14,20.37,-6.370000000000001,6.370000000000001
46,243,13,16.41,-3.41,3.41
46,244,12,18.04,-6.039999999999999,6.039999999999999
46,245,11,15.58,-4.58,4.58
46,246,10,10.24,-0.2400000000000002,0.2400000000000002
46,247,9,9.79,-0.7899999999999991,0.7899999999999991
46,248,8,9.75,-1.75,1.75
46,249,7,8.91,-1.9100000000000001,1.9100000000000001
46,250,6,4.14,1.8600000000000003,1.8600000000000003
46,251,5,5.85,-0.8499999999999996,0.8499999999999996
46,252,4,4.92,-0.9199999999999999,0.9199999999999999
46,253,3,3.9,-0.8999999999999999,0.8999999999999999
46,254,2,4.23,-2.2300000000000004,2.2300000000000004
46,255,1,1.65,-0.6499999999999999,0.6499999999999999
46,256,0,0.95,-0.95,0.95
54,5,125,125.0,0.0,0.0
54,6,125,124.98,0.01999999999999602,0.01999999999999602
54,7,125,125.0,0.0,0.0
54,8,125,125.0,0.0,0.0
54,9,125,124.99,0.010000000000005116,0.010000000000005116
54,10,125,125.0,0.0,0.0
54,11,125,125.0,0.0,0.0
54,12,125,124.95,0.04999999999999716,0.04999999999999716
54,13,125,125.0,0.0,0.0
54,14,125,125.0,0.0,0.0
54,15,125,124.61,0.39000000000000057,0.39000000000000057
54,16,125,124.98,0.01999999999999602,0.01999999999999602
54,17,125,125.0,0.0,0.0
54,18,125,125.0,0.0,0.0
54,19,125,125.0,0.0,0.0
54,20,125,125.0,0.0,0.0
54,21,125,125.0,0.0,0.0
54,22,125,125.0,0.0,0.0
54,23,125,124.92,0.0799999999999983,0.0799999999999983
54,24,125,124.73,0.269999999999996,0.269999999999996
54,25,125,124.57,0.4300000000000068,0.4300000000000068
54,26,125,124.71,0.29000000000000625,0.29000000000000625
54,27,125,124.92,0.0799999999999983,0.0799999999999983
54,28,125,124.68,0.3199999999999932,0.3199999999999932
54,29,125,124.1,0.9000000000000057,0.9000000000000057
54,30,125,124.49,0.5100000000000051,0.5100000000000051
54,31,125,124.6,0.4000000000000057,0.4000000000000057
54,32,125,123.89,1.1099999999999994,1.1099999999999994
54,33,125,123.39,1.6099999999999994,1.6099999999999994
54,34,125,124.69,0.3100000000000023,0.3100000000000023
54,35,125,121.79,3.2099999999999937,3.2099999999999937
54,36,125,119.83,5.170000000000002,5.170000000000002
54,37,125,122.25,2.75,2.75
54,38,125,123.34,1.6599999999999966,1.6599999999999966
54,39,125,120.26,4.739999999999995,4.739999999999995
54,40,125,121.99,3.010000000000005,3.010000000000005
54,41,125,118.94,6.060000000000002,6.060000000000002
54,42,125,119.41,5.590000000000003,5.590000000000003
54,43,125,120.68,4.319999999999993,4.319999999999993
54,44,125,122.78,2.219999999999999,2.219999999999999
54,45,125,121.25,3.75,3.75
54,46,125,124.24,0.7600000000000051,0.7600000000000051
54,47,125,122.71,2.2900000000000063,2.2900000000000063
54,48,125,121.94,3.0600000000000023,3.0600000000000023
54,49,125,120.91,4.090000000000003,4.090000000000003
54,50,125,124.15,0.8499999999999943,0.8499999999999943
54,51,125,124.66,0.3400000000000034,0.3400000000000034
54,52,125,123.39,1.6099999999999994,1.6099999999999994
54,53,125,123.78,1.2199999999999989,1.2199999999999989
54,54,125,122.13,2.8700000000000045,2.8700000000000045
54,55,125,123.2,1.7999999999999972,1.7999999999999972
54,56,125,124.12,0.8799999999999955,0.8799999999999955
54,57,125,119.41,5.590000000000003,5.590000000000003
54,58,125,117.71,7.290000000000006,7.290000000000006
54,59,125,123.79,1.2099999999999937,1.2099999999999937
54,60,125,123.59,1.4099999999999966,1.4099999999999966
54,61,125,118.3,6.700000000000003,6.700000000000003
54,62,125,123.31,1.6899999999999977,1.6899999999999977
54,63,125,121.82,3.180000000000007,3.180000000000007
54,64,125,116.58,8.420000000000002,8.420000000000002
54,65,125,123.11,1.8900000000000006,1.8900000000000006
54,66,125,122.77,2.230000000000004,2.230000000000004
54,67,125,120.2,4.799999999999997,4.799999999999997
54,68,125,116.45,8.549999999999997,8.549999999999997
54,69,125,113.96,11.040000000000006,11.040000000000006
54,70,125,118.17,6.829999999999998,6.829999999999998
54,71,125,113.64,11.36,11.36
54,72,125,114.74,10.260000000000005,10.260000000000005
54,73,125,112.15,12.849999999999994,12.849999999999994
54,74,125,102.99,22.010000000000005,22.010000000000005
54,75,125,112.72,12.280000000000001,12.280000000000001
54,76,125,114.31,10.689999999999998,10.689999999999998
54,77,125,114.3,10.700000000000003,10.700000000000003
54,78,125,111.99,13.010000000000005,13.010000000000005
54,79,125,115.57,9.430000000000007,9.430000000000007
54,80,125,119.41,5.590000000000003,5.590000000000003
54,81,125,121.23,3.769999999999996,3.769999999999996
54,82,125,119.08,5.920000000000002,5.920000000000002
54,83,125,117.38,7.6200000000000045,7.6200000000000045
54,84,125,119.18,5.819999999999993,5.819999999999993
54,85,125,118.76,6.239999999999995,6.239999999999995
54,86,125,117.02,7.980000000000004,7.980000000000004
54,87,125,118.95,6.049999999999997,6.049999999999997
54,88,125,116.42,8.579999999999998,8.579999999999998
54,89,125,114.22,10.780000000000001,10.780000000000001
54,90,125,109.53,15.469999999999999,15.469999999999999
54,91,125,113.17,11.829999999999998,11.829999999999998
54,92,125,113.29,11.709999999999994,11.709999999999994
54,93,125,116.46,8.540000000000006,8.540000000000006
54,94,125,120.57,4.430000000000007,4.430000000000007
54,95,125,120.75,4.25,4.25
54,96,125,119.24,5.760000000000005,5.760000000000005
54,97,125,118.99,6.010000000000005,6.010000000000005
54,98,125,118.91,6.090000000000003,6.090000000000003
54,99,125,111.37,13.629999999999995,13.629999999999995
54,100,125,112.62,12.379999999999995,12.379999999999995
54,101,125,113.12,11.879999999999995,11.879999999999995
54,102,125,113.38,11.620000000000005,11.620000000000005
54,103,125,116.99,8.010000000000005,8.010000000000005
54,104,125,112.62,12.379999999999995,12.379999999999995
54,105,125,112.04,12.959999999999994,12.959999999999994
54,106,125,112.75,12.25,12.25
54,107,125,116.11,8.89,8.89
54,108,125,115.77,9.230000000000004,9.230000000000004
54,109,125,112.71,12.290000000000006,12.290000000000006
54,110,125,116.38,8.620000000000005,8.620000000000005
54,111,125,110.15,14.849999999999994,14.849999999999994
54,112,125,108.53,16.47,16.47
54,113,125,116.23,8.769999999999996,8.769999999999996
54,114,125,114.67,10.329999999999998,10.329999999999998
54,115,125,118.52,6.480000000000004,6.480000000000004
54,116,125,117.31,7.689999999999998,7.689999999999998
54,117,125,119.35,5.650000000000006,5.650000000000006
54,118,125,119.74,5.260000000000005,5.260000000000005
54,119,125,119.27,5.730000000000004,5.730000000000004
54,120,125,112.36,12.64,12.64
54,121,125,112.26,12.739999999999995,12.739999999999995
54,122,125,112.97,12.030000000000001,12.030000000000001
54,123,125,113.27,11.730000000000004,11.730000000000004
54,124,125,115.75,9.25,9.25
54,125,125,118.42,6.579999999999998,6.579999999999998
54,126,125,114.31,10.689999999999998,10.689999999999998
54,127,125,110.12,14.879999999999995,14.879999999999995
54,128,125,114.49,10.510000000000005,10.510000000000005
54,129,125,113.91,11.090000000000003,11.090000000000003
54,130,125,117.78,7.219999999999999,7.219999999999999
54,131,125,119.28,5.719999999999999,5.719999999999999
54,132,125,118.83,6.170000000000002,6.170000000000002
54,133,124,114.69,9.310000000000002,9.310000000000002
54,134,123,116.66,6.340000000000003,6.340000000000003
54,135,122,113.14,8.86,8.86
54,136,121,111.0,10.0,10.0
54,137,120,106.19,13.810000000000002,13.810000000000002
54,138,119,94.3,24.700000000000003,24.700000000000003
54,139,118,102.07,15.930000000000007,15.930000000000007
54,140,117,102.41,14.590000000000003,14.590000000000003
54,141,116,116.58,-0.5799999999999983,0.5799999999999983
54,142,115,118.91,-3.9099999999999966,3.9099999999999966
54,143,114,116.16,-2.1599999999999966,2.1599999999999966
54,144,113,110.47,2.530000000000001,2.530000000000001
54,145,112,109.58,2.4200000000000017,2.4200000000000017
54,146,111,108.43,2.569999999999993,2.569999999999993
54,147,110,110.29,-0.29000000000000625,0.29000000000000625
54,148,109,103.77,5.230000000000004,5.230000000000004
54,149,108,112.89,-4.890000000000001,4.890000000000001
54,150,107,116.1,-9.099999999999994,9.099999999999994
54,151,106,112.78,-6.780000000000001,6.780000000000001
54,152,105,101.99,3.010000000000005,3.010000000000005
54,153,104,108.15,-4.150000000000006,4.150000000000006
54,154,103,107.87,-4.8700000000000045,4.8700000000000045
54,155,102,108.63,-6.6299999999999955,6.6299999999999955
54,156,101,111.65,-10.650000000000006,10.650000000000006
54,157,100,107.99,-7.989999999999995,7.989999999999995
54,158,99,109.59,-10.590000000000003,10.590000000000003
54,159,98,113.62,-15.620000000000005,15.620000000000005
54,160,97,106.16,-9.159999999999997,9.159999999999997
54,161,96,102.11,-6.109999999999999,6.109999999999999
54,162,95,106.93,-11.930000000000007,11.930000000000007
54,163,94,107.4,-13.400000000000006,13.400000000000006
54,164,93,100.0,-7.0,7.0
54,165,92,103.16,-11.159999999999997,11.159999999999997
54,166,91,104.26,-13.260000000000005,13.260000000000005
54,167,90,103.17,-13.170000000000002,13.170000000000002
54,168,89,103.45,-14.450000000000003,14.450000000000003
54,169,88,102.13,-14.129999999999995,14.129999999999995
54,170,87,81.46,5.540000000000006,5.540000000000006
54,171,86,93.59,-7.590000000000003,7.590000000000003
54,172,85,99.13,-14.129999999999995,14.129999999999995
54,173,84,95.02,-11.019999999999996,11.019999999999996
54,174,83,94.38,-11.379999999999995,11.379999999999995
54,175,82,88.28,-6.280000000000001,6.280000000000001
54,176,81,89.68,-8.680000000000007,8.680000000000007
54,177,80,89.26,-9.260000000000005,9.260000000000005
54,178,79,85.15,-6.150000000000006,6.150000000000006
54,179,78,86.01,-8.010000000000005,8.010000000000005
54,180,77,81.36,-4.359999999999999,4.359999999999999
54,181,76,69.57,6.430000000000007,6.430000000000007
54,182,75,63.35,11.649999999999999,11.649999999999999
54,183,74,66.95,7.049999999999997,7.049999999999997
54,184,73,69.03,3.969999999999999,3.969999999999999
54,185,72,68.62,3.3799999999999955,3.3799999999999955
54,186,71,62.45,8.549999999999997,8.549999999999997
54,187,70,66.34,3.6599999999999966,3.6599999999999966
54,188,69,70.22,-1.2199999999999989,1.2199999999999989
54,189,68,68.68,-0.6800000000000068,0.6800000000000068
54,190,67,67.58,-0.5799999999999983,0.5799999999999983
54,191,66,72.07,-6.069999999999993,6.069999999999993
54,192,65,72.99,-7.989999999999995,7.989999999999995
54,193,64,70.13,-6.1299999999999955,6.1299999999999955
54,194,63,62.32,0.6799999999999997,0.6799999999999997
54,195,62,67.53,-5.530000000000001,5.530000000000001
54,196,61,68.98,-7.980000000000004,7.980000000000004
54,197,60,65.04,-5.040000000000006,5.040000000000006
54,198,59,68.43,-9.430000000000007,9.430000000000007
54,199,58,68.24,-10.239999999999995,10.239999999999995
54,200,57,65.87,-8.870000000000005,8.870000000000005
54,201,56,59.77,-3.770000000000003,3.770000000000003
54,202,55,63.37,-8.369999999999997,8.369999999999997
54,203,54,62.74,-8.740000000000002,8.740000000000002
54,204,53,62.36,-9.36,9.36
54,205,52,60.18,-8.18,8.18
54,206,51,60.32,-9.32,9.32
54,207,50,60.16,-10.159999999999997,10.159999999999997
54,208,49,44.28,4.719999999999999,4.719999999999999
54,209,48,56.54,-8.54,8.54
54,210,47,55.83,-8.829999999999998,8.829999999999998
54,211,46,54.79,-8.79,8.79
54,212,45,49.82,-4.82,4.82
54,213,44,53.0,-9.0,9.0
54,214,43,36.86,6.140000000000001,6.140000000000001
54,215,42,35.04,6.960000000000001,6.960000000000001
54,216,41,37.83,3.1700000000000017,3.1700000000000017
54,217,40,36.8,3.200000000000003,3.200000000000003
54,218,39,36.56,2.4399999999999977,2.4399999999999977
54,219,38,34.96,3.039999999999999,3.039999999999999
54,220,37,35.42,1.5799999999999983,1.5799999999999983
54,221,36,35.04,0.9600000000000009,0.9600000000000009
54,222,35,34.85,0.14999999999999858,0.14999999999999858
54,223,34,37.16,-3.1599999999999966,3.1599999999999966
54,224,33,35.34,-2.3400000000000034,2.3400000000000034
54,225,32,34.29,-2.289999999999999,2.289999999999999
54,226,31,34.71,-3.710000000000001,3.710000000000001
54,227,30,34.14,-4.140000000000001,4.140000000000001
54,228,29,31.92,-2.9200000000000017,2.9200000000000017
54,229,28,32.99,-4.990000000000002,4.990000000000002
54,230,27,30.95,-3.9499999999999993,3.9499999999999993
54,231,26,26.58,-0.5799999999999983,0.5799999999999983
54,232,25,32.49,-7.490000000000002,7.490000000000002
54,233,24,31.44,-7.440000000000001,7.440000000000001
54,234,23,27.5,-4.5,4.5
54,235,22,24.12,-2.120000000000001,2.120000000000001
54,236,21,25.56,-4.559999999999999,4.559999999999999
54,237,20,23.22,-3.219999999999999,3.219999999999999
54,238,19,17.44,1.5599999999999987,1.5599999999999987
54,239,18,16.63,1.370000000000001,1.370000000000001
54,240,17,16.3,0.6999999999999993,0.6999999999999993
54,241,16,17.08,-1.0799999999999983,1.0799999999999983
54,242,15,15.61,-0.6099999999999994,0.6099999999999994
54,243,14,13.61,0.39000000000000057,0.39000000000000057
54,244,13,13.29,-0.28999999999999915,0.28999999999999915
54,245,12,12.92,-0.9199999999999999,0.9199999999999999
54,246,11,11.78,-0.7799999999999994,0.7799999999999994
54,247,10,11.0,-1.0,1.0
54,248,9,9.89,-0.8900000000000006,0.8900000000000006
54,249,8,8.21,-0.21000000000000085,0.21000000000000085
54,250,7,9.75,-2.75,2.75
54,251,6,7.33,-1.33,1.33
54,252,5,5.71,-0.71,0.71
54,253,4,4.02,-0.019999999999999574,0.019999999999999574
54,254,3,4.1,-1.0999999999999996,1.0999999999999996
54,255,2,5.5,-3.5,3.5
54,256,1,3.55,-2.55,2.55
54,257,0,1.32,-1.32,1.32
71,5,125,124.58,0.4200000000000017,0.4200000000000017
71,6,125,124.61,0.39000000000000057,0.39000000000000057
71,7,125,123.59,1.4099999999999966,1.4099999999999966
71,8,125,123.72,1.2800000000000011,1.2800000000000011
71,9,125,124.09,0.9099999999999966,0.9099999999999966
71,10,125,124.12,0.8799999999999955,0.8799999999999955
71,11,125,124.8,0.20000000000000284,0.20000000000000284
71,12,125,123.68,1.3199999999999932,1.3199999999999932
71,13,125,122.19,2.8100000000000023,2.8100000000000023
71,14,125,123.82,1.1800000000000068,1.1800000000000068
71,15,125,124.59,0.4099999999999966,0.4099999999999966
71,16,125,123.55,1.4500000000000028,1.4500000000000028
71,17,125,124.89,0.10999999999999943,0.10999999999999943
71,18,125,124.82,0.18000000000000682,0.18000000000000682
71,19,125,124.67,0.3299999999999983,0.3299999999999983
71,20,125,124.53,0.46999999999999886,0.46999999999999886
71,21,125,124.57,0.4300000000000068,0.4300000000000068
71,22,125,124.94,0.060000000000002274,0.060000000000002274
71,23,125,125.0,0.0,0.0
71,24,125,124.93,0.06999999999999318,0.06999999999999318
71,25,125,124.86,0.14000000000000057,0.14000000000000057
71,26,125,124.16,0.8400000000000034,0.8400000000000034
71,27,125,124.21,0.7900000000000063,0.7900000000000063
71,28,125,124.57,0.4300000000000068,0.4300000000000068
71,29,125,122.22,2.780000000000001,2.780000000000001
71,30,125,123.02,1.980000000000004,1.980000000000004
71,31,125,124.62,0.37999999999999545,0.37999999999999545
71,32,125,118.75,6.25,6.25
71,33,125,121.66,3.3400000000000034,3.3400000000000034
71,34,125,122.59,2.4099999999999966,2.4099999999999966
71,35,125,123.97,1.0300000000000011,1.0300000000000011
71,36,125,123.33,1.6700000000000017,1.6700000000000017
71,37,125,123.97,1.0300000000000011,1.0300000000000011
71,38,125,124.89,0.10999999999999943,0.10999999999999943
71,39,125,124.32,0.6800000000000068,0.6800000000000068
71,40,125,124.47,0.5300000000000011,0.5300000000000011
71,41,125,121.17,3.8299999999999983,3.8299999999999983
71,42,125,121.3,3.700000000000003,3.700000000000003
71,43,125,120.35,4.650000000000006,4.650000000000006
71,44,125,120.94,4.060000000000002,4.060000000000002
71,45,125,119.29,5.709999999999994,5.709999999999994
71,46,125,122.77,2.230000000000004,2.230000000000004
71,47,125,120.02,4.980000000000004,4.980000000000004
71,48,125,118.55,6.450000000000003,6.450000000000003
71,49,125,116.14,8.86,8.86
71,50,125,121.06,3.9399999999999977,3.9399999999999977
71,51,125,119.98,5.019999999999996,5.019999999999996
71,52,125,121.56,3.4399999999999977,3.4399999999999977
71,53,125,122.68,2.319999999999993,2.319999999999993
71,54,125,123.2,1.7999999999999972,1.7999999999999972
71,55,125,124.33,0.6700000000000017,0.6700000000000017
71,56,125,123.15,1.8499999999999943,1.8499999999999943
71,57,125,117.06,7.939999999999998,7.939999999999998
71,58,125,120.57,4.430000000000007,4.430000000000007
71,59,125,123.4,1.5999999999999943,1.5999999999999943
71,60,125,123.6,1.4000000000000057,1.4000000000000057
71,61,125,120.92,4.079999999999998,4.079999999999998
71,62,125,118.57,6.430000000000007,6.430000000000007
71,63,125,119.55,5.450000000000003,5.450000000000003
71,64,125,115.76,9.239999999999995,9.239999999999995
71,65,125,115.31,9.689999999999998,9.689999999999998
71,66,125,119.31,5.689999999999998,5.689999999999998
71,67,125,115.54,9.459999999999994,9.459999999999994
71,68,125,118.87,6.1299999999999955,6.1299999999999955
71,69,125,115.33,9.670000000000002,9.670000000000002
71,70,125,113.81,11.189999999999998,11.189999999999998
71,71,125,113.4,11.599999999999994,11.599999999999994
71,72,125,116.67,8.329999999999998,8.329999999999998
71,73,125,107.66,17.340000000000003,17.340000000000003
71,74,125,118.15,6.849999999999994,6.849999999999994
71,75,125,116.09,8.909999999999997,8.909999999999997
71,76,125,115.79,9.209999999999994,9.209999999999994
71,77,125,116.54,8.459999999999994,8.459999999999994
71,78,125,112.46,12.540000000000006,12.540000000000006
71,79,125,115.1,9.900000000000006,9.900000000000006
71,80,125,111.05,13.950000000000003,13.950000000000003
71,81,125,112.85,12.150000000000006,12.150000000000006
71,82,125,110.27,14.730000000000004,14.730000000000004
71,83,125,115.09,9.909999999999997,9.909999999999997
71,84,124,104.45,19.549999999999997,19.549999999999997
71,85,123,118.36,4.640000000000001,4.640000000000001
71,86,122,118.04,3.9599999999999937,3.9599999999999937
71,87,121,106.19,14.810000000000002,14.810000000000002
71,88,120,114.44,5.560000000000002,5.560000000000002
71,89,119,113.38,5.6200000000000045,5.6200000000000045
71,90,118,109.58,8.420000000000002,8.420000000000002
71,91,117,110.16,6.840000000000003,6.840000000000003
71,92,116,106.46,9.540000000000006,9.540000000000006
71,93,115,94.19,20.810000000000002,20.810000000000002
71,94,114,98.47,15.530000000000001,15.530000000000001
71,95,113,90.13,22.870000000000005,22.870000000000005
71,96,112,82.81,29.189999999999998,29.189999999999998
71,97,111,88.21,22.790000000000006,22.790000000000006
71,98,110,91.82,18.180000000000007,18.180000000000007
71,99,109,93.2,15.799999999999997,15.799999999999997
71,100,108,101.99,6.010000000000005,6.010000000000005
71,101,107,89.34,17.659999999999997,17.659999999999997
71,102,106,92.19,13.810000000000002,13.810000000000002
71,103,105,90.52,14.480000000000004,14.480000000000004
71,104,104,93.58,10.420000000000002,10.420000000000002
71,105,103,96.69,6.310000000000002,6.310000000000002
71,106,102,91.47,10.530000000000001,10.530000000000001
71,107,101,90.08,10.920000000000002,10.920000000000002
71,108,100,92.26,7.739999999999995,7.739999999999995
71,109,99,83.43,15.569999999999993,15.569999999999993
71,110,98,94.85,3.1500000000000057,3.1500000000000057
71,111,97,94.35,2.6500000000000057,2.6500000000000057
71,112,96,94.0,2.0,2.0
71,113,95,98.72,-3.719999999999999,3.719999999999999
71,114,94,90.65,3.3499999999999943,3.3499999999999943
71,115,93,88.62,4.3799999999999955,4.3799999999999955
71,116,92,90.34,1.6599999999999966,1.6599999999999966
71,117,91,94.12,-3.1200000000000045,3.1200000000000045
71,118,90,96.85,-6.849999999999994,6.849999999999994
71,119,89,89.25,-0.25,0.25
71,120,88,94.48,-6.480000000000004,6.480000000000004
71,121,87,89.36,-2.3599999999999994,2.3599999999999994
71,122,86,86.95,-0.9500000000000028,0.9500000000000028
71,123,85,82.42,2.5799999999999983,2.5799999999999983
71,124,84,70.29,13.709999999999994,13.709999999999994
71,125,83,81.03,1.9699999999999989,1.9699999999999989
71,126,82,83.61,-1.6099999999999994,1.6099999999999994
71,127,81,82.53,-1.5300000000000011,1.5300000000000011
71,128,80,81.33,-1.3299999999999983,1.3299999999999983
71,129,79,80.09,-1.0900000000000034,1.0900000000000034
71,130,78,83.08,-5.079999999999998,5.079999999999998
71,131,77,85.7,-8.700000000000003,8.700000000000003
71,132,76,85.34,-9.340000000000003,9.340000000000003
71,133,75,77.52,-2.519999999999996,2.519999999999996
71,134,74,87.52,-13.519999999999996,13.519999999999996
71,135,73,85.22,-12.219999999999999,12.219999999999999
71,136,72,75.84,-3.8400000000000034,3.8400000000000034
71,137,71,61.76,9.240000000000002,9.240000000000002
71,138,70,71.45,-1.4500000000000028,1.4500000000000028
71,139,69,72.53,-3.530000000000001,3.530000000000001
71,140,68,62.38,5.619999999999997,5.619999999999997
71,141,67,68.39,-1.3900000000000006,1.3900000000000006
71,142,66,75.16,-9.159999999999997,9.159999999999997
71,143,65,73.8,-8.799999999999997,8.799999999999997
71,144,64,77.47,-13.469999999999999,13.469999999999999
71,145,63,77.63,-14.629999999999995,14.629999999999995
71,146,62,69.12,-7.1200000000000045,7.1200000000000045
71,147,61,63.44,-2.4399999999999977,2.4399999999999977
71,148,60,67.71,-7.709999999999994,7.709999999999994
71,149,59,63.21,-4.210000000000001,4.210000000000001
71,150,58,58.03,-0.030000000000001137,0.030000000000001137
71,151,57,55.73,1.2700000000000031,1.2700000000000031
71,152,56,54.88,1.1199999999999974,1.1199999999999974
71,153,55,55.91,-0.9099999999999966,0.9099999999999966
71,154,54,54.87,-0.8699999999999974,0.8699999999999974
71,155,53,44.93,8.07,8.07
71,156,52,49.51,2.490000000000002,2.490000000000002
71,157,51,51.74,-0.740000000000002,0.740000000000002
71,158,50,45.5,4.5,4.5
71,159,49,51.23,-2.229999999999997,2.229999999999997
71,160,48,47.98,0.020000000000003126,0.020000000000003126
71,161,47,43.47,3.530000000000001,3.530000000000001
71,162,46,43.09,2.9099999999999966,2.9099999999999966
71,163,45,41.36,3.6400000000000006,3.6400000000000006
71,164,44,43.99,0.00999999999999801,0.00999999999999801
71,165,43,40.69,2.3100000000000023,2.3100000000000023
71,166,42,39.23,2.770000000000003,2.770000000000003
71,167,41,34.62,6.380000000000003,6.380000000000003
71,168,40,35.7,4.299999999999997,4.299999999999997
71,169,39,37.1,1.8999999999999986,1.8999999999999986
71,170,38,38.93,-0.9299999999999997,0.9299999999999997
71,171,37,39.3,-2.299999999999997,2.299999999999997
71,172,36,39.15,-3.1499999999999986,3.1499999999999986
71,173,35,38.88,-3.8800000000000026,3.8800000000000026
71,174,34,31.05,2.9499999999999993,2.9499999999999993
71,175,33,29.97,3.030000000000001,3.030000000000001
71,176,32,30.95,1.0500000000000007,1.0500000000000007
71,177,31,30.17,0.8299999999999983,0.8299999999999983
71,178,30,29.78,0.21999999999999886,0.21999999999999886
71,179,29,26.25,2.75,2.75
71,180,28,26.99,1.0100000000000016,1.0100000000000016
71,181,27,29.3,-2.3000000000000007,2.3000000000000007
71,182,26,25.73,0.2699999999999996,0.2699999999999996
71,183,25,21.8,3.1999999999999993,3.1999999999999993
71,184,24,24.07,-0.07000000000000028,0.07000000000000028
71,185,23,22.95,0.05000000000000071,0.05000000000000071
71,186,22,24.44,-2.4400000000000013,2.4400000000000013
71,187,21,22.58,-1.5799999999999983,1.5799999999999983
71,188,20,20.31,-0.3099999999999987,0.3099999999999987
71,189,19,20.47,-1.4699999999999989,1.4699999999999989
71,190,18,20.28,-2.280000000000001,2.280000000000001
71,191,17,16.22,0.7800000000000011,0.7800000000000011
71,192,16,16.34,-0.33999999999999986,0.33999999999999986
71,193,15,16.43,-1.4299999999999997,1.4299999999999997
71,194,14,13.38,0.6199999999999992,0.6199999999999992
71,195,13,13.87,-0.8699999999999992,0.8699999999999992
71,196,12,12.65,-0.6500000000000004,0.6500000000000004
71,197,11,11.56,-0.5600000000000005,0.5600000000000005
71,198,10,10.61,-0.6099999999999994,0.6099999999999994
71,199,9,11.09,-2.09,2.09
71,200,8,9.85,-1.8499999999999996,1.8499999999999996
71,201,7,10.26,-3.26,3.26
71,202,6,9.9,-3.9000000000000004,3.9000000000000004
71,203,5,7.44,-2.4400000000000004,2.4400000000000004
71,204,4,5.4,-1.4000000000000004,1.4000000000000004
71,205,3,4.38,-1.38,1.38
71,206,2,1.99,0.010000000000000009,0.010000000000000009
71,207,1,1.69,-0.69,0.69
71,208,0,1.35,-1.35,1.35
74,5,125,124.99,0.010000000000005116,0.010000000000005116
74,6,125,124.8,0.20000000000000284,0.20000000000000284
74,7,125,124.83,0.1700000000000017,0.1700000000000017
74,8,125,124.5,0.5,0.5
74,9,125,124.8,0.20000000000000284,0.20000000000000284
74,10,125,124.64,0.35999999999999943,0.35999999999999943
74,11,125,124.75,0.25,0.25
74,12,125,125.0,0.0,0.0
74,13,125,124.83,0.1700000000000017,0.1700000000000017
74,14,125,125.0,0.0,0.0
74,15,125,124.43,0.5699999999999932,0.5699999999999932
74,16,125,124.82,0.18000000000000682,0.18000000000000682
74,17,125,124.86,0.14000000000000057,0.14000000000000057
74,18,125,125.0,0.0,0.0
74,19,125,125.0,0.0,0.0
74,20,125,124.72,0.28000000000000114,0.28000000000000114
74,21,125,124.55,0.45000000000000284,0.45000000000000284
74,22,125,125.0,0.0,0.0
74,23,125,125.0,0.0,0.0
74,24,125,124.82,0.18000000000000682,0.18000000000000682
74,25,125,124.84,0.1599999999999966,0.1599999999999966
74,26,125,124.57,0.4300000000000068,0.4300000000000068
74,27,125,124.53,0.46999999999999886,0.46999999999999886
74,28,125,124.76,0.23999999999999488,0.23999999999999488
74,29,125,124.16,0.8400000000000034,0.8400000000000034
74,30,125,124.11,0.8900000000000006,0.8900000000000006
74,31,125,122.49,2.510000000000005,2.510000000000005
74,32,125,122.71,2.2900000000000063,2.2900000000000063
74,33,125,122.25,2.75,2.75
74,34,125,122.54,2.4599999999999937,2.4599999999999937
74,35,125,122.83,2.1700000000000017,2.1700000000000017
74,36,125,123.6,1.4000000000000057,1.4000000000000057
74,37,125,122.36,2.6400000000000006,2.6400000000000006
74,38,125,123.03,1.9699999999999989,1.9699999999999989
74,39,125,124.51,0.4899999999999949,0.4899999999999949
74,40,125,123.33,1.6700000000000017,1.6700000000000017
74,41,125,122.97,2.030000000000001,2.030000000000001
74,42,124,121.51,2.489999999999995,2.489999999999995
74,43,123,122.69,0.3100000000000023,0.3100000000000023
74,44,122,121.32,0.6800000000000068,0.6800000000000068
74,45,121,122.2,-1.2000000000000028,1.2000000000000028
74,46,120,123.65,-3.6500000000000057,3.6500000000000057
74,47,119,120.76,-1.7600000000000051,1.7600000000000051
74,48,118,122.38,-4.3799999999999955,4.3799999999999955
74,49,117,119.64,-2.6400000000000006,2.6400000000000006
74,50,116,122.89,-6.890000000000001,6.890000000000001
74,51,115,117.96,-2.9599999999999937,2.9599999999999937
74,52,114,119.18,-5.180000000000007,5.180000000000007
74,53,113,118.76,-5.760000000000005,5.760000000000005
74,54,112,112.85,-0.8499999999999943,0.8499999999999943
74,55,111,117.18,-6.180000000000007,6.180000000000007
74,56,110,112.42,-2.4200000000000017,2.4200000000000017
74,57,109,117.57,-8.569999999999993,8.569999999999993
74,58,108,118.48,-10.480000000000004,10.480000000000004
74,59,107,121.63,-14.629999999999995,14.629999999999995
74,60,106,119.49,-13.489999999999995,13.489999999999995
74,61,105,117.31,-12.310000000000002,12.310000000000002
74,62,104,119.89,-15.89,15.89
74,63,103,114.87,-11.870000000000005,11.870000000000005
74,64,102,115.04,-13.040000000000006,13.040000000000006
74,65,101,114.71,-13.709999999999994,13.709999999999994
74,66,100,112.99,-12.989999999999995,12.989999999999995
74,67,99,112.69,-13.689999999999998,13.689999999999998
74,68,98,108.52,-10.519999999999996,10.519999999999996
74,69,97,107.57,-10.569999999999993,10.569999999999993
74,70,96,108.82,-12.819999999999993,12.819999999999993
74,71,95,112.52,-17.519999999999996,17.519999999999996
74,72,94,107.97,-13.969999999999999,13.969999999999999
74,73,93,110.37,-17.370000000000005,17.370000000000005
74,74,92,115.97,-23.97,23.97
74,75,91,114.91,-23.909999999999997,23.909999999999997
74,76,90,117.23,-27.230000000000004,27.230000000000004
74,77,89,115.3,-26.299999999999997,26.299999999999997
74,78,88,108.57,-20.569999999999993,20.569999999999993
74,79,87,111.91,-24.909999999999997,24.909999999999997
74,80,86,114.34,-28.340000000000003,28.340000000000003
74,81,85,107.97,-22.97,22.97
74,82,84,105.2,-21.200000000000003,21.200000000000003
74,83,83,101.41,-18.409999999999997,18.409999999999997
74,84,82,108.6,-26.599999999999994,26.599999999999994
74,85,81,107.52,-26.519999999999996,26.519999999999996
74,86,80,109.03,-29.03,29.03
74,87,79,104.45,-25.450000000000003,25.450000000000003
74,88,78,102.22,-24.22,24.22
74,89,77,98.98,-21.980000000000004,21.980000000000004
74,90,76,95.38,-19.379999999999995,19.379999999999995
74,91,75,105.29,-30.290000000000006,30.290000000000006
74,92,74,101.97,-27.97,27.97
74,93,73,98.37,-25.370000000000005,25.370000000000005
74,94,72,94.37,-22.370000000000005,22.370000000000005
74,95,71,95.66,-24.659999999999997,24.659999999999997
74,96,70,95.68,-25.680000000000007,25.680000000000007
74,97,69,93.25,-24.25,24.25
74,98,68,95.26,-27.260000000000005,27.260000000000005
74,99,67,94.49,-27.489999999999995,27.489999999999995
74,100,66,97.99,-31.989999999999995,31.989999999999995
74,101,65,98.29,-33.290000000000006,33.290000000000006
74,102,64,95.06,-31.060000000000002,31.060000000000002
74,103,63,91.95,-28.950000000000003,28.950000000000003
74,104,62,99.38,-37.379999999999995,37.379999999999995
74,105,61,93.12,-32.120000000000005,32.120000000000005
74,106,60,94.01,-34.010000000000005,34.010000000000005
74,107,59,95.68,-36.68000000000001,36.68000000000001
74,108,58,90.18,-32.18000000000001,32.18000000000001
74,109,57,94.09,-37.09,37.09
74,110,56,87.91,-31.909999999999997,31.909999999999997
74,111,55,85.89,-30.89,30.89
74,112,54,89.26,-35.260000000000005,35.260000000000005
74,113,53,79.59,-26.590000000000003,26.590000000000003
74,114,52,91.48,-39.480000000000004,39.480000000000004
74,115,51,77.16,-26.159999999999997,26.159999999999997
74,116,50,92.73,-42.730000000000004,42.730000000000004
74,117,49,88.97,-39.97,39.97
74,118,48,89.64,-41.64,41.64
74,119,47,77.42,-30.42,30.42
74,120,46,86.94,-40.94,40.94
74,121,45,81.19,-36.19,36.19
74,122,44,77.73,-33.730000000000004,33.730000000000004
74,123,43,77.3,-34.3,34.3
74,124,42,76.83,-34.83,34.83
74,125,41,82.22,-41.22,41.22
74,126,40,80.58,-40.58,40.58
74,127,39,81.79,-42.790000000000006,42.790000000000006
74,128,38,79.39,-41.39,41.39
74,129,37,81.59,-44.59,44.59
74,130,36,80.96,-44.959999999999994,44.959999999999994
74,131,35,72.71,-37.709999999999994,37.709999999999994
74,132,34,76.01,-42.010000000000005,42.010000000000005
74,133,33,67.93,-34.93000000000001,34.93000000000001
74,134,32,65.12,-33.120000000000005,33.120000000000005
74,135,31,66.09,-35.09,35.09
74,136,30,61.46,-31.46,31.46
74,137,29,61.65,-32.65,32.65
74,138,28,61.49,-33.49,33.49
74,139,27,53.51,-26.509999999999998,26.509999999999998
74,140,26,49.61,-23.61,23.61
74,141,25,48.07,-23.07,23.07
74,142,24,32.3,-8.299999999999997,8.299999999999997
74,143,23,34.86,-11.86,11.86
74,144,22,33.92,-11.920000000000002,11.920000000000002
74,145,21,33.77,-12.770000000000003,12.770000000000003
74,146,20,37.74,-17.740000000000002,17.740000000000002
74,147,19,38.82,-19.82,19.82
74,148,18,33.18,-15.18,15.18
74,149,17,32.43,-15.43,15.43
74,150,16,28.96,-12.96,12.96
74,151,15,31.14,-16.14,16.14
74,152,14,29.42,-15.420000000000002,15.420000000000002
74,153,13,20.35,-7.350000000000001,7.350000000000001
74,154,12,23.85,-11.850000000000001,11.850000000000001
74,155,11,19.25,-8.25,8.25
74,156,10,15.91,-5.91,5.91
74,157,9,14.28,-5.279999999999999,5.279999999999999
74,158,8,13.44,-5.4399999999999995,5.4399999999999995
74,159,7,12.54,-5.539999999999999,5.539999999999999
74,160,6,8.15,-2.1500000000000004,2.1500000000000004
74,161,5,7.25,-2.25,2.25
74,162,4,4.63,-0.6299999999999999,0.6299999999999999
74,163,3,3.48,-0.48,0.48
74,164,2,1.44,0.56,0.56
74,165,1,3.76,-2.76,2.76
74,166,0,3.16,-3.16,3.16
77,5,125,124.35,0.6500000000000057,0.6500000000000057
77,6,125,124.47,0.5300000000000011,0.5300000000000011
77,7,125,123.75,1.25,1.25
77,8,125,123.83,1.1700000000000017,1.1700000000000017
77,9,125,124.09,0.9099999999999966,0.9099999999999966
77,10,125,124.03,0.9699999999999989,0.9699999999999989
77,11,125,124.82,0.18000000000000682,0.18000000000000682
77,12,125,124.79,0.20999999999999375,0.20999999999999375
77,13,125,124.83,0.1700000000000017,0.1700000000000017
77,14,125,124.09,0.9099999999999966,0.9099999999999966
77,15,125,124.71,0.29000000000000625,0.29000000000000625
77,16,125,123.16,1.8400000000000034,1.8400000000000034
77,17,125,124.08,0.9200000000000017,0.9200000000000017
77,18,125,124.83,0.1700000000000017,0.1700000000000017
77,19,125,124.6,0.4000000000000057,0.4000000000000057
77,20,125,124.64,0.35999999999999943,0.35999999999999943
77,21,125,123.54,1.4599999999999937,1.4599999999999937
77,22,125,124.64,0.35999999999999943,0.35999999999999943
77,23,125,124.36,0.6400000000000006,0.6400000000000006
77,24,125,124.03,0.9699999999999989,0.9699999999999989
77,25,125,124.76,0.23999999999999488,0.23999999999999488
77,26,125,124.7,0.29999999999999716,0.29999999999999716
77,27,125,124.6,0.4000000000000057,0.4000000000000057
77,28,125,124.65,0.3499999999999943,0.3499999999999943
77,29,125,123.87,1.1299999999999955,1.1299999999999955
77,30,124,122.93,1.0699999999999932,1.0699999999999932
77,31,123,123.93,-0.9300000000000068,0.9300000000000068
77,32,122,124.55,-2.549999999999997,2.549999999999997
77,33,121,117.69,3.3100000000000023,3.3100000000000023
77,34,120,115.91,4.090000000000003,4.090000000000003
77,35,119,115.9,3.0999999999999943,3.0999999999999943
77,36,118,117.17,0.8299999999999983,0.8299999999999983
77,37,117,111.93,5.069999999999993,5.069999999999993
77,38,116,123.0,-7.0,7.0
77,39,115,123.16,-8.159999999999997,8.159999999999997
77,40,114,123.03,-9.030000000000001,9.030000000000001
77,41,113,123.65,-10.650000000000006,10.650000000000006
77,42,112,123.07,-11.069999999999993,11.069999999999993
77,43,111,124.22,-13.219999999999999,13.219999999999999
77,44,110,124.35,-14.349999999999994,14.349999999999994
77,45,109,122.55,-13.549999999999997,13.549999999999997
77,46,108,123.67,-15.670000000000002,15.670000000000002
77,47,107,121.51,-14.510000000000005,14.510000000000005
77,48,106,119.04,-13.040000000000006,13.040000000000006
77,49,105,120.34,-15.340000000000003,15.340000000000003
77,50,104,122.18,-18.180000000000007,18.180000000000007
77,51,103,122.04,-19.040000000000006,19.040000000000006
77,52,102,122.37,-20.370000000000005,20.370000000000005
77,53,101,123.01,-22.010000000000005,22.010000000000005
77,54,100,119.79,-19.790000000000006,19.790000000000006
77,55,99,120.34,-21.340000000000003,21.340000000000003
77,56,98,120.66,-22.659999999999997,22.659999999999997
77,57,97,119.01,-22.010000000000005,22.010000000000005
77,58,96,122.37,-26.370000000000005,26.370000000000005
77,59,95,119.51,-24.510000000000005,24.510000000000005
77,60,94,117.98,-23.980000000000004,23.980000000000004
77,61,93,121.39,-28.39,28.39
77,62,92,118.11,-26.11,26.11
77,63,91,115.7,-24.700000000000003,24.700000000000003
77,64,90,117.64,-27.64,27.64
77,65,89,116.17,-27.17,27.17
77,66,88,117.81,-29.810000000000002,29.810000000000002
77,67,87,120.92,-33.92,33.92
77,68,86,114.62,-28.620000000000005,28.620000000000005
77,69,85,117.09,-32.09,32.09
77,70,84,115.39,-31.39,31.39
77,71,83,104.15,-21.150000000000006,21.150000000000006
77,72,82,98.56,-16.560000000000002,16.560000000000002
77,73,81,94.2,-13.200000000000003,13.200000000000003
77,74,80,105.28,-25.28,25.28
77,75,79,101.34,-22.340000000000003,22.340000000000003
77,76,78,110.7,-32.7,32.7
77,77,77,110.09,-33.09,33.09
77,78,76,116.47,-40.47,40.47
77,79,75,110.33,-35.33,35.33
77,80,74,114.35,-40.349999999999994,40.349999999999994
77,81,73,111.12,-38.120000000000005,38.120000000000005
77,82,72,112.57,-40.56999999999999,40.56999999999999
77,83,71,111.16,-40.16,40.16
77,84,70,112.58,-42.58,42.58
77,85,69,115.25,-46.25,46.25
77,86,68,115.34,-47.34,47.34
77,87,67,112.0,-45.0,45.0
77,88,66,111.33,-45.33,45.33
77,89,65,99.33,-34.33,34.33
77,90,64,109.33,-45.33,45.33
77,91,63,98.83,-35.83,35.83
77,92,62,96.42,-34.42,34.42
77,93,61,103.9,-42.900000000000006,42.900000000000006
77,94,60,91.45,-31.450000000000003,31.450000000000003
77,95,59,75.74,-16.739999999999995,16.739999999999995
77,96,58,82.39,-24.39,24.39
77,97,57,82.63,-25.629999999999995,25.629999999999995
77,98,56,74.08,-18.08,18.08
77,99,55,77.25,-22.25,22.25
77,100,54,82.96,-28.959999999999994,28.959999999999994
77,101,53,88.0,-35.0,35.0
77,102,52,87.23,-35.230000000000004,35.230000000000004
77,103,51,89.24,-38.239999999999995,38.239999999999995
77,104,50,93.49,-43.489999999999995,43.489999999999995
77,105,49,80.04,-31.040000000000006,31.040000000000006
77,106,48,82.5,-34.5,34.5
77,107,47,82.5,-35.5,35.5
77,108,46,74.38,-28.379999999999995,28.379999999999995
77,109,45,72.64,-27.64,27.64
77,110,44,70.32,-26.319999999999993,26.319999999999993
77,111,43,66.63,-23.629999999999995,23.629999999999995
77,112,42,58.41,-16.409999999999997,16.409999999999997
77,113,41,67.79,-26.790000000000006,26.790000000000006
77,114,40,60.69,-20.689999999999998,20.689999999999998
77,115,39,57.42,-18.42,18.42
77,116,38,59.29,-21.29,21.29
77,117,37,54.73,-17.729999999999997,17.729999999999997
77,118,36,56.44,-20.439999999999998,20.439999999999998
77,119,35,51.31,-16.310000000000002,16.310000000000002
77,120,34,52.38,-18.380000000000003,18.380000000000003
77,121,33,44.43,-11.43,11.43
77,122,32,42.12,-10.119999999999997,10.119999999999997
77,123,31,56.07,-25.07,25.07
77,124,30,38.79,-8.79,8.79
77,125,29,37.92,-8.920000000000002,8.920000000000002
77,126,28,39.17,-11.170000000000002,11.170000000000002
77,127,27,32.59,-5.590000000000003,5.590000000000003
77,128,26,27.01,-1.0100000000000016,1.0100000000000016
77,129,25,25.61,-0.6099999999999994,0.6099999999999994
77,130,24,24.8,-0.8000000000000007,0.8000000000000007
77,131,23,24.9,-1.8999999999999986,1.8999999999999986
77,132,22,23.22,-1.2199999999999989,1.2199999999999989
77,133,21,26.8,-5.800000000000001,5.800000000000001
77,134,20,25.58,-5.579999999999998,5.579999999999998
77,135,19,26.6,-7.600000000000001,7.600000000000001
77,136,18,25.36,-7.359999999999999,7.359999999999999
77,137,17,24.71,-7.710000000000001,7.710000000000001
77,138,16,23.7,-7.699999999999999,7.699999999999999
77,139,15,25.89,-10.89,10.89
77,140,14,21.94,-7.940000000000001,7.940000000000001
77,141,13,18.48,-5.48,5.48
77,142,12,20.52,-8.52,8.52
77,143,11,19.11,-8.11,8.11
77,144,10,18.02,-8.02,8.02
77,145,9,14.69,-5.6899999999999995,5.6899999999999995
77,146,8,12.1,-4.1,4.1
77,147,7,10.24,-3.24,3.24
77,148,6,8.34,-2.34,2.34
77,149,5,6.25,-1.25,1.25
77,150,4,5.56,-1.5599999999999996,1.5599999999999996
77,151,3,5.78,-2.7800000000000002,2.7800000000000002
77,152,2,3.21,-1.21,1.21
77,153,1,2.33,-1.33,1.33
77,154,0,4.24,-4.24,4.24
78,5,125,124.82,0.18000000000000682,0.18000000000000682
78,6,125,124.12,0.8799999999999955,0.8799999999999955
78,7,125,125.0,0.0,0.0
78,8,125,124.47,0.5300000000000011,0.5300000000000011
78,9,125,124.06,0.9399999999999977,0.9399999999999977
78,10,125,125.0,0.0,0.0
78,11,125,125.0,0.0,0.0
78,12,125,124.9,0.09999999999999432,0.09999999999999432
78,13,125,125.0,0.0,0.0
78,14,125,125.0,0.0,0.0
78,15,125,125.0,0.0,0.0
78,16,125,125.0,0.0,0.0
78,17,125,125.0,0.0,0.0
78,18,125,124.9,0.09999999999999432,0.09999999999999432
78,19,125,124.98,0.01999999999999602,0.01999999999999602
78,20,125,124.74,0.2600000000000051,0.2600000000000051
78,21,125,124.87,0.12999999999999545,0.12999999999999545
78,22,125,124.6,0.4000000000000057,0.4000000000000057
78,23,125,124.88,0.12000000000000455,0.12000000000000455
78,24,125,124.84,0.1599999999999966,0.1599999999999966
78,25,125,125.0,0.0,0.0
78,26,125,125.0,0.0,0.0
78,27,125,124.87,0.12999999999999545,0.12999999999999545
78,28,125,124.91,0.09000000000000341,0.09000000000000341
78,29,125,124.89,0.10999999999999943,0.10999999999999943
78,30,125,124.84,0.1599999999999966,0.1599999999999966
78,31,125,124.76,0.23999999999999488,0.23999999999999488
78,32,125,124.28,0.7199999999999989,0.7199999999999989
78,33,125,123.22,1.7800000000000011,1.7800000000000011
78,34,125,124.27,0.730000000000004,0.730000000000004
78,35,125,122.08,2.9200000000000017,2.9200000000000017
78,36,125,120.86,4.140000000000001,4.140000000000001
78,37,125,121.28,3.719999999999999,3.719999999999999
78,38,125,120.53,4.469999999999999,4.469999999999999
78,39,125,123.62,1.3799999999999955,1.3799999999999955
78,40,125,120.84,4.159999999999997,4.159999999999997
78,41,125,123.53,1.4699999999999989,1.4699999999999989
78,42,125,124.71,0.29000000000000625,0.29000000000000625
78,43,125,124.58,0.4200000000000017,0.4200000000000017
78,44,125,124.37,0.6299999999999955,0.6299999999999955
78,45,125,120.11,4.890000000000001,4.890000000000001
78,46,125,123.53,1.4699999999999989,1.4699999999999989
78,47,125,122.41,2.5900000000000034,2.5900000000000034
78,48,125,120.83,4.170000000000002,4.170000000000002
78,49,125,120.48,4.519999999999996,4.519999999999996
78,50,125,124.14,0.8599999999999994,0.8599999999999994
78,51,125,123.24,1.7600000000000051,1.7600000000000051
78,52,125,122.22,2.780000000000001,2.780000000000001
78,53,125,122.7,2.299999999999997,2.299999999999997
78,54,125,123.6,1.4000000000000057,1.4000000000000057
78,55,125,122.75,2.25,2.25
78,56,125,124.16,0.8400000000000034,0.8400000000000034
78,57,125,124.22,0.7800000000000011,0.7800000000000011
78,58,125,122.51,2.489999999999995,2.489999999999995
78,59,125,123.42,1.5799999999999983,1.5799999999999983
78,60,125,121.11,3.8900000000000006,3.8900000000000006
78,61,125,121.32,3.680000000000007,3.680000000000007
78,62,125,120.8,4.200000000000003,4.200000000000003
78,63,125,121.85,3.1500000000000057,3.1500000000000057
78,64,125,115.43,9.569999999999993,9.569999999999993
78,65,125,121.25,3.75,3.75
78,66,125,121.44,3.5600000000000023,3.5600000000000023
78,67,125,120.76,4.239999999999995,4.239999999999995
78,68,125,121.97,3.030000000000001,3.030000000000001
78,69,125,123.95,1.0499999999999972,1.0499999999999972
78,70,125,122.54,2.4599999999999937,2.4599999999999937
78,71,125,122.82,2.180000000000007,2.180000000000007
78,72,125,123.45,1.5499999999999972,1.5499999999999972
78,73,125,118.28,6.719999999999999,6.719999999999999
78,74,125,120.79,4.209999999999994,4.209999999999994
78,75,125,117.92,7.079999999999998,7.079999999999998
78,76,125,122.09,2.9099999999999966,2.9099999999999966
78,77,125,120.83,4.170000000000002,4.170000000000002
78,78,125,121.83,3.1700000000000017,3.1700000000000017
78,79,125,120.08,4.920000000000002,4.920000000000002
78,80,125,119.61,5.390000000000001,5.390000000000001
78,81,125,117.73,7.269999999999996,7.269999999999996
78,82,125,117.77,7.230000000000004,7.230000000000004
78,83,125,118.4,6.599999999999994,6.599999999999994
78,84,125,119.47,5.530000000000001,5.530000000000001
78,85,125,119.46,5.540000000000006,5.540000000000006
78,86,125,120.61,4.390000000000001,4.390000000000001
78,87,125,122.32,2.680000000000007,2.680000000000007
78,88,125,118.45,6.549999999999997,6.549999999999997
78,89,125,116.82,8.180000000000007,8.180000000000007
78,90,125,120.93,4.069999999999993,4.069999999999993
78,91,125,117.54,7.459999999999994,7.459999999999994
78,92,125,114.22,10.780000000000001,10.780000000000001
78,93,125,113.21,11.790000000000006,11.790000000000006
78,94,125,112.93,12.069999999999993,12.069999999999993
78,95,125,114.28,10.719999999999999,10.719999999999999
78,96,125,110.04,14.959999999999994,14.959999999999994
78,97,125,111.41,13.590000000000003,13.590000000000003
78,98,125,106.88,18.120000000000005,18.120000000000005
78,99,125,105.76,19.239999999999995,19.239999999999995
78,100,125,102.61,22.39,22.39
78,101,125,108.27,16.730000000000004,16.730000000000004
78,102,125,112.24,12.760000000000005,12.760000000000005
78,103,125,105.85,19.150000000000006,19.150000000000006
78,104,125,108.01,16.989999999999995,16.989999999999995
78,105,125,110.76,14.239999999999995,14.239999999999995
78,106,125,107.59,17.409999999999997,17.409999999999997
78,107,124,102.41,21.590000000000003,21.590000000000003
78,108,123,109.26,13.739999999999995,13.739999999999995
78,109,122,110.67,11.329999999999998,11.329999999999998
78,110,121,107.62,13.379999999999995,13.379999999999995
78,111,120,108.6,11.400000000000006,11.400000000000006
78,112,119,105.17,13.829999999999998,13.829999999999998
78,113,118,108.29,9.709999999999994,9.709999999999994
78,114,117,107.47,9.530000000000001,9.530000000000001
78,115,116,113.13,2.8700000000000045,2.8700000000000045
78,116,115,108.1,6.900000000000006,6.900000000000006
78,117,114,113.99,0.010000000000005116,0.010000000000005116
78,118,113,102.36,10.64,10.64
78,119,112,102.93,9.069999999999993,9.069999999999993
78,120,111,101.72,9.280000000000001,9.280000000000001
78,121,110,101.96,8.040000000000006,8.040000000000006
78,122,109,94.3,14.700000000000003,14.700000000000003
78,123,108,98.99,9.010000000000005,9.010000000000005
78,124,107,104.0,3.0,3.0
78,125,106,101.72,4.280000000000001,4.280000000000001
78,126,105,104.94,0.060000000000002274,0.060000000000002274
78,127,104,104.38,-0.37999999999999545,0.37999999999999545
78,128,103,102.06,0.9399999999999977,0.9399999999999977
78,129,102,103.99,-1.9899999999999949,1.9899999999999949
78,130,101,106.13,-5.1299999999999955,5.1299999999999955
78,131,100,111.53,-11.530000000000001,11.530000000000001
78,132,99,104.55,-5.549999999999997,5.549999999999997
78,133,98,110.43,-12.430000000000007,12.430000000000007
78,134,97,95.93,1.0699999999999932,1.0699999999999932
78,135,96,100.72,-4.719999999999999,4.719999999999999
78,136,95,101.4,-6.400000000000006,6.400000000000006
78,137,94,103.63,-9.629999999999995,9.629999999999995
78,138,93,114.16,-21.159999999999997,21.159999999999997
78,139,92,115.5,-23.5,23.5
78,140,91,106.96,-15.959999999999994,15.959999999999994
78,141,90,103.05,-13.049999999999997,13.049999999999997
78,142,89,99.74,-10.739999999999995,10.739999999999995
78,143,88,96.83,-8.829999999999998,8.829999999999998
78,144,87,107.61,-20.61,20.61
78,145,86,108.76,-22.760000000000005,22.760000000000005
78,146,85,107.62,-22.620000000000005,22.620000000000005
78,147,84,109.94,-25.939999999999998,25.939999999999998
78,148,83,108.25,-25.25,25.25
78,149,82,108.25,-26.25,26.25
78,150,81,112.24,-31.239999999999995,31.239999999999995
78,151,80,103.03,-23.03,23.03
78,152,79,102.31,-23.310000000000002,23.310000000000002
78,153,78,101.68,-23.680000000000007,23.680000000000007
78,154,77,105.49,-28.489999999999995,28.489999999999995
78,155,76,102.89,-26.89,26.89
78,156,75,104.91,-29.909999999999997,29.909999999999997
78,157,74,112.27,-38.269999999999996,38.269999999999996
78,158,73,111.69,-38.69,38.69
78,159,72,114.78,-42.78,42.78
78,160,71,116.65,-45.650000000000006,45.650000000000006
78,161,70,116.37,-46.370000000000005,46.370000000000005
78,162,69,115.06,-46.06,46.06
78,163,68,109.15,-41.150000000000006,41.150000000000006
78,164,67,112.36,-45.36,45.36
78,165,66,111.69,-45.69,45.69
78,166,65,114.22,-49.22,49.22
78,167,64,102.67,-38.67,38.67
78,168,63,98.55,-35.55,35.55
78,169,62,106.81,-44.81,44.81
78,170,61,96.81,-35.81,35.81
78,171,60,99.15,-39.150000000000006,39.150000000000006
78,172,59,92.28,-33.28,33.28
78,173,58,84.0,-26.0,26.0
78,174,57,81.51,-24.510000000000005,24.510000000000005
78,175,56,79.25,-23.25,23.25
78,176,55,80.89,-25.89,25.89
78,177,54,78.1,-24.099999999999994,24.099999999999994
78,178,53,93.52,-40.519999999999996,40.519999999999996
78,179,52,106.88,-54.879999999999995,54.879999999999995
78,180,51,87.7,-36.7,36.7
78,181,50,86.16,-36.16,36.16
78,182,49,80.17,-31.17,31.17
78,183,48,71.98,-23.980000000000004,23.980000000000004
78,184,47,66.39,-19.39,19.39
78,185,46,77.13,-31.129999999999995,31.129999999999995
78,186,45,75.35,-30.349999999999994,30.349999999999994
78,187,44,70.9,-26.900000000000006,26.900000000000006
78,188,43,72.05,-29.049999999999997,29.049999999999997
78,189,42,72.36,-30.36,30.36
78,190,41,74.2,-33.2,33.2
78,191,40,64.68,-24.680000000000007,24.680000000000007
78,192,39,63.17,-24.17,24.17
78,193,38,66.0,-28.0,28.0
78,194,37,63.74,-26.740000000000002,26.740000000000002
78,195,36,69.44,-33.44,33.44
78,196,35,71.14,-36.14,36.14
78,197,34,68.45,-34.45,34.45
78,198,33,63.73,-30.729999999999997,30.729999999999997
78,199,32,60.78,-28.78,28.78
78,200,31,53.35,-22.35,22.35
78,201,30,51.27,-21.270000000000003,21.270000000000003
78,202,29,53.07,-24.07,24.07
78,203,28,51.89,-23.89,23.89
78,204,27,41.95,-14.950000000000003,14.950000000000003
78,205,26,46.55,-20.549999999999997,20.549999999999997
78,206,25,46.39,-21.39,21.39
78,207,24,42.85,-18.85,18.85
78,208,23,34.13,-11.130000000000003,11.130000000000003
78,209,22,38.6,-16.6,16.6
78,210,21,33.6,-12.600000000000001,12.600000000000001
78,211,20,27.2,-7.199999999999999,7.199999999999999
78,212,19,23.7,-4.699999999999999,4.699999999999999
78,213,18,22.52,-4.52,4.52
78,214,17,22.26,-5.260000000000002,5.260000000000002
78,215,16,21.06,-5.059999999999999,5.059999999999999
78,216,15,19.75,-4.75,4.75
78,217,14,22.38,-8.379999999999999,8.379999999999999
78,218,13,15.4,-2.4000000000000004,2.4000000000000004
78,219,12,14.17,-2.17,2.17
78,220,11,19.07,-8.07,8.07
78,221,10,16.19,-6.190000000000001,6.190000000000001
78,222,9,16.34,-7.34,7.34
78,223,8,16.9,-8.899999999999999,8.899999999999999
78,224,7,15.25,-8.25,8.25
78,225,6,9.07,-3.0700000000000003,3.0700000000000003
78,226,5,8.39,-3.3900000000000006,3.3900000000000006
78,227,4,6.24,-2.24,2.24
78,228,3,6.28,-3.2800000000000002,3.2800000000000002
78,229,2,2.29,-0.29000000000000004,0.29000000000000004
78,230,1,2.18,-1.1800000000000002,1.1800000000000002
78,231,0,1.48,-1.48,1.48
81,5,125,124.24,0.7600000000000051,0.7600000000000051
81,6,125,124.25,0.75,0.75
81,7,125,123.23,1.769999999999996,1.769999999999996
81,8,125,116.74,8.260000000000005,8.260000000000005
81,9,125,122.72,2.280000000000001,2.280000000000001
81,10,125,122.49,2.510000000000005,2.510000000000005
81,11,125,122.55,2.450000000000003,2.450000000000003
81,12,125,123.99,1.0100000000000051,1.0100000000000051
81,13,125,124.97,0.030000000000001137,0.030000000000001137
81,14,125,125.0,0.0,0.0
81,15,125,124.99,0.010000000000005116,0.010000000000005116
81,16,125,124.98,0.01999999999999602,0.01999999999999602
81,17,125,124.59,0.4099999999999966,0.4099999999999966
81,18,125,124.48,0.519999999999996,0.519999999999996
81,19,125,124.89,0.10999999999999943,0.10999999999999943
81,20,125,125.0,0.0,0.0
81,21,125,124.99,0.010000000000005116,0.010000000000005116
81,22,125,125.0,0.0,0.0
81,23,125,124.72,0.28000000000000114,0.28000000000000114
81,24,125,125.0,0.0,0.0
81,25,125,124.97,0.030000000000001137,0.030000000000001137
81,26,125,124.49,0.5100000000000051,0.5100000000000051
81,27,125,124.68,0.3199999999999932,0.3199999999999932
81,28,125,124.77,0.23000000000000398,0.23000000000000398
81,29,125,125.0,0.0,0.0
81,30,125,124.69,0.3100000000000023,0.3100000000000023
81,31,125,124.82,0.18000000000000682,0.18000000000000682
81,32,125,124.69,0.3100000000000023,0.3100000000000023
81,33,125,123.46,1.5400000000000063,1.5400000000000063
81,34,125,124.03,0.9699999999999989,0.9699999999999989
81,35,125,123.84,1.1599999999999966,1.1599999999999966
81,36,125,123.75,1.25,1.25
81,37,125,124.58,0.4200000000000017,0.4200000000000017
81,38,125,121.84,3.1599999999999966,3.1599999999999966
81,39,125,122.82,2.180000000000007,2.180000000000007
81,40,125,121.78,3.219999999999999,3.219999999999999
81,41,125,119.09,5.909999999999997,5.909999999999997
81,42,125,117.75,7.25,7.25
81,43,125,120.65,4.349999999999994,4.349999999999994
81,44,125,119.2,5.799999999999997,5.799999999999997
81,45,125,119.64,5.359999999999999,5.359999999999999
81,46,125,121.78,3.219999999999999,3.219999999999999
81,47,125,123.57,1.4300000000000068,1.4300000000000068
81,48,125,121.26,3.739999999999995,3.739999999999995
81,49,125,121.26,3.739999999999995,3.739999999999995
81,50,125,117.06,7.939999999999998,7.939999999999998
81,51,125,120.05,4.950000000000003,4.950000000000003
81,52,125,114.11,10.89,10.89
81,53,125,118.5,6.5,6.5
81,54,125,119.01,5.989999999999995,5.989999999999995
81,55,125,114.78,10.219999999999999,10.219999999999999
81,56,125,117.51,7.489999999999995,7.489999999999995
81,57,125,107.9,17.099999999999994,17.099999999999994
81,58,125,113.45,11.549999999999997,11.549999999999997
81,59,125,111.7,13.299999999999997,13.299999999999997
81,60,125,114.22,10.780000000000001,10.780000000000001
81,61,125,103.95,21.049999999999997,21.049999999999997
81,62,125,103.4,21.599999999999994,21.599999999999994
81,63,125,111.96,13.040000000000006,13.040000000000006
81,64,125,109.73,15.269999999999996,15.269999999999996
81,65,125,111.39,13.61,13.61
81,66,125,111.41,13.590000000000003,13.590000000000003
81,67,125,109.93,15.069999999999993,15.069999999999993
81,68,125,114.24,10.760000000000005,10.760000000000005
81,69,125,111.86,13.14,13.14
81,70,125,114.95,10.049999999999997,10.049999999999997
81,71,125,106.61,18.39,18.39
81,72,125,110.47,14.530000000000001,14.530000000000001
81,73,125,112.12,12.879999999999995,12.879999999999995
81,74,125,110.34,14.659999999999997,14.659999999999997
81,75,125,100.45,24.549999999999997,24.549999999999997
81,76,125,102.63,22.370000000000005,22.370000000000005
81,77,125,98.54,26.459999999999994,26.459999999999994
81,78,125,105.59,19.409999999999997,19.409999999999997
81,79,125,111.88,13.120000000000005,13.120000000000005
81,80,125,107.62,17.379999999999995,17.379999999999995
81,81,125,93.31,31.689999999999998,31.689999999999998
81,82,125,92.1,32.900000000000006,32.900000000000006
81,83,125,104.07,20.930000000000007,20.930000000000007
81,84,125,105.25,19.75,19.75
81,85,125,106.27,18.730000000000004,18.730000000000004
81,86,125,103.02,21.980000000000004,21.980000000000004
81,87,125,97.47,27.53,27.53
81,88,125,100.71,24.290000000000006,24.290000000000006
81,89,125,91.62,33.379999999999995,33.379999999999995
81,90,125,99.58,25.42,25.42
81,91,125,97.34,27.659999999999997,27.659999999999997
81,92,125,98.72,26.28,26.28
81,93,125,97.92,27.08,27.08
81,94,125,108.19,16.810000000000002,16.810000000000002
81,95,125,104.34,20.659999999999997,20.659999999999997
81,96,125,100.63,24.370000000000005,24.370000000000005
81,97,125,92.14,32.86,32.86
81,98,125,91.7,33.3,33.3
81,99,125,98.76,26.239999999999995,26.239999999999995
81,100,125,88.59,36.41,36.41
81,101,125,91.52,33.480000000000004,33.480000000000004
81,102,125,98.19,26.810000000000002,26.810000000000002
81,103,125,97.61,27.39,27.39
81,104,125,88.03,36.97,36.97
81,105,125,86.86,38.14,38.14
81,106,125,80.87,44.129999999999995,44.129999999999995
81,107,125,86.78,38.22,38.22
81,108,125,91.98,33.019999999999996,33.019999999999996
81,109,125,89.16,35.84,35.84
81,110,125,87.6,37.400000000000006,37.400000000000006
81,111,125,85.86,39.14,39.14
81,112,125,85.97,39.03,39.03
81,113,125,87.71,37.290000000000006,37.290000000000006
81,114,125,90.28,34.72,34.72
81,115,125,88.63,36.370000000000005,36.370000000000005
81,116,124,93.74,30.260000000000005,30.260000000000005
81,117,123,90.02,32.980000000000004,32.980000000000004
81,118,122,87.7,34.3,34.3
81,119,121,83.4,37.599999999999994,37.599999999999994
81,120,120,87.49,32.510000000000005,32.510000000000005
81,121,119,89.99,29.010000000000005,29.010000000000005
81,122,118,78.9,39.099999999999994,39.099999999999994
81,123,117,83.36,33.64,33.64
81,124,116,79.92,36.08,36.08
81,125,115,86.64,28.36,28.36
81,126,114,82.32,31.680000000000007,31.680000000000007
81,127,113,77.58,35.42,35.42
81,128,112,85.45,26.549999999999997,26.549999999999997
81,129,111,90.95,20.049999999999997,20.049999999999997
81,130,110,81.87,28.129999999999995,28.129999999999995
81,131,109,82.47,26.53,26.53
81,132,108,81.02,26.980000000000004,26.980000000000004
81,133,107,85.03,21.97,21.97
81,134,106,87.38,18.620000000000005,18.620000000000005
81,135,105,87.32,17.680000000000007,17.680000000000007
81,136,104,88.63,15.370000000000005,15.370000000000005
81,137,103,84.61,18.39,18.39
81,138,102,82.36,19.64,19.64
81,139,101,81.44,19.560000000000002,19.560000000000002
81,140,100,84.6,15.400000000000006,15.400000000000006
81,141,99,87.08,11.920000000000002,11.920000000000002
81,142,98,84.02,13.980000000000004,13.980000000000004
81,143,97,81.97,15.030000000000001,15.030000000000001
81,144,96,80.52,15.480000000000004,15.480000000000004
81,145,95,75.34,19.659999999999997,19.659999999999997
81,146,94,69.79,24.209999999999994,24.209999999999994
81,147,93,78.72,14.280000000000001,14.280000000000001
81,148,92,83.35,8.650000000000006,8.650000000000006
81,149,91,70.28,20.72,20.72
81,150,90,71.16,18.840000000000003,18.840000000000003
81,151,89,75.32,13.680000000000007,13.680000000000007
81,152,88,63.83,24.17,24.17
81,153,87,80.52,6.480000000000004,6.480000000000004
81,154,86,74.08,11.920000000000002,11.920000000000002
81,155,85,86.79,-1.7900000000000063,1.7900000000000063
81,156,84,85.39,-1.3900000000000006,1.3900000000000006
81,157,83,85.18,-2.180000000000007,2.180000000000007
81,158,82,81.94,0.060000000000002274,0.060000000000002274
81,159,81,76.42,4.579999999999998,4.579999999999998
81,160,80,79.75,0.25,0.25
81,161,79,74.61,4.390000000000001,4.390000000000001
81,162,78,74.63,3.3700000000000045,3.3700000000000045
81,163,77,76.19,0.8100000000000023,0.8100000000000023
81,164,76,78.56,-2.5600000000000023,2.5600000000000023
81,165,75,69.13,5.8700000000000045,5.8700000000000045
81,166,74,69.18,4.819999999999993,4.819999999999993
81,167,73,65.18,7.819999999999993,7.819999999999993
81,168,72,59.04,12.96,12.96
81,169,71,60.07,10.93,10.93
81,170,70,56.03,13.969999999999999,13.969999999999999
81,171,69,58.91,10.090000000000003,10.090000000000003
81,172,68,50.44,17.560000000000002,17.560000000000002
81,173,67,56.38,10.619999999999997,10.619999999999997
81,174,66,57.39,8.61,8.61
81,175,65,65.02,-0.01999999999999602,0.01999999999999602
81,176,64,64.92,-0.9200000000000017,0.9200000000000017
81,177,63,65.62,-2.6200000000000045,2.6200000000000045
81,178,62,64.61,-2.6099999999999994,2.6099999999999994
81,179,61,58.18,2.8200000000000003,2.8200000000000003
81,180,60,58.33,1.6700000000000017,1.6700000000000017
81,181,59,54.17,4.829999999999998,4.829999999999998
81,182,58,58.15,-0.14999999999999858,0.14999999999999858
81,183,57,56.58,0.4200000000000017,0.4200000000000017
81,184,56,44.36,11.64,11.64
81,185,55,43.13,11.869999999999997,11.869999999999997
81,186,54,45.92,8.079999999999998,8.079999999999998
81,187,53,42.93,10.07,10.07
81,188,52,48.7,3.299999999999997,3.299999999999997
81,189,51,43.0,8.0,8.0
81,190,50,45.31,4.689999999999998,4.689999999999998
81,191,49,47.72,1.2800000000000011,1.2800000000000011
81,192,48,47.64,0.35999999999999943,0.35999999999999943
81,193,47,36.11,10.89,10.89
81,194,46,37.73,8.270000000000003,8.270000000000003
81,195,45,44.38,0.6199999999999974,0.6199999999999974
81,196,44,43.98,0.020000000000003126,0.020000000000003126
81,197,43,42.59,0.4099999999999966,0.4099999999999966
81,198,42,31.54,10.46,10.46
81,199,41,33.4,7.600000000000001,7.600000000000001
81,200,40,38.72,1.2800000000000011,1.2800000000000011
81,201,39,29.73,9.27,9.27
81,202,38,35.96,2.039999999999999,2.039999999999999
81,203,37,36.87,0.13000000000000256,0.13000000000000256
81,204,36,33.84,2.1599999999999966,2.1599999999999966
81,205,35,30.72,4.280000000000001,4.280000000000001
81,206,34,34.3,-0.29999999999999716,0.29999999999999716
81,207,33,26.56,6.440000000000001,6.440000000000001
81,208,32,28.5,3.5,3.5
81,209,31,32.07,-1.0700000000000003,1.0700000000000003
81,210,30,35.54,-5.539999999999999,5.539999999999999
81,211,29,33.35,-4.350000000000001,4.350000000000001
81,212,28,32.8,-4.799999999999997,4.799999999999997
81,213,27,23.77,3.2300000000000004,3.2300000000000004
81,214,26,20.19,5.809999999999999,5.809999999999999
81,215,25,22.52,2.4800000000000004,2.4800000000000004
81,216,24,18.82,5.18,5.18
81,217,23,14.68,8.32,8.32
81,218,22,12.39,9.61,9.61
81,219,21,12.58,8.42,8.42
81,220,20,15.93,4.07,4.07
81,221,19,19.43,-0.4299999999999997,0.4299999999999997
81,222,18,20.79,-2.789999999999999,2.789999999999999
81,223,17,18.91,-1.9100000000000001,1.9100000000000001
81,224,16,21.91,-5.91,5.91
81,225,15,18.01,-3.0100000000000016,3.0100000000000016
81,226,14,16.53,-2.530000000000001,2.530000000000001
81,227,13,12.92,0.08000000000000007,0.08000000000000007
81,228,12,11.58,0.41999999999999993,0.41999999999999993
81,229,11,14.06,-3.0600000000000005,3.0600000000000005
81,230,10,13.68,-3.6799999999999997,3.6799999999999997
81,231,9,13.52,-4.52,4.52
81,232,8,12.12,-4.119999999999999,4.119999999999999
81,233,7,9.53,-2.5299999999999994,2.5299999999999994
81,234,6,9.14,-3.1400000000000006,3.1400000000000006
81,235,5,8.64,-3.6400000000000006,3.6400000000000006
81,236,4,4.06,-0.05999999999999961,0.05999999999999961
81,237,3,1.8,1.2,1.2
81,238,2,1.57,0.42999999999999994,0.42999999999999994
81,239,1,0.99,0.010000000000000009,0.010000000000000009
81,240,0,1.65,-1.65,1.65
84,5,125,124.12,0.8799999999999955,0.8799999999999955
84,6,125,124.68,0.3199999999999932,0.3199999999999932
84,7,125,124.91,0.09000000000000341,0.09000000000000341
84,8,125,124.73,0.269999999999996,0.269999999999996
84,9,125,124.44,0.5600000000000023,0.5600000000000023
84,10,125,124.5,0.5,0.5
84,11,125,123.67,1.3299999999999983,1.3299999999999983
84,12,125,123.86,1.1400000000000006,1.1400000000000006
84,13,125,124.5,0.5,0.5
84,14,125,124.05,0.9500000000000028,0.9500000000000028
84,15,125,124.12,0.8799999999999955,0.8799999999999955
84,16,125,125.0,0.0,0.0
84,17,125,124.9,0.09999999999999432,0.09999999999999432
84,18,125,122.61,2.3900000000000006,2.3900000000000006
84,19,125,122.82,2.180000000000007,2.180000000000007
84,20,125,123.21,1.7900000000000063,1.7900000000000063
84,21,125,123.98,1.019999999999996,1.019999999999996
84,22,125,125.0,0.0,0.0
84,23,125,124.77,0.23000000000000398,0.23000000000000398
84,24,125,124.78,0.21999999999999886,0.21999999999999886
84,25,125,124.26,0.7399999999999949,0.7399999999999949
84,26,125,123.24,1.7600000000000051,1.7600000000000051
84,27,125,122.85,2.1500000000000057,2.1500000000000057
84,28,125,120.48,4.519999999999996,4.519999999999996
84,29,125,122.87,2.1299999999999955,2.1299999999999955
84,30,125,123.21,1.7900000000000063,1.7900000000000063
84,31,125,122.17,2.8299999999999983,2.8299999999999983
84,32,125,124.2,0.7999999999999972,0.7999999999999972
84,33,125,123.96,1.0400000000000063,1.0400000000000063
84,34,125,122.43,2.569999999999993,2.569999999999993
84,35,125,123.32,1.6800000000000068,1.6800000000000068
84,36,125,124.18,0.8199999999999932,0.8199999999999932
84,37,125,124.74,0.2600000000000051,0.2600000000000051
84,38,125,124.95,0.04999999999999716,0.04999999999999716
84,39,125,114.72,10.280000000000001,10.280000000000001
84,40,125,113.7,11.299999999999997,11.299999999999997
84,41,125,112.7,12.299999999999997,12.299999999999997
84,42,125,113.87,11.129999999999995,11.129999999999995
84,43,125,113.87,11.129999999999995,11.129999999999995
84,44,125,119.18,5.819999999999993,5.819999999999993
84,45,125,121.25,3.75,3.75
84,46,125,120.56,4.439999999999998,4.439999999999998
84,47,125,123.94,1.0600000000000023,1.0600000000000023
84,48,125,110.39,14.61,14.61
84,49,125,122.86,2.1400000000000006,2.1400000000000006
84,50,125,119.47,5.530000000000001,5.530000000000001
84,51,125,104.27,20.730000000000004,20.730000000000004
84,52,125,91.72,33.28,33.28
84,53,125,99.86,25.14,25.14
84,54,125,97.82,27.180000000000007,27.180000000000007
84,55,125,119.44,5.560000000000002,5.560000000000002
84,56,125,119.02,5.980000000000004,5.980000000000004
84,57,125,120.72,4.280000000000001,4.280000000000001
84,58,125,123.54,1.4599999999999937,1.4599999999999937
84,59,125,122.64,2.3599999999999994,2.3599999999999994
84,60,125,123.71,1.2900000000000063,1.2900000000000063
84,61,125,119.76,5.239999999999995,5.239999999999995
84,62,125,118.39,6.609999999999999,6.609999999999999
84,63,125,117.46,7.540000000000006,7.540000000000006
84,64,125,111.52,13.480000000000004,13.480000000000004
84,65,125,115.44,9.560000000000002,9.560000000000002
84,66,125,118.64,6.359999999999999,6.359999999999999
84,67,125,119.25,5.75,5.75
84,68,125,118.35,6.650000000000006,6.650000000000006
84,69,125,121.78,3.219999999999999,3.219999999999999
84,70,125,120.42,4.579999999999998,4.579999999999998
84,71,125,120.24,4.760000000000005,4.760000000000005
84,72,125,115.53,9.469999999999999,9.469999999999999
84,73,125,114.97,10.030000000000001,10.030000000000001
84,74,125,114.43,10.569999999999993,10.569999999999993
84,75,125,110.03,14.969999999999999,14.969999999999999
84,76,125,114.81,10.189999999999998,10.189999999999998
84,77,125,120.33,4.670000000000002,4.670000000000002
84,78,125,119.08,5.920000000000002,5.920000000000002
84,79,125,115.49,9.510000000000005,9.510000000000005
84,80,125,108.29,16.709999999999994,16.709999999999994
84,81,125,103.43,21.569999999999993,21.569999999999993
84,82,125,106.34,18.659999999999997,18.659999999999997
84,83,125,109.46,15.540000000000006,15.540000000000006
84,84,125,104.07,20.930000000000007,20.930000000000007
84,85,125,109.52,15.480000000000004,15.480000000000004
84,86,125,113.56,11.439999999999998,11.439999999999998
84,87,125,114.44,10.560000000000002,10.560000000000002
84,88,125,106.5,18.5,18.5
84,89,125,106.54,18.459999999999994,18.459999999999994
84,90,125,99.38,25.620000000000005,25.620000000000005
84,91,125,98.81,26.189999999999998,26.189999999999998
84,92,125,101.39,23.61,23.61
84,93,125,100.91,24.090000000000003,24.090000000000003
84,94,125,106.0,19.0,19.0
84,95,125,101.88,23.120000000000005,23.120000000000005
84,96,125,90.21,34.790000000000006,34.790000000000006
84,97,125,87.21,37.790000000000006,37.790000000000006
84,98,125,89.76,35.239999999999995,35.239999999999995
84,99,125,85.34,39.66,39.66
84,100,125,96.6,28.400000000000006,28.400000000000006
84,101,125,94.38,30.620000000000005,30.620000000000005
84,102,125,93.14,31.86,31.86
84,103,125,96.19,28.810000000000002,28.810000000000002
84,104,125,88.07,36.93000000000001,36.93000000000001
84,105,125,91.76,33.239999999999995,33.239999999999995
84,106,125,92.8,32.2,32.2
84,107,125,91.48,33.519999999999996,33.519999999999996
84,108,125,91.73,33.269999999999996,33.269999999999996
84,109,125,83.1,41.900000000000006,41.900000000000006
84,110,125,91.24,33.760000000000005,33.760000000000005
84,111,125,90.47,34.53,34.53
84,112,125,86.95,38.05,38.05
84,113,125,72.26,52.739999999999995,52.739999999999995
84,114,125,83.04,41.959999999999994,41.959999999999994
84,115,125,78.23,46.769999999999996,46.769999999999996
84,116,125,82.25,42.75,42.75
84,117,125,83.89,41.11,41.11
84,118,125,74.25,50.75,50.75
84,119,125,68.61,56.39,56.39
84,120,125,69.05,55.95,55.95
84,121,125,61.21,63.79,63.79
84,122,125,73.74,51.260000000000005,51.260000000000005
84,123,125,70.9,54.099999999999994,54.099999999999994
84,124,125,92.1,32.900000000000006,32.900000000000006
84,125,125,90.15,34.849999999999994,34.849999999999994
84,126,125,87.25,37.75,37.75
84,127,125,72.63,52.370000000000005,52.370000000000005
84,128,125,72.57,52.43000000000001,52.43000000000001
84,129,125,80.18,44.81999999999999,44.81999999999999
84,130,125,68.49,56.510000000000005,56.510000000000005
84,131,125,75.68,49.31999999999999,49.31999999999999
84,132,125,79.12,45.879999999999995,45.879999999999995
84,133,125,80.82,44.18000000000001,44.18000000000001
84,134,125,77.04,47.959999999999994,47.959999999999994
84,135,125,76.97,48.03,48.03
84,136,125,77.11,47.89,47.89
84,137,125,79.91,45.09,45.09
84,138,125,81.77,43.230000000000004,43.230000000000004
84,139,125,79.53,45.47,45.47
84,140,125,85.15,39.849999999999994,39.849999999999994
84,141,125,76.24,48.760000000000005,48.760000000000005
84,142,125,86.42,38.58,38.58
84,143,124,79.58,44.42,44.42
84,144,123,75.23,47.769999999999996,47.769999999999996
84,145,122,62.29,59.71,59.71
84,146,121,59.55,61.45,61.45
84,147,120,72.44,47.56,47.56
84,148,119,69.26,49.739999999999995,49.739999999999995
84,149,118,68.18,49.81999999999999,49.81999999999999
84,150,117,65.94,51.06,51.06
84,151,116,60.49,55.51,55.51
84,152,115,51.63,63.37,63.37
84,153,114,47.33,66.67,66.67
84,154,113,59.26,53.74,53.74
84,155,112,52.51,59.49,59.49
84,156,111,55.51,55.49,55.49
84,157,110,57.85,52.15,52.15
84,158,109,43.56,65.44,65.44
84,159,108,50.8,57.2,57.2
84,160,107,56.44,50.56,50.56
84,161,106,55.59,50.41,50.41
84,162,105,57.25,47.75,47.75
84,163,104,54.35,49.65,49.65
84,164,103,62.97,40.03,40.03
84,165,102,59.51,42.49,42.49
84,166,101,63.75,37.25,37.25
84,167,100,56.41,43.59,43.59
84,168,99,57.98,41.02,41.02
84,169,98,56.15,41.85,41.85
84,170,97,57.66,39.34,39.34
84,171,96,41.46,54.54,54.54
84,172,95,39.03,55.97,55.97
84,173,94,59.21,34.79,34.79
84,174,93,57.36,35.64,35.64
84,175,92,51.79,40.21,40.21
84,176,91,51.48,39.52,39.52
84,177,90,55.47,34.53,34.53
84,178,89,52.96,36.04,36.04
84,179,88,51.03,36.97,36.97
84,180,87,50.38,36.62,36.62
84,181,86,41.56,44.44,44.44
84,182,85,45.23,39.77,39.77
84,183,84,42.44,41.56,41.56
84,184,83,52.5,30.5,30.5
84,185,82,53.19,28.810000000000002,28.810000000000002
84,186,81,53.82,27.18,27.18
84,187,80,55.2,24.799999999999997,24.799999999999997
84,188,79,52.55,26.450000000000003,26.450000000000003
84,189,78,48.89,29.11,29.11
84,190,77,58.17,18.83,18.83
84,191,76,55.73,20.270000000000003,20.270000000000003
84,192,75,57.13,17.869999999999997,17.869999999999997
84,193,74,54.25,19.75,19.75
84,194,73,53.75,19.25,19.25
84,195,72,46.63,25.369999999999997,25.369999999999997
84,196,71,45.73,25.270000000000003,25.270000000000003
84,197,70,37.29,32.71,32.71
84,198,69,37.66,31.340000000000003,31.340000000000003
84,199,68,41.14,26.86,26.86
84,200,67,46.28,20.72,20.72
84,201,66,43.16,22.840000000000003,22.840000000000003
84,202,65,55.6,9.399999999999999,9.399999999999999
84,203,64,54.45,9.549999999999997,9.549999999999997
84,204,63,47.07,15.93,15.93
84,205,62,33.93,28.07,28.07
84,206,61,40.5,20.5,20.5
84,207,60,39.89,20.11,20.11
84,208,59,31.26,27.74,27.74
84,209,58,35.8,22.200000000000003,22.200000000000003
84,210,57,29.88,27.12,27.12
84,211,56,28.72,27.28,27.28
84,212,55,29.61,25.39,25.39
84,213,54,30.15,23.85,23.85
84,214,53,27.89,25.11,25.11
84,215,52,29.93,22.07,22.07
84,216,51,31.13,19.87,19.87
84,217,50,30.43,19.57,19.57
84,218,49,36.82,12.18,12.18
84,219,48,31.56,16.44,16.44
84,220,47,33.94,13.060000000000002,13.060000000000002
84,221,46,33.32,12.68,12.68
84,222,45,32.94,12.060000000000002,12.060000000000002
84,223,44,31.77,12.23,12.23
84,224,43,36.05,6.950000000000003,6.950000000000003
84,225,42,34.43,7.57,7.57
84,226,41,32.58,8.420000000000002,8.420000000000002
84,227,40,34.04,5.960000000000001,5.960000000000001
84,228,39,30.18,8.82,8.82
84,229,38,28.07,9.93,9.93
84,230,37,27.06,9.940000000000001,9.940000000000001
84,231,36,26.34,9.66,9.66
84,232,35,29.09,5.91,5.91
84,233,34,32.21,1.7899999999999991,1.7899999999999991
84,234,33,28.94,4.059999999999999,4.059999999999999
84,235,32,30.16,1.8399999999999999,1.8399999999999999
84,236,31,30.41,0.5899999999999999,0.5899999999999999
84,237,30,30.1,-0.10000000000000142,0.10000000000000142
84,238,29,20.62,8.379999999999999,8.379999999999999
84,239,28,25.48,2.5199999999999996,2.5199999999999996
84,240,27,26.34,0.6600000000000001,0.6600000000000001
84,241,26,20.23,5.77,5.77
84,242,25,21.31,3.6900000000000013,3.6900000000000013
84,243,24,18.42,5.579999999999998,5.579999999999998
84,244,23,16.87,6.129999999999999,6.129999999999999
84,245,22,15.72,6.279999999999999,6.279999999999999
84,246,21,21.03,-0.030000000000001137,0.030000000000001137
84,247,20,18.78,1.2199999999999989,1.2199999999999989
84,248,19,21.53,-2.530000000000001,2.530000000000001
84,249,18,19.98,-1.9800000000000004,1.9800000000000004
84,250,17,17.7,-0.6999999999999993,0.6999999999999993
84,251,16,15.69,0.3100000000000005,0.3100000000000005
84,252,15,10.46,4.539999999999999,4.539999999999999
84,253,14,8.96,5.039999999999999,5.039999999999999
84,254,13,9.22,3.7799999999999994,3.7799999999999994
84,255,12,9.48,2.5199999999999996,2.5199999999999996
84,256,11,8.82,2.1799999999999997,2.1799999999999997
84,257,10,11.34,-1.3399999999999999,1.3399999999999999
84,258,9,12.06,-3.0600000000000005,3.0600000000000005
84,259,8,11.15,-3.1500000000000004,3.1500000000000004
84,260,7,3.8,3.2,3.2
84,261,6,5.06,0.9400000000000004,0.9400000000000004
84,262,5,3.19,1.81,1.81
84,263,4,2.35,1.65,1.65
84,264,3,3.43,-0.43000000000000016,0.43000000000000016
84,265,2,1.62,0.3799999999999999,0.3799999999999999
84,266,1,1.97,-0.97,0.97
84,267,0,1.6,-1.6,1.6
91,5,125,124.11,0.8900000000000006,0.8900000000000006
91,6,125,120.56,4.439999999999998,4.439999999999998
91,7,125,119.72,5.280000000000001,5.280000000000001
91,8,125,119.69,5.310000000000002,5.310000000000002
91,9,125,120.44,4.560000000000002,4.560000000000002
91,10,125,119.79,5.209999999999994,5.209999999999994
91,11,124,123.88,0.12000000000000455,0.12000000000000455
91,12,123,124.99,-1.9899999999999949,1.9899999999999949
91,13,122,124.82,-2.819999999999993,2.819999999999993
91,14,121,123.8,-2.799999999999997,2.799999999999997
91,15,120,122.79,-2.7900000000000063,2.7900000000000063
91,16,119,123.31,-4.310000000000002,4.310000000000002
91,17,118,123.57,-5.569999999999993,5.569999999999993
91,18,117,124.64,-7.640000000000001,7.640000000000001
91,19,116,124.46,-8.459999999999994,8.459999999999994
91,20,115,124.46,-9.459999999999994,9.459999999999994
91,21,114,124.02,-10.019999999999996,10.019999999999996
91,22,113,123.58,-10.579999999999998,10.579999999999998
91,23,112,123.7,-11.700000000000003,11.700000000000003
91,24,111,124.33,-13.329999999999998,13.329999999999998
91,25,110,123.83,-13.829999999999998,13.829999999999998
91,26,109,123.21,-14.209999999999994,14.209999999999994
91,27,108,123.39,-15.39,15.39
91,28,107,121.1,-14.099999999999994,14.099999999999994
91,29,106,123.72,-17.72,17.72
91,30,105,123.98,-18.980000000000004,18.980000000000004
91,31,104,122.41,-18.409999999999997,18.409999999999997
91,32,103,119.19,-16.189999999999998,16.189999999999998
91,33,102,103.15,-1.1500000000000057,1.1500000000000057
91,34,101,118.89,-17.89,17.89
91,35,100,114.15,-14.150000000000006,14.150000000000006
91,36,99,115.13,-16.129999999999995,16.129999999999995
91,37,98,115.11,-17.11,17.11
91,38,97,118.99,-21.989999999999995,21.989999999999995
91,39,96,112.42,-16.42,16.42
91,40,95,115.04,-20.040000000000006,20.040000000000006
91,41,94,104.37,-10.370000000000005,10.370000000000005
91,42,93,107.75,-14.75,14.75
91,43,92,114.01,-22.010000000000005,22.010000000000005
91,44,91,109.61,-18.61,18.61
91,45,90,100.98,-10.980000000000004,10.980000000000004
91,46,89,106.26,-17.260000000000005,17.260000000000005
91,47,88,113.25,-25.25,25.25
91,48,87,117.33,-30.33,30.33
91,49,86,116.33,-30.33,30.33
91,50,85,101.17,-16.17,16.17
91,51,84,109.94,-25.939999999999998,25.939999999999998
91,52,83,113.05,-30.049999999999997,30.049999999999997
91,53,82,115.68,-33.68000000000001,33.68000000000001
91,54,81,99.16,-18.159999999999997,18.159999999999997
91,55,80,106.42,-26.42,26.42
91,56,79,97.31,-18.310000000000002,18.310000000000002
91,57,78,97.49,-19.489999999999995,19.489999999999995
91,58,77,93.99,-16.989999999999995,16.989999999999995
91,59,76,100.4,-24.400000000000006,24.400000000000006
91,60,75,105.98,-30.980000000000004,30.980000000000004
91,61,74,100.1,-26.099999999999994,26.099999999999994
91,62,73,111.37,-38.370000000000005,38.370000000000005
91,63,72,102.12,-30.120000000000005,30.120000000000005
91,64,71,105.12,-34.120000000000005,34.120000000000005
91,65,70,82.74,-12.739999999999995,12.739999999999995
91,66,69,72.88,-3.8799999999999955,3.8799999999999955
91,67,68,70.77,-2.769999999999996,2.769999999999996
91,68,67,66.81,0.18999999999999773,0.18999999999999773
91,69,66,74.78,-8.780000000000001,8.780000000000001
91,70,65,75.32,-10.319999999999993,10.319999999999993
91,71,64,79.31,-15.310000000000002,15.310000000000002
91,72,63,82.23,-19.230000000000004,19.230000000000004
91,73,62,79.86,-17.86,17.86
91,74,61,75.79,-14.790000000000006,14.790000000000006
91,75,60,65.51,-5.510000000000005,5.510000000000005
91,76,59,60.8,-1.7999999999999972,1.7999999999999972
91,77,58,51.91,6.090000000000003,6.090000000000003
91,78,57,47.07,9.93,9.93
91,79,56,44.78,11.219999999999999,11.219999999999999
91,80,55,44.75,10.25,10.25
91,81,54,50.68,3.3200000000000003,3.3200000000000003
91,82,53,52.4,0.6000000000000014,0.6000000000000014
91,83,52,60.34,-8.340000000000003,8.340000000000003
91,84,51,64.07,-13.069999999999993,13.069999999999993
91,85,50,66.53,-16.53,16.53
91,86,49,57.26,-8.259999999999998,8.259999999999998
91,87,48,54.75,-6.75,6.75
91,88,47,48.48,-1.4799999999999969,1.4799999999999969
91,89,46,42.79,3.210000000000001,3.210000000000001
91,90,45,55.74,-10.740000000000002,10.740000000000002
91,91,44,40.17,3.8299999999999983,3.8299999999999983
91,92,43,42.4,0.6000000000000014,0.6000000000000014
91,93,42,48.93,-6.93,6.93
91,94,41,43.45,-2.450000000000003,2.450000000000003
91,95,40,41.42,-1.4200000000000017,1.4200000000000017
91,96,39,35.39,3.6099999999999994,3.6099999999999994
91,97,38,41.8,-3.799999999999997,3.799999999999997
91,98,37,42.44,-5.439999999999998,5.439999999999998
91,99,36,38.55,-2.549999999999997,2.549999999999997
91,100,35,35.87,-0.8699999999999974,0.8699999999999974
91,101,34,33.19,0.8100000000000023,0.8100000000000023
91,102,33,26.67,6.329999999999998,6.329999999999998
91,103,32,27.23,4.77,4.77
91,104,31,31.79,-0.7899999999999991,0.7899999999999991
91,105,30,28.04,1.9600000000000009,1.9600000000000009
91,106,29,33.8,-4.799999999999997,4.799999999999997
91,107,28,24.42,3.5799999999999983,3.5799999999999983
91,108,27,24.57,2.4299999999999997,2.4299999999999997
91,109,26,23.62,2.379999999999999,2.379999999999999
91,110,25,21.82,3.1799999999999997,3.1799999999999997
91,111,24,21.49,2.5100000000000016,2.5100000000000016
91,112,23,20.27,2.7300000000000004,2.7300000000000004
91,113,22,14.92,7.08,7.08
91,114,21,15.35,5.65,5.65
91,115,20,16.48,3.5199999999999996,3.5199999999999996
91,116,19,14.66,4.34,4.34
91,117,18,17.08,0.9200000000000017,0.9200000000000017
91,118,17,17.06,-0.05999999999999872,0.05999999999999872
91,119,16,14.19,1.8100000000000005,1.8100000000000005
91,120,15,13.46,1.5399999999999991,1.5399999999999991
91,121,14,12.1,1.9000000000000004,1.9000000000000004
91,122,13,11.15,1.8499999999999996,1.8499999999999996
91,123,12,6.69,5.31,5.31
91,124,11,9.71,1.2899999999999991,1.2899999999999991
91,125,10,9.23,0.7699999999999996,0.7699999999999996
91,126,9,8.16,0.8399999999999999,0.8399999999999999
91,127,8,3.55,4.45,4.45
91,128,7,1.85,5.15,5.15
91,129,6,1.91,4.09,4.09
91,130,5,4.53,0.46999999999999975,0.46999999999999975
91,131,4,6.08,-2.08,2.08
91,132,3,4.97,-1.9699999999999998,1.9699999999999998
91,133,2,4.1,-2.0999999999999996,2.0999999999999996
91,134,1,3.09,-2.09,2.09
91,135,0,1.11,-1.11,1.11
