Actual_RUL,Predicted_RUL,Error,Absolute_Error,Risk_Level
125,123.45,1.5499999999999972,1.5499999999999972,Healthy
125,124.27,0.730000000000004,0.730000000000004,Healthy
125,124.81,0.18999999999999773,0.18999999999999773,Healthy
125,123.84,1.1599999999999966,1.1599999999999966,Healthy
125,124.67,0.3299999999999983,0.3299999999999983,Healthy
125,124.59,0.4099999999999966,0.4099999999999966,Healthy
125,124.06,0.9399999999999977,0.9399999999999977,Healthy
125,125.0,0.0,0.0,Healthy
125,124.87,0.12999999999999545,0.12999999999999545,Healthy
125,123.6,1.4000000000000057,1.4000000000000057,Healthy
125,124.73,0.269999999999996,0.269999999999996,Healthy
125,124.9,0.09999999999999432,0.09999999999999432,Healthy
125,125.0,0.0,0.0,Healthy
125,125.0,0.0,0.0,Healthy
125,124.75,0.25,0.25,Healthy
125,124.87,0.12999999999999545,0.12999999999999545,Healthy
125,125.0,0.0,0.0,Healthy
125,124.62,0.37999999999999545,0.37999999999999545,Healthy
125,124.3,0.7000000000000028,0.7000000000000028,Healthy
125,124.51,0.4899999999999949,0.4899999999999949,Healthy
125,122.82,2.180000000000007,2.180000000000007,Healthy
125,123.45,1.5499999999999972,1.5499999999999972,Healthy
125,124.58,0.4200000000000017,0.4200000000000017,Healthy
125,123.73,1.269999999999996,1.269999999999996,Healthy
125,123.34,1.6599999999999966,1.6599999999999966,Healthy
125,124.07,0.9300000000000068,0.9300000000000068,Healthy
125,123.3,1.7000000000000028,1.7000000000000028,Healthy
125,124.84,0.1599999999999966,0.1599999999999966,Healthy
125,124.88,0.12000000000000455,0.12000000000000455,Healthy
125,123.52,1.480000000000004,1.480000000000004,Healthy
125,118.93,6.069999999999993,6.069999999999993,Healthy
125,123.56,1.4399999999999977,1.4399999999999977,Healthy
125,123.72,1.2800000000000011,1.2800000000000011,Healthy
125,123.5,1.5,1.5,Healthy
125,119.21,5.790000000000006,5.790000000000006,Healthy
125,124.66,0.3400000000000034,0.3400000000000034,Healthy
125,122.42,2.5799999999999983,2.5799999999999983,Healthy
125,121.9,3.0999999999999943,3.0999999999999943,Healthy
125,121.95,3.049999999999997,3.049999999999997,Healthy
125,123.63,1.3700000000000045,1.3700000000000045,Healthy
125,121.9,3.0999999999999943,3.0999999999999943,Healthy
125,124.19,0.8100000000000023,0.8100000000000023,Healthy
125,123.15,1.8499999999999943,1.8499999999999943,Healthy
125,119.87,5.1299999999999955,5.1299999999999955,Healthy
125,121.39,3.6099999999999994,3.6099999999999994,Healthy
125,122.63,2.3700000000000045,2.3700000000000045,Healthy
125,122.62,2.3799999999999955,2.3799999999999955,Healthy
125,122.6,2.4000000000000057,2.4000000000000057,Healthy
125,121.98,3.019999999999996,3.019999999999996,Healthy
125,118.85,6.150000000000006,6.150000000000006,Healthy
125,121.09,3.9099999999999966,3.9099999999999966,Healthy
125,120.83,4.170000000000002,4.170000000000002,Healthy
125,123.14,1.8599999999999994,1.8599999999999994,Healthy
125,123.86,1.1400000000000006,1.1400000000000006,Healthy
125,123.13,1.8700000000000045,1.8700000000000045,Healthy
125,121.98,3.019999999999996,3.019999999999996,Healthy
125,122.3,2.700000000000003,2.700000000000003,Healthy
125,120.87,4.1299999999999955,4.1299999999999955,Healthy
125,115.58,9.420000000000002,9.420000000000002,Healthy
125,119.4,5.599999999999994,5.599999999999994,Healthy
125,119.86,5.140000000000001,5.140000000000001,Healthy
125,115.23,9.769999999999996,9.769999999999996,Healthy
125,113.86,11.14,11.14,Healthy
124,111.06,12.939999999999998,12.939999999999998,Healthy
123,117.62,5.3799999999999955,5.3799999999999955,Healthy
122,120.12,1.8799999999999955,1.8799999999999955,Healthy
121,119.9,1.0999999999999943,1.0999999999999943,Healthy
120,121.96,-1.9599999999999937,1.9599999999999937,Healthy
119,119.17,-0.1700000000000017,0.1700000000000017,Healthy
118,115.98,2.019999999999996,2.019999999999996,Healthy
117,113.07,3.930000000000007,3.930000000000007,Healthy
116,109.23,6.769999999999996,6.769999999999996,Healthy
115,118.02,-3.019999999999996,3.019999999999996,Healthy
114,107.89,6.109999999999999,6.109999999999999,Healthy
113,110.11,2.8900000000000006,2.8900000000000006,Healthy
112,108.32,3.680000000000007,3.680000000000007,Healthy
111,118.25,-7.25,7.25,Healthy
110,108.16,1.8400000000000034,1.8400000000000034,Healthy
109,112.5,-3.5,3.5,Healthy
108,118.28,-10.280000000000001,10.280000000000001,Healthy
107,110.87,-3.8700000000000045,3.8700000000000045,Healthy
106,114.77,-8.769999999999996,8.769999999999996,Healthy
105,115.63,-10.629999999999995,10.629999999999995,Healthy
104,110.52,-6.519999999999996,6.519999999999996,Healthy
103,115.79,-12.790000000000006,12.790000000000006,Healthy
102,115.33,-13.329999999999998,13.329999999999998,Healthy
101,104.73,-3.730000000000004,3.730000000000004,Healthy
100,101.21,-1.2099999999999937,1.2099999999999937,Healthy
99,97.59,1.4099999999999966,1.4099999999999966,Healthy
98,98.38,-0.37999999999999545,0.37999999999999545,Healthy
97,94.23,2.769999999999996,2.769999999999996,Healthy
96,96.29,-0.29000000000000625,0.29000000000000625,Healthy
95,99.2,-4.200000000000003,4.200000000000003,Healthy
94,97.82,-3.819999999999993,3.819999999999993,Healthy
93,101.24,-8.239999999999995,8.239999999999995,Healthy
92,104.48,-12.480000000000004,12.480000000000004,Healthy
91,105.43,-14.430000000000007,14.430000000000007,Healthy
90,94.71,-4.709999999999994,4.709999999999994,Healthy
89,93.32,-4.319999999999993,4.319999999999993,Healthy
88,92.0,-4.0,4.0,Healthy
87,96.7,-9.700000000000003,9.700000000000003,Healthy
86,97.76,-11.760000000000005,11.760000000000005,Healthy
85,96.47,-11.469999999999999,11.469999999999999,Healthy
84,100.28,-16.28,16.28,Healthy
83,93.82,-10.819999999999993,10.819999999999993,Healthy
82,95.2,-13.200000000000003,13.200000000000003,Healthy
81,89.64,-8.64,8.64,Healthy
80,92.81,-12.810000000000002,12.810000000000002,Healthy
79,94.77,-15.769999999999996,15.769999999999996,Healthy
78,94.6,-16.599999999999994,16.599999999999994,Healthy
77,100.65,-23.650000000000006,23.650000000000006,Healthy
76,95.91,-19.909999999999997,19.909999999999997,Healthy
75,92.01,-17.010000000000005,17.010000000000005,Healthy
74,88.64,-14.64,14.64,Healthy
73,92.4,-19.400000000000006,19.400000000000006,Healthy
72,88.99,-16.989999999999995,16.989999999999995,Healthy
71,88.29,-17.290000000000006,17.290000000000006,Healthy
70,87.76,-17.760000000000005,17.760000000000005,Healthy
69,92.33,-23.33,23.33,Healthy
68,91.05,-23.049999999999997,23.049999999999997,Healthy
67,92.95,-25.950000000000003,25.950000000000003,Healthy
66,90.02,-24.019999999999996,24.019999999999996,Healthy
65,86.92,-21.92,21.92,Healthy
64,85.74,-21.739999999999995,21.739999999999995,Healthy
63,87.13,-24.129999999999995,24.129999999999995,Healthy
62,89.16,-27.159999999999997,27.159999999999997,Healthy
61,81.96,-20.959999999999994,20.959999999999994,Healthy
60,88.0,-28.0,28.0,Healthy
59,85.64,-26.64,26.64,Healthy
58,89.21,-31.209999999999994,31.209999999999994,Healthy
57,88.03,-31.03,31.03,Healthy
56,87.94,-31.939999999999998,31.939999999999998,Healthy
55,89.84,-34.84,34.84,Healthy
54,85.11,-31.11,31.11,Healthy
53,83.26,-30.260000000000005,30.260000000000005,Healthy
52,82.23,-30.230000000000004,30.230000000000004,Healthy
51,76.48,-25.480000000000004,25.480000000000004,Healthy
50,79.57,-29.569999999999993,29.569999999999993,Healthy
49,80.05,-31.049999999999997,31.049999999999997,Healthy
48,75.48,-27.480000000000004,27.480000000000004,Healthy
47,69.59,-22.590000000000003,22.590000000000003,Maintenance Soon
46,79.87,-33.870000000000005,33.870000000000005,Healthy
45,77.18,-32.18000000000001,32.18000000000001,Healthy
44,80.87,-36.870000000000005,36.870000000000005,Healthy
43,72.66,-29.659999999999997,29.659999999999997,Maintenance Soon
42,71.45,-29.450000000000003,29.450000000000003,Maintenance Soon
41,62.84,-21.840000000000003,21.840000000000003,Maintenance Soon
40,65.82,-25.819999999999993,25.819999999999993,Maintenance Soon
39,50.45,-11.450000000000003,11.450000000000003,Maintenance Soon
38,48.09,-10.090000000000003,10.090000000000003,Maintenance Soon
37,49.37,-12.369999999999997,12.369999999999997,Maintenance Soon
36,55.65,-19.65,19.65,Maintenance Soon
35,53.37,-18.369999999999997,18.369999999999997,Maintenance Soon
34,58.9,-24.9,24.9,Maintenance Soon
33,59.26,-26.259999999999998,26.259999999999998,Maintenance Soon
32,51.45,-19.450000000000003,19.450000000000003,Maintenance Soon
31,49.99,-18.990000000000002,18.990000000000002,Maintenance Soon
30,47.42,-17.42,17.42,Maintenance Soon
29,34.14,-5.140000000000001,5.140000000000001,Maintenance Soon
28,36.22,-8.219999999999999,8.219999999999999,Maintenance Soon
27,38.23,-11.229999999999997,11.229999999999997,Maintenance Soon
26,30.97,-4.969999999999999,4.969999999999999,Maintenance Soon
25,36.93,-11.93,11.93,Maintenance Soon
24,41.69,-17.689999999999998,17.689999999999998,Maintenance Soon
23,41.64,-18.64,18.64,Maintenance Soon
22,38.9,-16.9,16.9,Maintenance Soon
21,41.89,-20.89,20.89,Maintenance Soon
20,38.83,-18.83,18.83,Maintenance Soon
19,28.27,-9.27,9.27,Critical
18,19.61,-1.6099999999999994,1.6099999999999994,Critical
17,18.9,-1.8999999999999986,1.8999999999999986,Critical
16,21.75,-5.75,5.75,Critical
15,20.03,-5.030000000000001,5.030000000000001,Critical
14,14.93,-0.9299999999999997,0.9299999999999997,Critical
13,15.79,-2.789999999999999,2.789999999999999,Critical
12,15.98,-3.9800000000000004,3.9800000000000004,Critical
11,16.63,-5.629999999999999,5.629999999999999,Critical
10,16.86,-6.859999999999999,6.859999999999999,Critical
9,18.08,-9.079999999999998,9.079999999999998,Critical
8,11.91,-3.91,3.91,Critical
7,5.68,1.3200000000000003,1.3200000000000003,Critical
6,5.04,0.96,0.96,Critical
5,5.83,-0.8300000000000001,0.8300000000000001,Critical
4,4.43,-0.4299999999999997,0.4299999999999997,Critical
3,4.85,-1.8499999999999996,1.8499999999999996,Critical
2,4.75,-2.75,2.75,Critical
1,4.1,-3.0999999999999996,3.0999999999999996,Critical
0,4.1,-4.1,4.1,Critical
125,124.89,0.10999999999999943,0.10999999999999943,Healthy
125,125.0,0.0,0.0,Healthy
125,125.0,0.0,0.0,Healthy
125,125.0,0.0,0.0,Healthy
125,124.62,0.37999999999999545,0.37999999999999545,Healthy
125,124.9,0.09999999999999432,0.09999999999999432,Healthy
125,125.0,0.0,0.0,Healthy
125,124.75,0.25,0.25,Healthy
125,124.88,0.12000000000000455,0.12000000000000455,Healthy
125,125.0,0.0,0.0,Healthy
125,124.97,0.030000000000001137,0.030000000000001137,Healthy
125,124.8,0.20000000000000284,0.20000000000000284,Healthy
125,124.97,0.030000000000001137,0.030000000000001137,Healthy
125,125.0,0.0,0.0,Healthy
125,124.88,0.12000000000000455,0.12000000000000455,Healthy
125,125.0,0.0,0.0,Healthy
125,125.0,0.0,0.0,Healthy
125,124.98,0.01999999999999602,0.01999999999999602,Healthy
125,124.72,0.28000000000000114,0.28000000000000114,Healthy
125,124.82,0.18000000000000682,0.18000000000000682,Healthy
125,124.98,0.01999999999999602,0.01999999999999602,Healthy
125,124.96,0.04000000000000625,0.04000000000000625,Healthy
125,124.84,0.1599999999999966,0.1599999999999966,Healthy
125,124.57,0.4300000000000068,0.4300000000000068,Healthy
125,124.41,0.5900000000000034,0.5900000000000034,Healthy
125,123.95,1.0499999999999972,1.0499999999999972,Healthy
125,124.58,0.4200000000000017,0.4200000000000017,Healthy
125,124.27,0.730000000000004,0.730000000000004,Healthy
125,122.92,2.0799999999999983,2.0799999999999983,Healthy
125,124.49,0.5100000000000051,0.5100000000000051,Healthy
125,124.31,0.6899999999999977,0.6899999999999977,Healthy
125,122.89,2.1099999999999994,2.1099999999999994,Healthy
125,123.98,1.019999999999996,1.019999999999996,Healthy
125,124.57,0.4300000000000068,0.4300000000000068,Healthy
125,124.71,0.29000000000000625,0.29000000000000625,Healthy
125,123.26,1.7399999999999949,1.7399999999999949,Healthy
125,124.09,0.9099999999999966,0.9099999999999966,Healthy
125,124.15,0.8499999999999943,0.8499999999999943,Healthy
125,123.4,1.5999999999999943,1.5999999999999943,Healthy
125,123.39,1.6099999999999994,1.6099999999999994,Healthy
125,122.62,2.3799999999999955,2.3799999999999955,Healthy
125,121.94,3.0600000000000023,3.0600000000000023,Healthy
125,124.7,0.29999999999999716,0.29999999999999716,Healthy
125,120.66,4.340000000000003,4.340000000000003,Healthy
125,124.81,0.18999999999999773,0.18999999999999773,Healthy
125,124.45,0.5499999999999972,0.5499999999999972,Healthy
125,124.61,0.39000000000000057,0.39000000000000057,Healthy
125,123.02,1.980000000000004,1.980000000000004,Healthy
125,121.62,3.3799999999999955,3.3799999999999955,Healthy
125,122.38,2.6200000000000045,2.6200000000000045,Healthy
125,122.22,2.780000000000001,2.780000000000001,Healthy
125,122.47,2.530000000000001,2.530000000000001,Healthy
125,123.55,1.4500000000000028,1.4500000000000028,Healthy
125,124.4,0.5999999999999943,0.5999999999999943,Healthy
125,124.41,0.5900000000000034,0.5900000000000034,Healthy
125,123.51,1.4899999999999949,1.4899999999999949,Healthy
125,120.74,4.260000000000005,4.260000000000005,Healthy
125,122.04,2.9599999999999937,2.9599999999999937,Healthy
125,121.17,3.8299999999999983,3.8299999999999983,Healthy
125,123.06,1.9399999999999977,1.9399999999999977,Healthy
125,124.23,0.769999999999996,0.769999999999996,Healthy
125,119.72,5.280000000000001,5.280000000000001,Healthy
125,120.47,4.530000000000001,4.530000000000001,Healthy
125,122.0,3.0,3.0,Healthy
125,122.96,2.0400000000000063,2.0400000000000063,Healthy
125,122.34,2.6599999999999966,2.6599999999999966,Healthy
125,122.11,2.8900000000000006,2.8900000000000006,Healthy
125,123.38,1.6200000000000045,1.6200000000000045,Healthy
125,122.81,2.1899999999999977,2.1899999999999977,Healthy
125,123.18,1.8199999999999932,1.8199999999999932,Healthy
125,118.35,6.650000000000006,6.650000000000006,Healthy
125,117.59,7.409999999999997,7.409999999999997,Healthy
125,118.06,6.939999999999998,6.939999999999998,Healthy
125,118.65,6.349999999999994,6.349999999999994,Healthy
125,118.88,6.1200000000000045,6.1200000000000045,Healthy
125,119.18,5.819999999999993,5.819999999999993,Healthy
125,119.77,5.230000000000004,5.230000000000004,Healthy
125,118.96,6.040000000000006,6.040000000000006,Healthy
125,121.99,3.010000000000005,3.010000000000005,Healthy
125,123.71,1.2900000000000063,1.2900000000000063,Healthy
125,119.42,5.579999999999998,5.579999999999998,Healthy
125,118.24,6.760000000000005,6.760000000000005,Healthy
125,117.01,7.989999999999995,7.989999999999995,Healthy
125,118.45,6.549999999999997,6.549999999999997,Healthy
125,110.21,14.790000000000006,14.790000000000006,Healthy
125,120.97,4.030000000000001,4.030000000000001,Healthy
125,121.46,3.5400000000000063,3.5400000000000063,Healthy
125,120.63,4.3700000000000045,4.3700000000000045,Healthy
125,120.43,4.569999999999993,4.569999999999993,Healthy
125,118.19,6.810000000000002,6.810000000000002,Healthy
125,119.2,5.799999999999997,5.799999999999997,Healthy
125,121.14,3.8599999999999994,3.8599999999999994,Healthy
125,122.75,2.25,2.25,Healthy
125,122.5,2.5,2.5,Healthy
125,118.79,6.209999999999994,6.209999999999994,Healthy
125,116.22,8.780000000000001,8.780000000000001,Healthy
125,115.63,9.370000000000005,9.370000000000005,Healthy
125,117.31,7.689999999999998,7.689999999999998,Healthy
125,114.39,10.61,10.61,Healthy
125,112.24,12.760000000000005,12.760000000000005,Healthy
125,114.19,10.810000000000002,10.810000000000002,Healthy
125,114.94,10.060000000000002,10.060000000000002,Healthy
125,116.86,8.14,8.14,Healthy
125,119.11,5.890000000000001,5.890000000000001,Healthy
125,115.75,9.25,9.25,Healthy
125,112.29,12.709999999999994,12.709999999999994,Healthy
125,111.39,13.61,13.61,Healthy
125,117.33,7.670000000000002,7.670000000000002,Healthy
125,111.08,13.920000000000002,13.920000000000002,Healthy
125,117.05,7.950000000000003,7.950000000000003,Healthy
125,120.08,4.920000000000002,4.920000000000002,Healthy
125,117.44,7.560000000000002,7.560000000000002,Healthy
125,114.67,10.329999999999998,10.329999999999998,Healthy
125,117.76,7.239999999999995,7.239999999999995,Healthy
125,116.26,8.739999999999995,8.739999999999995,Healthy
125,112.87,12.129999999999995,12.129999999999995,Healthy
125,111.26,13.739999999999995,13.739999999999995,Healthy
125,107.52,17.480000000000004,17.480000000000004,Healthy
125,115.78,9.219999999999999,9.219999999999999,Healthy
125,114.19,10.810000000000002,10.810000000000002,Healthy
125,114.82,10.180000000000007,10.180000000000007,Healthy
125,119.0,6.0,6.0,Healthy
125,107.46,17.540000000000006,17.540000000000006,Healthy
125,105.37,19.629999999999995,19.629999999999995,Healthy
125,117.58,7.420000000000002,7.420000000000002,Healthy
125,110.43,14.569999999999993,14.569999999999993,Healthy
125,117.22,7.780000000000001,7.780000000000001,Healthy
125,113.74,11.260000000000005,11.260000000000005,Healthy
125,113.8,11.200000000000003,11.200000000000003,Healthy
125,113.58,11.420000000000002,11.420000000000002,Healthy
125,118.31,6.689999999999998,6.689999999999998,Healthy
125,120.35,4.650000000000006,4.650000000000006,Healthy
125,105.82,19.180000000000007,19.180000000000007,Healthy
125,116.49,8.510000000000005,8.510000000000005,Healthy
125,109.18,15.819999999999993,15.819999999999993,Healthy
125,110.04,14.959999999999994,14.959999999999994,Healthy
125,112.63,12.370000000000005,12.370000000000005,Healthy
125,117.65,7.349999999999994,7.349999999999994,Healthy
125,115.27,9.730000000000004,9.730000000000004,Healthy
125,107.34,17.659999999999997,17.659999999999997,Healthy
124,114.79,9.209999999999994,9.209999999999994,Healthy
123,109.42,13.579999999999998,13.579999999999998,Healthy
122,109.5,12.5,12.5,Healthy
121,110.92,10.079999999999998,10.079999999999998,Healthy
120,116.25,3.75,3.75,Healthy
119,107.25,11.75,11.75,Healthy
118,118.95,-0.9500000000000028,0.9500000000000028,Healthy
117,102.04,14.959999999999994,14.959999999999994,Healthy
116,105.17,10.829999999999998,10.829999999999998,Healthy
115,104.53,10.469999999999999,10.469999999999999,Healthy
114,99.26,14.739999999999995,14.739999999999995,Healthy
113,98.25,14.75,14.75,Healthy
112,103.16,8.840000000000003,8.840000000000003,Healthy
111,106.76,4.239999999999995,4.239999999999995,Healthy
110,99.08,10.920000000000002,10.920000000000002,Healthy
109,91.06,17.939999999999998,17.939999999999998,Healthy
108,97.39,10.61,10.61,Healthy
107,95.4,11.599999999999994,11.599999999999994,Healthy
106,104.53,1.4699999999999989,1.4699999999999989,Healthy
105,94.86,10.14,10.14,Healthy
104,93.03,10.969999999999999,10.969999999999999,Healthy
103,97.82,5.180000000000007,5.180000000000007,Healthy
102,98.32,3.680000000000007,3.680000000000007,Healthy
101,91.0,10.0,10.0,Healthy
100,86.19,13.810000000000002,13.810000000000002,Healthy
99,84.77,14.230000000000004,14.230000000000004,Healthy
98,86.87,11.129999999999995,11.129999999999995,Healthy
97,83.57,13.430000000000007,13.430000000000007,Healthy
96,85.81,10.189999999999998,10.189999999999998,Healthy
95,86.89,8.11,8.11,Healthy
94,96.3,-2.299999999999997,2.299999999999997,Healthy
93,95.42,-2.4200000000000017,2.4200000000000017,Healthy
92,98.09,-6.090000000000003,6.090000000000003,Healthy
91,84.15,6.849999999999994,6.849999999999994,Healthy
90,81.84,8.159999999999997,8.159999999999997,Healthy
89,77.92,11.079999999999998,11.079999999999998,Healthy
88,75.87,12.129999999999995,12.129999999999995,Healthy
87,76.49,10.510000000000005,10.510000000000005,Healthy
86,75.64,10.36,10.36,Healthy
85,84.03,0.9699999999999989,0.9699999999999989,Healthy
84,77.48,6.519999999999996,6.519999999999996,Healthy
83,75.33,7.670000000000002,7.670000000000002,Healthy
82,75.56,6.439999999999998,6.439999999999998,Healthy
81,78.24,2.760000000000005,2.760000000000005,Healthy
80,78.3,1.7000000000000028,1.7000000000000028,Healthy
79,75.66,3.3400000000000034,3.3400000000000034,Healthy
78,75.04,2.9599999999999937,2.9599999999999937,Healthy
77,76.51,0.4899999999999949,0.4899999999999949,Healthy
76,74.44,1.5600000000000023,1.5600000000000023,Maintenance Soon
75,72.87,2.1299999999999955,2.1299999999999955,Maintenance Soon
74,76.14,-2.1400000000000006,2.1400000000000006,Healthy
73,71.26,1.7399999999999949,1.7399999999999949,Maintenance Soon
72,73.51,-1.5100000000000051,1.5100000000000051,Maintenance Soon
71,71.87,-0.8700000000000045,0.8700000000000045,Maintenance Soon
70,72.46,-2.4599999999999937,2.4599999999999937,Maintenance Soon
69,70.68,-1.6800000000000068,1.6800000000000068,Maintenance Soon
68,72.67,-4.670000000000002,4.670000000000002,Maintenance Soon
67,69.6,-2.5999999999999943,2.5999999999999943,Maintenance Soon
66,70.61,-4.609999999999999,4.609999999999999,Maintenance Soon
65,67.19,-2.1899999999999977,2.1899999999999977,Maintenance Soon
64,69.27,-5.269999999999996,5.269999999999996,Maintenance Soon
63,70.38,-7.3799999999999955,7.3799999999999955,Maintenance Soon
62,70.3,-8.299999999999997,8.299999999999997,Maintenance Soon
61,65.27,-4.269999999999996,4.269999999999996,Maintenance Soon
60,70.05,-10.049999999999997,10.049999999999997,Maintenance Soon
59,58.39,0.6099999999999994,0.6099999999999994,Maintenance Soon
58,54.84,3.1599999999999966,3.1599999999999966,Maintenance Soon
57,57.78,-0.7800000000000011,0.7800000000000011,Maintenance Soon
56,54.74,1.259999999999998,1.259999999999998,Maintenance Soon
55,51.96,3.039999999999999,3.039999999999999,Maintenance Soon
54,51.48,2.520000000000003,2.520000000000003,Maintenance Soon
53,40.11,12.89,12.89,Maintenance Soon
52,38.99,13.009999999999998,13.009999999999998,Maintenance Soon
51,40.08,10.920000000000002,10.920000000000002,Maintenance Soon
50,38.76,11.240000000000002,11.240000000000002,Maintenance Soon
49,39.91,9.090000000000003,9.090000000000003,Maintenance Soon
48,47.84,0.1599999999999966,0.1599999999999966,Maintenance Soon
47,45.11,1.8900000000000006,1.8900000000000006,Maintenance Soon
46,47.29,-1.2899999999999991,1.2899999999999991,Maintenance Soon
45,46.1,-1.1000000000000014,1.1000000000000014,Maintenance Soon
44,36.45,7.549999999999997,7.549999999999997,Maintenance Soon
43,36.83,6.170000000000002,6.170000000000002,Maintenance Soon
42,38.41,3.5900000000000034,3.5900000000000034,Maintenance Soon
41,37.05,3.950000000000003,3.950000000000003,Maintenance Soon
40,37.22,2.780000000000001,2.780000000000001,Maintenance Soon
39,35.7,3.299999999999997,3.299999999999997,Maintenance Soon
38,36.18,1.8200000000000003,1.8200000000000003,Maintenance Soon
37,36.39,0.6099999999999994,0.6099999999999994,Maintenance Soon
36,34.09,1.9099999999999966,1.9099999999999966,Maintenance Soon
35,34.27,0.7299999999999969,0.7299999999999969,Maintenance Soon
34,34.66,-0.6599999999999966,0.6599999999999966,Maintenance Soon
33,34.67,-1.6700000000000017,1.6700000000000017,Maintenance Soon
32,32.74,-0.740000000000002,0.740000000000002,Maintenance Soon
31,33.93,-2.9299999999999997,2.9299999999999997,Maintenance Soon
30,31.51,-1.5100000000000016,1.5100000000000016,Maintenance Soon
29,26.57,2.4299999999999997,2.4299999999999997,Critical
28,26.34,1.6600000000000001,1.6600000000000001,Critical
27,26.62,0.379999999999999,0.379999999999999,Critical
26,22.09,3.91,3.91,Critical
25,21.57,3.4299999999999997,3.4299999999999997,Critical
24,23.57,0.4299999999999997,0.4299999999999997,Critical
23,16.9,6.100000000000001,6.100000000000001,Critical
22,17.35,4.649999999999999,4.649999999999999,Critical
21,17.79,3.210000000000001,3.210000000000001,Critical
20,15.24,4.76,4.76,Critical
19,17.0,2.0,2.0,Critical
18,14.77,3.2300000000000004,3.2300000000000004,Critical
17,15.89,1.1099999999999994,1.1099999999999994,Critical
16,13.34,2.66,2.66,Critical
15,11.86,3.1400000000000006,3.1400000000000006,Critical
14,10.8,3.1999999999999993,3.1999999999999993,Critical
13,10.94,2.0600000000000005,2.0600000000000005,Critical
12,9.25,2.75,2.75,Critical
11,9.11,1.8900000000000006,1.8900000000000006,Critical
10,7.46,2.54,2.54,Critical
9,8.65,0.34999999999999964,0.34999999999999964,Critical
8,8.93,-0.9299999999999997,0.9299999999999997,Critical
7,8.36,-1.3599999999999994,1.3599999999999994,Critical
6,7.38,-1.38,1.38,Critical
5,6.01,-1.0099999999999998,1.0099999999999998,Critical
4,6.19,-2.1900000000000004,2.1900000000000004,Critical
3,5.14,-2.1399999999999997,2.1399999999999997,Critical
2,4.03,-2.0300000000000002,2.0300000000000002,Critical
1,1.47,-0.47,0.47,Critical
0,0.94,-0.94,0.94,Critical
125,124.8,0.20000000000000284,0.20000000000000284,Healthy
125,125.0,0.0,0.0,Healthy
125,124.89,0.10999999999999943,0.10999999999999943,Healthy
125,125.0,0.0,0.0,Healthy
125,125.0,0.0,0.0,Healthy
125,124.97,0.030000000000001137,0.030000000000001137,Healthy
125,124.96,0.04000000000000625,0.04000000000000625,Healthy
125,124.99,0.010000000000005116,0.010000000000005116,Healthy
125,124.99,0.010000000000005116,0.010000000000005116,Healthy
125,124.85,0.15000000000000568,0.15000000000000568,Healthy
125,124.63,0.37000000000000455,0.37000000000000455,Healthy
125,125.0,0.0,0.0,Healthy
125,124.63,0.37000000000000455,0.37000000000000455,Healthy
125,124.34,0.6599999999999966,0.6599999999999966,Healthy
125,125.0,0.0,0.0,Healthy
125,125.0,0.0,0.0,Healthy
125,124.85,0.15000000000000568,0.15000000000000568,Healthy
125,124.7,0.29999999999999716,0.29999999999999716,Healthy
125,124.56,0.4399999999999977,0.4399999999999977,Healthy
125,124.93,0.06999999999999318,0.06999999999999318,Healthy
125,124.92,0.0799999999999983,0.0799999999999983,Healthy
125,125.0,0.0,0.0,Healthy
125,125.0,0.0,0.0,Healthy
125,123.37,1.6299999999999955,1.6299999999999955,Healthy
125,124.1,0.9000000000000057,0.9000000000000057,Healthy
125,123.9,1.0999999999999943,1.0999999999999943,Healthy
125,119.06,5.939999999999998,5.939999999999998,Healthy
125,123.53,1.4699999999999989,1.4699999999999989,Healthy
125,124.23,0.769999999999996,0.769999999999996,Healthy
125,124.63,0.37000000000000455,0.37000000000000455,Healthy
125,123.01,1.9899999999999949,1.9899999999999949,Healthy
125,124.71,0.29000000000000625,0.29000000000000625,Healthy
125,124.75,0.25,0.25,Healthy
125,124.36,0.6400000000000006,0.6400000000000006,Healthy
125,122.72,2.280000000000001,2.280000000000001,Healthy
125,122.65,2.3499999999999943,2.3499999999999943,Healthy
125,123.09,1.9099999999999966,1.9099999999999966,Healthy
125,124.63,0.37000000000000455,0.37000000000000455,Healthy
125,121.6,3.4000000000000057,3.4000000000000057,Healthy
125,123.92,1.0799999999999983,1.0799999999999983,Healthy
125,120.64,4.359999999999999,4.359999999999999,Healthy
125,118.35,6.650000000000006,6.650000000000006,Healthy
125,123.68,1.3199999999999932,1.3199999999999932,Healthy
125,124.08,0.9200000000000017,0.9200000000000017,Healthy
125,119.74,5.260000000000005,5.260000000000005,Healthy
125,120.41,4.590000000000003,4.590000000000003,Healthy
125,120.36,4.640000000000001,4.640000000000001,Healthy
125,122.67,2.3299999999999983,2.3299999999999983,Healthy
125,121.65,3.3499999999999943,3.3499999999999943,Healthy
125,119.75,5.25,5.25,Healthy
125,122.44,2.5600000000000023,2.5600000000000023,Healthy
125,124.3,0.7000000000000028,0.7000000000000028,Healthy
125,122.96,2.0400000000000063,2.0400000000000063,Healthy
125,118.48,6.519999999999996,6.519999999999996,Healthy
125,120.19,4.810000000000002,4.810000000000002,Healthy
125,116.63,8.370000000000005,8.370000000000005,Healthy
125,116.41,8.590000000000003,8.590000000000003,Healthy
125,121.3,3.700000000000003,3.700000000000003,Healthy
125,123.14,1.8599999999999994,1.8599999999999994,Healthy
125,121.14,3.8599999999999994,3.8599999999999994,Healthy
125,122.75,2.25,2.25,Healthy
125,122.41,2.5900000000000034,2.5900000000000034,Healthy
125,121.47,3.530000000000001,3.530000000000001,Healthy
125,120.56,4.439999999999998,4.439999999999998,Healthy
125,120.15,4.849999999999994,4.849999999999994,Healthy
125,123.32,1.6800000000000068,1.6800000000000068,Healthy
125,120.38,4.6200000000000045,4.6200000000000045,Healthy
125,120.29,4.709999999999994,4.709999999999994,Healthy
125,120.28,4.719999999999999,4.719999999999999,Healthy
125,118.54,6.459999999999994,6.459999999999994,Healthy
125,120.31,4.689999999999998,4.689999999999998,Healthy
125,114.67,10.329999999999998,10.329999999999998,Healthy
125,119.59,5.409999999999997,5.409999999999997,Healthy
125,119.77,5.230000000000004,5.230000000000004,Healthy
125,115.09,9.909999999999997,9.909999999999997,Healthy
125,117.2,7.799999999999997,7.799999999999997,Healthy
125,124.17,0.8299999999999983,0.8299999999999983,Healthy
125,121.88,3.1200000000000045,3.1200000000000045,Healthy
125,123.98,1.019999999999996,1.019999999999996,Healthy
125,121.5,3.5,3.5,Healthy
125,118.73,6.269999999999996,6.269999999999996,Healthy
125,113.7,11.299999999999997,11.299999999999997,Healthy
125,113.53,11.469999999999999,11.469999999999999,Healthy
125,113.88,11.120000000000005,11.120000000000005,Healthy
125,113.31,11.689999999999998,11.689999999999998,Healthy
125,114.55,10.450000000000003,10.450000000000003,Healthy
125,114.27,10.730000000000004,10.730000000000004,Healthy
125,111.2,13.799999999999997,13.799999999999997,Healthy
125,108.21,16.790000000000006,16.790000000000006,Healthy
125,113.61,11.39,11.39,Healthy
125,109.56,15.439999999999998,15.439999999999998,Healthy
125,109.21,15.790000000000006,15.790000000000006,Healthy
125,116.65,8.349999999999994,8.349999999999994,Healthy
125,118.02,6.980000000000004,6.980000000000004,Healthy
125,112.85,12.150000000000006,12.150000000000006,Healthy
125,113.96,11.040000000000006,11.040000000000006,Healthy
125,118.97,6.030000000000001,6.030000000000001,Healthy
125,108.56,16.439999999999998,16.439999999999998,Healthy
125,110.73,14.269999999999996,14.269999999999996,Healthy
125,106.89,18.11,18.11,Healthy
125,106.36,18.64,18.64,Healthy
125,105.26,19.739999999999995,19.739999999999995,Healthy
125,107.01,17.989999999999995,17.989999999999995,Healthy
125,103.82,21.180000000000007,21.180000000000007,Healthy
125,106.95,18.049999999999997,18.049999999999997,Healthy
125,113.63,11.370000000000005,11.370000000000005,Healthy
125,112.75,12.25,12.25,Healthy
125,108.16,16.840000000000003,16.840000000000003,Healthy
125,109.54,15.459999999999994,15.459999999999994,Healthy
125,104.59,20.409999999999997,20.409999999999997,Healthy
125,104.31,20.689999999999998,20.689999999999998,Healthy
124,103.17,20.83,20.83,Healthy
123,99.99,23.010000000000005,23.010000000000005,Healthy
122,96.29,25.709999999999994,25.709999999999994,Healthy
121,94.73,26.269999999999996,26.269999999999996,Healthy
120,98.05,21.950000000000003,21.950000000000003,Healthy
119,93.36,25.64,25.64,Healthy
118,98.82,19.180000000000007,19.180000000000007,Healthy
117,94.53,22.47,22.47,Healthy
116,96.05,19.950000000000003,19.950000000000003,Healthy
115,99.52,15.480000000000004,15.480000000000004,Healthy
114,94.63,19.370000000000005,19.370000000000005,Healthy
113,95.18,17.819999999999993,17.819999999999993,Healthy
112,97.6,14.400000000000006,14.400000000000006,Healthy
111,92.87,18.129999999999995,18.129999999999995,Healthy
110,96.27,13.730000000000004,13.730000000000004,Healthy
109,96.15,12.849999999999994,12.849999999999994,Healthy
108,102.38,5.6200000000000045,5.6200000000000045,Healthy
107,109.2,-2.200000000000003,2.200000000000003,Healthy
106,100.05,5.950000000000003,5.950000000000003,Healthy
105,102.91,2.0900000000000034,2.0900000000000034,Healthy
104,103.13,0.8700000000000045,0.8700000000000045,Healthy
103,106.11,-3.1099999999999994,3.1099999999999994,Healthy
102,111.05,-9.049999999999997,9.049999999999997,Healthy
101,96.32,4.680000000000007,4.680000000000007,Healthy
100,96.15,3.8499999999999943,3.8499999999999943,Healthy
99,100.38,-1.3799999999999955,1.3799999999999955,Healthy
98,96.16,1.8400000000000034,1.8400000000000034,Healthy
97,97.83,-0.8299999999999983,0.8299999999999983,Healthy
96,101.92,-5.920000000000002,5.920000000000002,Healthy
95,98.95,-3.950000000000003,3.950000000000003,Healthy
94,101.38,-7.3799999999999955,7.3799999999999955,Healthy
93,91.4,1.5999999999999943,1.5999999999999943,Healthy
92,88.16,3.8400000000000034,3.8400000000000034,Healthy
91,83.95,7.049999999999997,7.049999999999997,Healthy
90,84.88,5.1200000000000045,5.1200000000000045,Healthy
89,90.07,-1.0699999999999932,1.0699999999999932,Healthy
88,91.11,-3.1099999999999994,3.1099999999999994,Healthy
87,94.86,-7.859999999999999,7.859999999999999,Healthy
86,93.64,-7.640000000000001,7.640000000000001,Healthy
85,85.31,-0.3100000000000023,0.3100000000000023,Healthy
84,92.21,-8.209999999999994,8.209999999999994,Healthy
83,92.57,-9.569999999999993,9.569999999999993,Healthy
82,98.23,-16.230000000000004,16.230000000000004,Healthy
81,95.4,-14.400000000000006,14.400000000000006,Healthy
80,91.29,-11.290000000000006,11.290000000000006,Healthy
79,97.07,-18.069999999999993,18.069999999999993,Healthy
78,96.36,-18.36,18.36,Healthy
77,102.54,-25.540000000000006,25.540000000000006,Healthy
76,98.72,-22.72,22.72,Healthy
75,103.38,-28.379999999999995,28.379999999999995,Healthy
74,94.73,-20.730000000000004,20.730000000000004,Healthy
73,89.22,-16.22,16.22,Healthy
72,83.95,-11.950000000000003,11.950000000000003,Healthy
71,81.76,-10.760000000000005,10.760000000000005,Healthy
70,86.09,-16.090000000000003,16.090000000000003,Healthy
69,85.59,-16.590000000000003,16.590000000000003,Healthy
68,75.36,-7.359999999999999,7.359999999999999,Healthy
67,90.46,-23.459999999999994,23.459999999999994,Healthy
66,90.18,-24.180000000000007,24.180000000000007,Healthy
65,82.39,-17.39,17.39,Healthy
64,88.36,-24.36,24.36,Healthy
63,75.09,-12.090000000000003,12.090000000000003,Healthy
62,72.1,-10.099999999999994,10.099999999999994,Maintenance Soon
61,71.1,-10.099999999999994,10.099999999999994,Maintenance Soon
60,73.94,-13.939999999999998,13.939999999999998,Maintenance Soon
59,67.74,-8.739999999999995,8.739999999999995,Maintenance Soon
58,70.51,-12.510000000000005,12.510000000000005,Maintenance Soon
57,67.36,-10.36,10.36,Maintenance Soon
56,69.97,-13.969999999999999,13.969999999999999,Maintenance Soon
55,68.47,-13.469999999999999,13.469999999999999,Maintenance Soon
54,67.78,-13.780000000000001,13.780000000000001,Maintenance Soon
53,63.78,-10.780000000000001,10.780000000000001,Maintenance Soon
52,55.15,-3.1499999999999986,3.1499999999999986,Maintenance Soon
51,62.46,-11.46,11.46,Maintenance Soon
50,62.01,-12.009999999999998,12.009999999999998,Maintenance Soon
49,63.3,-14.299999999999997,14.299999999999997,Maintenance Soon
48,61.9,-13.899999999999999,13.899999999999999,Maintenance Soon
47,65.64,-18.64,18.64,Maintenance Soon
46,47.3,-1.2999999999999972,1.2999999999999972,Maintenance Soon
45,44.58,0.4200000000000017,0.4200000000000017,Maintenance Soon
44,40.99,3.009999999999998,3.009999999999998,Maintenance Soon
43,40.34,2.6599999999999966,2.6599999999999966,Maintenance Soon
42,39.23,2.770000000000003,2.770000000000003,Maintenance Soon
41,56.49,-15.490000000000002,15.490000000000002,Maintenance Soon
40,50.76,-10.759999999999998,10.759999999999998,Maintenance Soon
39,55.23,-16.229999999999997,16.229999999999997,Maintenance Soon
38,42.31,-4.310000000000002,4.310000000000002,Maintenance Soon
37,37.52,-0.5200000000000031,0.5200000000000031,Maintenance Soon
36,38.0,-2.0,2.0,Maintenance Soon
35,42.01,-7.009999999999998,7.009999999999998,Maintenance Soon
34,33.4,0.6000000000000014,0.6000000000000014,Maintenance Soon
33,42.85,-9.850000000000001,9.850000000000001,Maintenance Soon
32,42.75,-10.75,10.75,Maintenance Soon
31,40.27,-9.270000000000003,9.270000000000003,Maintenance Soon
30,31.92,-1.9200000000000017,1.9200000000000017,Maintenance Soon
29,32.98,-3.979999999999997,3.979999999999997,Maintenance Soon
28,30.78,-2.780000000000001,2.780000000000001,Maintenance Soon
27,30.61,-3.6099999999999994,3.6099999999999994,Maintenance Soon
26,29.14,-3.1400000000000006,3.1400000000000006,Critical
25,30.3,-5.300000000000001,5.300000000000001,Maintenance Soon
24,29.71,-5.710000000000001,5.710000000000001,Critical
23,32.22,-9.219999999999999,9.219999999999999,Maintenance Soon
22,29.87,-7.870000000000001,7.870000000000001,Critical
21,30.31,-9.309999999999999,9.309999999999999,Maintenance Soon
20,29.46,-9.46,9.46,Critical
19,25.93,-6.93,6.93,Critical
18,19.08,-1.0799999999999983,1.0799999999999983,Critical
17,17.44,-0.4400000000000013,0.4400000000000013,Critical
16,17.61,-1.6099999999999994,1.6099999999999994,Critical
15,16.18,-1.1799999999999997,1.1799999999999997,Critical
14,14.15,-0.15000000000000036,0.15000000000000036,Critical
13,13.45,-0.4499999999999993,0.4499999999999993,Critical
12,11.77,0.23000000000000043,0.23000000000000043,Critical
11,10.64,0.35999999999999943,0.35999999999999943,Critical
10,10.33,-0.33000000000000007,0.33000000000000007,Critical
9,10.9,-1.9000000000000004,1.9000000000000004,Critical
8,13.25,-5.25,5.25,Critical
7,10.06,-3.0600000000000005,3.0600000000000005,Critical
6,9.26,-3.26,3.26,Critical
5,10.05,-5.050000000000001,5.050000000000001,Critical
4,9.51,-5.51,5.51,Critical
3,7.87,-4.87,4.87,Critical
2,5.98,-3.9800000000000004,3.9800000000000004,Critical
1,6.05,-5.05,5.05,Critical
0,4.59,-4.59,4.59,Critical
125,123.44,1.5600000000000023,1.5600000000000023,Healthy
125,123.72,1.2800000000000011,1.2800000000000011,Healthy
125,125.0,0.0,0.0,Healthy
125,124.83,0.1700000000000017,0.1700000000000017,Healthy
125,123.28,1.7199999999999989,1.7199999999999989,Healthy
125,125.0,0.0,0.0,Healthy
125,124.39,0.6099999999999994,0.6099999999999994,Healthy
125,124.77,0.23000000000000398,0.23000000000000398,Healthy
125,123.12,1.8799999999999955,1.8799999999999955,Healthy
125,124.03,0.9699999999999989,0.9699999999999989,Healthy
125,123.55,1.4500000000000028,1.4500000000000028,Healthy
125,123.88,1.1200000000000045,1.1200000000000045,Healthy
125,124.95,0.04999999999999716,0.04999999999999716,Healthy
125,124.97,0.030000000000001137,0.030000000000001137,Healthy
125,124.97,0.030000000000001137,0.030000000000001137,Healthy
125,122.33,2.6700000000000017,2.6700000000000017,Healthy
125,124.98,0.01999999999999602,0.01999999999999602,Healthy
125,124.94,0.060000000000002274,0.060000000000002274,Healthy
125,124.71,0.29000000000000625,0.29000000000000625,Healthy
125,124.79,0.20999999999999375,0.20999999999999375,Healthy
125,124.52,0.480000000000004,0.480000000000004,Healthy
125,125.0,0.0,0.0,Healthy
125,124.87,0.12999999999999545,0.12999999999999545,Healthy
125,124.92,0.0799999999999983,0.0799999999999983,Healthy
125,124.64,0.35999999999999943,0.35999999999999943,Healthy
125,124.75,0.25,0.25,Healthy
125,124.47,0.5300000000000011,0.5300000000000011,Healthy
125,124.1,0.9000000000000057,0.9000000000000057,Healthy
125,123.95,1.0499999999999972,1.0499999999999972,Healthy
125,124.26,0.7399999999999949,0.7399999999999949,Healthy
125,122.4,2.5999999999999943,2.5999999999999943,Healthy
125,122.31,2.6899999999999977,2.6899999999999977,Healthy
125,124.89,0.10999999999999943,0.10999999999999943,Healthy
125,124.51,0.4899999999999949,0.4899999999999949,Healthy
124,124.21,-0.20999999999999375,0.20999999999999375,Healthy
123,113.79,9.209999999999994,9.209999999999994,Healthy
122,115.84,6.159999999999997,6.159999999999997,Healthy
121,116.45,4.549999999999997,4.549999999999997,Healthy
120,124.55,-4.549999999999997,4.549999999999997,Healthy
119,123.47,-4.469999999999999,4.469999999999999,Healthy
118,121.69,-3.6899999999999977,3.6899999999999977,Healthy
117,121.39,-4.390000000000001,4.390000000000001,Healthy
116,123.23,-7.230000000000004,7.230000000000004,Healthy
115,123.3,-8.299999999999997,8.299999999999997,Healthy
114,120.42,-6.420000000000002,6.420000000000002,Healthy
113,122.77,-9.769999999999996,9.769999999999996,Healthy
112,121.43,-9.430000000000007,9.430000000000007,Healthy
111,114.62,-3.6200000000000045,3.6200000000000045,Healthy
110,121.96,-11.959999999999994,11.959999999999994,Healthy
109,121.86,-12.86,12.86,Healthy
108,123.33,-15.329999999999998,15.329999999999998,Healthy
107,115.74,-8.739999999999995,8.739999999999995,Healthy
106,114.37,-8.370000000000005,8.370000000000005,Healthy
105,117.84,-12.840000000000003,12.840000000000003,Healthy
104,121.77,-17.769999999999996,17.769999999999996,Healthy
103,112.72,-9.719999999999999,9.719999999999999,Healthy
102,116.5,-14.5,14.5,Healthy
101,118.1,-17.099999999999994,17.099999999999994,Healthy
100,104.27,-4.269999999999996,4.269999999999996,Healthy
99,114.5,-15.5,15.5,Healthy
98,111.72,-13.719999999999999,13.719999999999999,Healthy
97,112.56,-15.560000000000002,15.560000000000002,Healthy
96,114.77,-18.769999999999996,18.769999999999996,Healthy
95,112.64,-17.64,17.64,Healthy
94,113.13,-19.129999999999995,19.129999999999995,Healthy
93,108.51,-15.510000000000005,15.510000000000005,Healthy
92,112.46,-20.459999999999994,20.459999999999994,Healthy
91,113.74,-22.739999999999995,22.739999999999995,Healthy
90,110.56,-20.560000000000002,20.560000000000002,Healthy
89,108.94,-19.939999999999998,19.939999999999998,Healthy
88,109.3,-21.299999999999997,21.299999999999997,Healthy
87,111.31,-24.310000000000002,24.310000000000002,Healthy
86,106.8,-20.799999999999997,20.799999999999997,Healthy
85,105.14,-20.14,20.14,Healthy
84,101.42,-17.42,17.42,Healthy
83,99.13,-16.129999999999995,16.129999999999995,Healthy
82,92.82,-10.819999999999993,10.819999999999993,Healthy
81,95.55,-14.549999999999997,14.549999999999997,Healthy
80,93.39,-13.39,13.39,Healthy
79,95.61,-16.61,16.61,Healthy
78,101.9,-23.900000000000006,23.900000000000006,Healthy
77,99.85,-22.849999999999994,22.849999999999994,Healthy
76,94.0,-18.0,18.0,Healthy
75,94.89,-19.89,19.89,Healthy
74,92.36,-18.36,18.36,Healthy
73,94.92,-21.92,21.92,Healthy
72,85.47,-13.469999999999999,13.469999999999999,Healthy
71,87.56,-16.560000000000002,16.560000000000002,Healthy
70,84.95,-14.950000000000003,14.950000000000003,Healthy
69,82.55,-13.549999999999997,13.549999999999997,Healthy
68,87.49,-19.489999999999995,19.489999999999995,Healthy
67,83.77,-16.769999999999996,16.769999999999996,Healthy
66,83.96,-17.959999999999994,17.959999999999994,Healthy
65,71.49,-6.489999999999995,6.489999999999995,Maintenance Soon
64,72.13,-8.129999999999995,8.129999999999995,Maintenance Soon
63,74.95,-11.950000000000003,11.950000000000003,Maintenance Soon
62,74.88,-12.879999999999995,12.879999999999995,Maintenance Soon
61,82.02,-21.019999999999996,21.019999999999996,Healthy
60,80.7,-20.700000000000003,20.700000000000003,Healthy
59,74.28,-15.280000000000001,15.280000000000001,Maintenance Soon
58,68.01,-10.010000000000005,10.010000000000005,Maintenance Soon
57,67.85,-10.849999999999994,10.849999999999994,Maintenance Soon
56,60.71,-4.710000000000001,4.710000000000001,Maintenance Soon
55,60.91,-5.909999999999997,5.909999999999997,Maintenance Soon
54,57.08,-3.0799999999999983,3.0799999999999983,Maintenance Soon
53,55.31,-2.3100000000000023,2.3100000000000023,Maintenance Soon
52,56.03,-4.030000000000001,4.030000000000001,Maintenance Soon
51,52.79,-1.7899999999999991,1.7899999999999991,Maintenance Soon
50,52.85,-2.8500000000000014,2.8500000000000014,Maintenance Soon
49,55.01,-6.009999999999998,6.009999999999998,Maintenance Soon
48,53.36,-5.359999999999999,5.359999999999999,Maintenance Soon
47,50.37,-3.3699999999999974,3.3699999999999974,Maintenance Soon
46,49.89,-3.8900000000000006,3.8900000000000006,Maintenance Soon
45,50.39,-5.390000000000001,5.390000000000001,Maintenance Soon
44,49.48,-5.479999999999997,5.479999999999997,Maintenance Soon
43,51.15,-8.149999999999999,8.149999999999999,Maintenance Soon
42,51.42,-9.420000000000002,9.420000000000002,Maintenance Soon
41,48.74,-7.740000000000002,7.740000000000002,Maintenance Soon
40,46.64,-6.640000000000001,6.640000000000001,Maintenance Soon
39,44.38,-5.380000000000003,5.380000000000003,Maintenance Soon
38,44.59,-6.590000000000003,6.590000000000003,Maintenance Soon
37,42.5,-5.5,5.5,Maintenance Soon
36,42.05,-6.049999999999997,6.049999999999997,Maintenance Soon
35,43.42,-8.420000000000002,8.420000000000002,Maintenance Soon
34,41.75,-7.75,7.75,Maintenance Soon
33,40.68,-7.68,7.68,Maintenance Soon
32,36.74,-4.740000000000002,4.740000000000002,Maintenance Soon
31,34.58,-3.5799999999999983,3.5799999999999983,Maintenance Soon
30,34.13,-4.130000000000003,4.130000000000003,Maintenance Soon
29,28.07,0.9299999999999997,0.9299999999999997,Critical
28,28.75,-0.75,0.75,Critical
27,26.39,0.6099999999999994,0.6099999999999994,Critical
26,28.98,-2.9800000000000004,2.9800000000000004,Critical
25,28.76,-3.7600000000000016,3.7600000000000016,Critical
24,30.77,-6.77,6.77,Maintenance Soon
23,26.69,-3.6900000000000013,3.6900000000000013,Critical
22,26.51,-4.510000000000002,4.510000000000002,Critical
21,25.8,-4.800000000000001,4.800000000000001,Critical
20,23.21,-3.210000000000001,3.210000000000001,Critical
19,25.46,-6.460000000000001,6.460000000000001,Critical
18,26.86,-8.86,8.86,Critical
17,23.05,-6.050000000000001,6.050000000000001,Critical
16,21.35,-5.350000000000001,5.350000000000001,Critical
15,19.99,-4.989999999999998,4.989999999999998,Critical
14,14.79,-0.7899999999999991,0.7899999999999991,Critical
13,13.61,-0.6099999999999994,0.6099999999999994,Critical
12,12.68,-0.6799999999999997,0.6799999999999997,Critical
11,14.26,-3.26,3.26,Critical
10,12.21,-2.210000000000001,2.210000000000001,Critical
9,12.52,-3.5199999999999996,3.5199999999999996,Critical
8,10.37,-2.369999999999999,2.369999999999999,Critical
7,10.74,-3.74,3.74,Critical
6,10.11,-4.109999999999999,4.109999999999999,Critical
5,8.38,-3.380000000000001,3.380000000000001,Critical
4,5.37,-1.37,1.37,Critical
3,4.7,-1.7000000000000002,1.7000000000000002,Critical
2,1.26,0.74,0.74,Critical
1,1.08,-0.08000000000000007,0.08000000000000007,Critical
0,1.14,-1.14,1.14,Critical
125,124.63,0.37000000000000455,0.37000000000000455,Healthy
125,123.83,1.1700000000000017,1.1700000000000017,Healthy
125,124.74,0.2600000000000051,0.2600000000000051,Healthy
125,124.41,0.5900000000000034,0.5900000000000034,Healthy
125,124.69,0.3100000000000023,0.3100000000000023,Healthy
125,124.88,0.12000000000000455,0.12000000000000455,Healthy
125,124.7,0.29999999999999716,0.29999999999999716,Healthy
125,124.84,0.1599999999999966,0.1599999999999966,Healthy
125,122.79,2.2099999999999937,2.2099999999999937,Healthy
125,124.31,0.6899999999999977,0.6899999999999977,Healthy
125,123.64,1.3599999999999994,1.3599999999999994,Healthy
125,123.61,1.3900000000000006,1.3900000000000006,Healthy
125,124.51,0.4899999999999949,0.4899999999999949,Healthy
125,123.71,1.2900000000000063,1.2900000000000063,Healthy
125,123.24,1.7600000000000051,1.7600000000000051,Healthy
125,124.8,0.20000000000000284,0.20000000000000284,Healthy
125,124.67,0.3299999999999983,0.3299999999999983,Healthy
125,123.68,1.3199999999999932,1.3199999999999932,Healthy
125,122.3,2.700000000000003,2.700000000000003,Healthy
125,122.07,2.930000000000007,2.930000000000007,Healthy
125,122.51,2.489999999999995,2.489999999999995,Healthy
125,123.58,1.4200000000000017,1.4200000000000017,Healthy
125,122.02,2.980000000000004,2.980000000000004,Healthy
125,124.1,0.9000000000000057,0.9000000000000057,Healthy
125,123.02,1.980000000000004,1.980000000000004,Healthy
125,121.64,3.3599999999999994,3.3599999999999994,Healthy
125,124.06,0.9399999999999977,0.9399999999999977,Healthy
125,118.51,6.489999999999995,6.489999999999995,Healthy
125,120.73,4.269999999999996,4.269999999999996,Healthy
124,122.54,1.4599999999999937,1.4599999999999937,Healthy
123,110.99,12.010000000000005,12.010000000000005,Healthy
122,117.24,4.760000000000005,4.760000000000005,Healthy
121,120.52,0.480000000000004,0.480000000000004,Healthy
120,121.33,-1.3299999999999983,1.3299999999999983,Healthy
119,121.5,-2.5,2.5,Healthy
118,122.44,-4.439999999999998,4.439999999999998,Healthy
117,124.06,-7.060000000000002,7.060000000000002,Healthy
116,124.27,-8.269999999999996,8.269999999999996,Healthy
115,122.22,-7.219999999999999,7.219999999999999,Healthy
114,123.34,-9.340000000000003,9.340000000000003,Healthy
113,119.62,-6.6200000000000045,6.6200000000000045,Healthy
112,121.19,-9.189999999999998,9.189999999999998,Healthy
111,120.9,-9.900000000000006,9.900000000000006,Healthy
110,120.62,-10.620000000000005,10.620000000000005,Healthy
109,113.5,-4.5,4.5,Healthy
108,115.87,-7.8700000000000045,7.8700000000000045,Healthy
107,119.22,-12.219999999999999,12.219999999999999,Healthy
106,105.83,0.1700000000000017,0.1700000000000017,Healthy
105,97.58,7.420000000000002,7.420000000000002,Healthy
104,94.52,9.480000000000004,9.480000000000004,Healthy
103,102.16,0.8400000000000034,0.8400000000000034,Healthy
102,108.13,-6.1299999999999955,6.1299999999999955,Healthy
101,113.91,-12.909999999999997,12.909999999999997,Healthy
100,115.79,-15.790000000000006,15.790000000000006,Healthy
99,118.42,-19.42,19.42,Healthy
98,116.24,-18.239999999999995,18.239999999999995,Healthy
97,111.97,-14.969999999999999,14.969999999999999,Healthy
96,109.64,-13.64,13.64,Healthy
95,113.4,-18.400000000000006,18.400000000000006,Healthy
94,111.56,-17.560000000000002,17.560000000000002,Healthy
93,109.83,-16.83,16.83,Healthy
92,101.99,-9.989999999999995,9.989999999999995,Healthy
91,103.82,-12.819999999999993,12.819999999999993,Healthy
90,107.02,-17.019999999999996,17.019999999999996,Healthy
89,100.8,-11.799999999999997,11.799999999999997,Healthy
88,110.14,-22.14,22.14,Healthy
87,115.58,-28.58,28.58,Healthy
86,112.41,-26.409999999999997,26.409999999999997,Healthy
85,109.53,-24.53,24.53,Healthy
84,113.77,-29.769999999999996,29.769999999999996,Healthy
83,109.06,-26.060000000000002,26.060000000000002,Healthy
82,111.11,-29.11,29.11,Healthy
81,107.54,-26.540000000000006,26.540000000000006,Healthy
80,110.14,-30.14,30.14,Healthy
79,111.26,-32.260000000000005,32.260000000000005,Healthy
78,106.53,-28.53,28.53,Healthy
77,84.6,-7.599999999999994,7.599999999999994,Healthy
76,101.28,-25.28,25.28,Healthy
75,99.43,-24.430000000000007,24.430000000000007,Healthy
74,77.52,-3.519999999999996,3.519999999999996,Healthy
73,97.57,-24.569999999999993,24.569999999999993,Healthy
72,102.22,-30.22,30.22,Healthy
71,104.69,-33.69,33.69,Healthy
70,70.57,-0.5699999999999932,0.5699999999999932,Maintenance Soon
69,61.08,7.920000000000002,7.920000000000002,Maintenance Soon
68,83.86,-15.86,15.86,Healthy
67,82.87,-15.870000000000005,15.870000000000005,Healthy
66,75.97,-9.969999999999999,9.969999999999999,Healthy
65,75.99,-10.989999999999995,10.989999999999995,Healthy
64,73.33,-9.329999999999998,9.329999999999998,Maintenance Soon
63,54.78,8.219999999999999,8.219999999999999,Maintenance Soon
62,52.92,9.079999999999998,9.079999999999998,Maintenance Soon
61,50.82,10.18,10.18,Maintenance Soon
60,57.05,2.950000000000003,2.950000000000003,Maintenance Soon
59,60.99,-1.990000000000002,1.990000000000002,Maintenance Soon
58,61.71,-3.710000000000001,3.710000000000001,Maintenance Soon
57,65.94,-8.939999999999998,8.939999999999998,Maintenance Soon
56,52.15,3.8500000000000014,3.8500000000000014,Maintenance Soon
55,70.42,-15.420000000000002,15.420000000000002,Maintenance Soon
54,59.64,-5.640000000000001,5.640000000000001,Maintenance Soon
53,63.79,-10.79,10.79,Maintenance Soon
52,60.84,-8.840000000000003,8.840000000000003,Maintenance Soon
51,61.67,-10.670000000000002,10.670000000000002,Maintenance Soon
50,54.04,-4.039999999999999,4.039999999999999,Maintenance Soon
49,51.82,-2.8200000000000003,2.8200000000000003,Maintenance Soon
48,48.51,-0.509999999999998,0.509999999999998,Maintenance Soon
47,45.42,1.5799999999999983,1.5799999999999983,Maintenance Soon
46,44.49,1.509999999999998,1.509999999999998,Maintenance Soon
45,47.66,-2.6599999999999966,2.6599999999999966,Maintenance Soon
44,40.25,3.75,3.75,Maintenance Soon
43,40.13,2.8699999999999974,2.8699999999999974,Maintenance Soon
42,47.51,-5.509999999999998,5.509999999999998,Maintenance Soon
41,51.86,-10.86,10.86,Maintenance Soon
40,38.33,1.6700000000000017,1.6700000000000017,Maintenance Soon
39,46.32,-7.32,7.32,Maintenance Soon
38,41.59,-3.5900000000000034,3.5900000000000034,Maintenance Soon
37,38.42,-1.4200000000000017,1.4200000000000017,Maintenance Soon
36,29.92,6.079999999999998,6.079999999999998,Critical
35,30.28,4.719999999999999,4.719999999999999,Maintenance Soon
34,24.59,9.41,9.41,Critical
33,23.57,9.43,9.43,Critical
32,24.02,7.98,7.98,Critical
31,25.31,5.690000000000001,5.690000000000001,Critical
30,20.33,9.670000000000002,9.670000000000002,Critical
29,21.38,7.620000000000001,7.620000000000001,Critical
28,23.1,4.899999999999999,4.899999999999999,Critical
27,22.23,4.77,4.77,Critical
26,19.44,6.559999999999999,6.559999999999999,Critical
25,19.96,5.039999999999999,5.039999999999999,Critical
24,18.51,5.489999999999998,5.489999999999998,Critical
23,18.89,4.109999999999999,4.109999999999999,Critical
22,20.15,1.8500000000000014,1.8500000000000014,Critical
21,21.18,-0.17999999999999972,0.17999999999999972,Critical
20,16.86,3.1400000000000006,3.1400000000000006,Critical
19,16.72,2.280000000000001,2.280000000000001,Critical
18,14.72,3.2799999999999994,3.2799999999999994,Critical
17,13.38,3.619999999999999,3.619999999999999,Critical
16,13.43,2.5700000000000003,2.5700000000000003,Critical
15,12.33,2.67,2.67,Critical
14,14.08,-0.08000000000000007,0.08000000000000007,Critical
13,14.99,-1.9900000000000002,1.9900000000000002,Critical
12,10.5,1.5,1.5,Critical
11,9.49,1.5099999999999998,1.5099999999999998,Critical
10,9.98,0.019999999999999574,0.019999999999999574,Critical
9,8.91,0.08999999999999986,0.08999999999999986,Critical
8,8.38,-0.3800000000000008,0.3800000000000008,Critical
7,6.67,0.33000000000000007,0.33000000000000007,Critical
6,2.82,3.18,3.18,Critical
5,2.6,2.4,2.4,Critical
4,2.73,1.27,1.27,Critical
3,2.0,1.0,1.0,Critical
2,1.37,0.6299999999999999,0.6299999999999999,Critical
1,2.75,-1.75,1.75,Critical
0,0.9,-0.9,0.9,Critical
125,123.13,1.8700000000000045,1.8700000000000045,Healthy
125,124.96,0.04000000000000625,0.04000000000000625,Healthy
125,124.48,0.519999999999996,0.519999999999996,Healthy
125,124.92,0.0799999999999983,0.0799999999999983,Healthy
125,124.9,0.09999999999999432,0.09999999999999432,Healthy
125,124.9,0.09999999999999432,0.09999999999999432,Healthy
125,124.04,0.9599999999999937,0.9599999999999937,Healthy
125,123.91,1.0900000000000034,1.0900000000000034,Healthy
125,124.64,0.35999999999999943,0.35999999999999943,Healthy
125,125.0,0.0,0.0,Healthy
125,124.74,0.2600000000000051,0.2600000000000051,Healthy
125,124.48,0.519999999999996,0.519999999999996,Healthy
125,124.63,0.37000000000000455,0.37000000000000455,Healthy
125,124.94,0.060000000000002274,0.060000000000002274,Healthy
125,125.0,0.0,0.0,Healthy
125,124.8,0.20000000000000284,0.20000000000000284,Healthy
125,124.76,0.23999999999999488,0.23999999999999488,Healthy
125,124.0,1.0,1.0,Healthy
125,124.95,0.04999999999999716,0.04999999999999716,Healthy
125,124.71,0.29000000000000625,0.29000000000000625,Healthy
125,124.43,0.5699999999999932,0.5699999999999932,Healthy
125,124.8,0.20000000000000284,0.20000000000000284,Healthy
125,124.77,0.23000000000000398,0.23000000000000398,Healthy
125,121.36,3.6400000000000006,3.6400000000000006,Healthy
125,121.92,3.0799999999999983,3.0799999999999983,Healthy
125,124.53,0.46999999999999886,0.46999999999999886,Healthy
125,124.6,0.4000000000000057,0.4000000000000057,Healthy
125,124.68,0.3199999999999932,0.3199999999999932,Healthy
125,122.49,2.510000000000005,2.510000000000005,Healthy
125,124.95,0.04999999999999716,0.04999999999999716,Healthy
125,123.94,1.0600000000000023,1.0600000000000023,Healthy
125,122.72,2.280000000000001,2.280000000000001,Healthy
125,122.57,2.430000000000007,2.430000000000007,Healthy
125,112.8,12.200000000000003,12.200000000000003,Healthy
125,117.42,7.579999999999998,7.579999999999998,Healthy
125,120.29,4.709999999999994,4.709999999999994,Healthy
125,120.23,4.769999999999996,4.769999999999996,Healthy
125,123.86,1.1400000000000006,1.1400000000000006,Healthy
125,122.44,2.5600000000000023,2.5600000000000023,Healthy
124,121.77,2.230000000000004,2.230000000000004,Healthy
123,119.17,3.8299999999999983,3.8299999999999983,Healthy
122,120.53,1.4699999999999989,1.4699999999999989,Healthy
121,121.39,-0.39000000000000057,0.39000000000000057,Healthy
120,121.69,-1.6899999999999977,1.6899999999999977,Healthy
119,120.82,-1.8199999999999932,1.8199999999999932,Healthy
118,123.3,-5.299999999999997,5.299999999999997,Healthy
117,124.35,-7.349999999999994,7.349999999999994,Healthy
116,123.73,-7.730000000000004,7.730000000000004,Healthy
115,121.76,-6.760000000000005,6.760000000000005,Healthy
114,119.71,-5.709999999999994,5.709999999999994,Healthy
113,122.15,-9.150000000000006,9.150000000000006,Healthy
112,113.01,-1.0100000000000051,1.0100000000000051,Healthy
111,94.71,16.290000000000006,16.290000000000006,Healthy
110,115.57,-5.569999999999993,5.569999999999993,Healthy
109,120.69,-11.689999999999998,11.689999999999998,Healthy
108,121.18,-13.180000000000007,13.180000000000007,Healthy
107,119.23,-12.230000000000004,12.230000000000004,Healthy
106,119.03,-13.030000000000001,13.030000000000001,Healthy
105,116.25,-11.25,11.25,Healthy
104,120.41,-16.409999999999997,16.409999999999997,Healthy
103,120.38,-17.379999999999995,17.379999999999995,Healthy
102,117.4,-15.400000000000006,15.400000000000006,Healthy
101,120.68,-19.680000000000007,19.680000000000007,Healthy
100,119.65,-19.650000000000006,19.650000000000006,Healthy
99,118.48,-19.480000000000004,19.480000000000004,Healthy
98,121.37,-23.370000000000005,23.370000000000005,Healthy
97,120.83,-23.83,23.83,Healthy
96,116.11,-20.11,20.11,Healthy
95,118.42,-23.42,23.42,Healthy
94,113.83,-19.83,19.83,Healthy
93,120.63,-27.629999999999995,27.629999999999995,Healthy
92,118.96,-26.959999999999994,26.959999999999994,Healthy
91,115.79,-24.790000000000006,24.790000000000006,Healthy
90,113.86,-23.86,23.86,Healthy
89,118.29,-29.290000000000006,29.290000000000006,Healthy
88,113.55,-25.549999999999997,25.549999999999997,Healthy
87,113.73,-26.730000000000004,26.730000000000004,Healthy
86,116.83,-30.83,30.83,Healthy
85,119.64,-34.64,34.64,Healthy
84,117.64,-33.64,33.64,Healthy
83,97.62,-14.620000000000005,14.620000000000005,Healthy
82,111.89,-29.89,29.89,Healthy
81,114.08,-33.08,33.08,Healthy
80,110.97,-30.97,30.97,Healthy
79,105.39,-26.39,26.39,Healthy
78,106.26,-28.260000000000005,28.260000000000005,Healthy
77,103.92,-26.92,26.92,Healthy
76,98.83,-22.83,22.83,Healthy
75,99.73,-24.730000000000004,24.730000000000004,Healthy
74,99.64,-25.64,25.64,Healthy
73,100.6,-27.599999999999994,27.599999999999994,Healthy
72,102.27,-30.269999999999996,30.269999999999996,Healthy
71,104.09,-33.09,33.09,Healthy
70,103.81,-33.81,33.81,Healthy
69,92.48,-23.480000000000004,23.480000000000004,Healthy
68,91.87,-23.870000000000005,23.870000000000005,Healthy
67,96.94,-29.939999999999998,29.939999999999998,Healthy
66,81.23,-15.230000000000004,15.230000000000004,Healthy
65,79.34,-14.340000000000003,14.340000000000003,Healthy
64,63.62,0.38000000000000256,0.38000000000000256,Maintenance Soon
63,77.53,-14.530000000000001,14.530000000000001,Healthy
62,75.06,-13.060000000000002,13.060000000000002,Healthy
61,67.94,-6.939999999999998,6.939999999999998,Maintenance Soon
60,78.14,-18.14,18.14,Healthy
59,80.01,-21.010000000000005,21.010000000000005,Healthy
58,76.48,-18.480000000000004,18.480000000000004,Healthy
57,64.94,-7.939999999999998,7.939999999999998,Maintenance Soon
56,67.02,-11.019999999999996,11.019999999999996,Maintenance Soon
55,62.13,-7.130000000000003,7.130000000000003,Maintenance Soon
54,59.09,-5.090000000000003,5.090000000000003,Maintenance Soon
53,60.84,-7.840000000000003,7.840000000000003,Maintenance Soon
52,52.55,-0.5499999999999972,0.5499999999999972,Maintenance Soon
51,50.91,0.09000000000000341,0.09000000000000341,Maintenance Soon
50,57.33,-7.329999999999998,7.329999999999998,Maintenance Soon
49,45.69,3.3100000000000023,3.3100000000000023,Maintenance Soon
48,48.23,-0.22999999999999687,0.22999999999999687,Maintenance Soon
47,55.57,-8.57,8.57,Maintenance Soon
46,57.14,-11.14,11.14,Maintenance Soon
45,52.1,-7.100000000000001,7.100000000000001,Maintenance Soon
44,53.94,-9.939999999999998,9.939999999999998,Maintenance Soon
43,59.18,-16.18,16.18,Maintenance Soon
42,53.19,-11.189999999999998,11.189999999999998,Maintenance Soon
41,52.37,-11.369999999999997,11.369999999999997,Maintenance Soon
40,48.43,-8.43,8.43,Maintenance Soon
39,40.56,-1.5600000000000023,1.5600000000000023,Maintenance Soon
38,42.87,-4.869999999999997,4.869999999999997,Maintenance Soon
37,40.17,-3.1700000000000017,3.1700000000000017,Maintenance Soon
36,37.43,-1.4299999999999997,1.4299999999999997,Maintenance Soon
35,30.75,4.25,4.25,Maintenance Soon
34,31.13,2.870000000000001,2.870000000000001,Maintenance Soon
33,27.34,5.66,5.66,Critical
32,28.35,3.6499999999999986,3.6499999999999986,Critical
31,39.83,-8.829999999999998,8.829999999999998,Maintenance Soon
30,38.76,-8.759999999999998,8.759999999999998,Maintenance Soon
29,34.28,-5.280000000000001,5.280000000000001,Maintenance Soon
28,37.92,-9.920000000000002,9.920000000000002,Maintenance Soon
27,38.03,-11.030000000000001,11.030000000000001,Maintenance Soon
26,27.13,-1.129999999999999,1.129999999999999,Critical
25,27.45,-2.4499999999999993,2.4499999999999993,Critical
24,28.49,-4.489999999999998,4.489999999999998,Critical
23,20.9,2.1000000000000014,2.1000000000000014,Critical
22,18.34,3.66,3.66,Critical
21,17.81,3.1900000000000013,3.1900000000000013,Critical
20,15.7,4.300000000000001,4.300000000000001,Critical
19,15.52,3.4800000000000004,3.4800000000000004,Critical
18,18.71,-0.7100000000000009,0.7100000000000009,Critical
17,18.05,-1.0500000000000007,1.0500000000000007,Critical
16,14.59,1.4100000000000001,1.4100000000000001,Critical
15,16.25,-1.25,1.25,Critical
14,13.53,0.47000000000000064,0.47000000000000064,Critical
13,14.41,-1.4100000000000001,1.4100000000000001,Critical
12,15.04,-3.039999999999999,3.039999999999999,Critical
11,14.15,-3.1500000000000004,3.1500000000000004,Critical
10,10.2,-0.1999999999999993,0.1999999999999993,Critical
9,7.15,1.8499999999999996,1.8499999999999996,Critical
8,6.86,1.1399999999999997,1.1399999999999997,Critical
7,5.22,1.7800000000000002,1.7800000000000002,Critical
6,5.67,0.33000000000000007,0.33000000000000007,Critical
5,5.17,-0.16999999999999993,0.16999999999999993,Critical
4,5.47,-1.4699999999999998,1.4699999999999998,Critical
3,5.54,-2.54,2.54,Critical
2,5.26,-3.26,3.26,Critical
1,2.91,-1.9100000000000001,1.9100000000000001,Critical
0,2.22,-2.22,2.22,Critical
125,125.0,0.0,0.0,Healthy
125,125.0,0.0,0.0,Healthy
125,125.0,0.0,0.0,Healthy
125,125.0,0.0,0.0,Healthy
125,124.97,0.030000000000001137,0.030000000000001137,Healthy
125,124.95,0.04999999999999716,0.04999999999999716,Healthy
125,124.77,0.23000000000000398,0.23000000000000398,Healthy
125,125.0,0.0,0.0,Healthy
125,124.69,0.3100000000000023,0.3100000000000023,Healthy
125,124.49,0.5100000000000051,0.5100000000000051,Healthy
125,125.0,0.0,0.0,Healthy
125,125.0,0.0,0.0,Healthy
125,125.0,0.0,0.0,Healthy
125,125.0,0.0,0.0,Healthy
125,122.98,2.019999999999996,2.019999999999996,Healthy
125,124.86,0.14000000000000057,0.14000000000000057,Healthy
125,123.63,1.3700000000000045,1.3700000000000045,Healthy
125,123.04,1.9599999999999937,1.9599999999999937,Healthy
125,123.82,1.1800000000000068,1.1800000000000068,Healthy
125,124.14,0.8599999999999994,0.8599999999999994,Healthy
125,124.45,0.5499999999999972,0.5499999999999972,Healthy
125,124.74,0.2600000000000051,0.2600000000000051,Healthy
125,124.6,0.4000000000000057,0.4000000000000057,Healthy
125,124.71,0.29000000000000625,0.29000000000000625,Healthy
125,124.12,0.8799999999999955,0.8799999999999955,Healthy
125,124.74,0.2600000000000051,0.2600000000000051,Healthy
125,124.46,0.5400000000000063,0.5400000000000063,Healthy
125,123.87,1.1299999999999955,1.1299999999999955,Healthy
125,123.96,1.0400000000000063,1.0400000000000063,Healthy
125,124.18,0.8199999999999932,0.8199999999999932,Healthy
125,124.22,0.7800000000000011,0.7800000000000011,Healthy
125,123.54,1.4599999999999937,1.4599999999999937,Healthy
125,123.37,1.6299999999999955,1.6299999999999955,Healthy
125,124.33,0.6700000000000017,0.6700000000000017,Healthy
125,125.0,0.0,0.0,Healthy
125,124.84,0.1599999999999966,0.1599999999999966,Healthy
125,124.6,0.4000000000000057,0.4000000000000057,Healthy
125,123.35,1.6500000000000057,1.6500000000000057,Healthy
125,123.59,1.4099999999999966,1.4099999999999966,Healthy
125,122.89,2.1099999999999994,2.1099999999999994,Healthy
125,121.32,3.680000000000007,3.680000000000007,Healthy
125,122.19,2.8100000000000023,2.8100000000000023,Healthy
125,120.95,4.049999999999997,4.049999999999997,Healthy
125,121.46,3.5400000000000063,3.5400000000000063,Healthy
125,122.66,2.3400000000000034,2.3400000000000034,Healthy
125,122.8,2.200000000000003,2.200000000000003,Healthy
125,119.97,5.030000000000001,5.030000000000001,Healthy
125,119.78,5.219999999999999,5.219999999999999,Healthy
125,119.01,5.989999999999995,5.989999999999995,Healthy
125,118.4,6.599999999999994,6.599999999999994,Healthy
125,122.62,2.3799999999999955,2.3799999999999955,Healthy
125,124.63,0.37000000000000455,0.37000000000000455,Healthy
125,121.18,3.819999999999993,3.819999999999993,Healthy
125,120.6,4.400000000000006,4.400000000000006,Healthy
125,119.64,5.359999999999999,5.359999999999999,Healthy
125,111.59,13.409999999999997,13.409999999999997,Healthy
125,113.97,11.030000000000001,11.030000000000001,Healthy
125,117.74,7.260000000000005,7.260000000000005,Healthy
125,120.85,4.150000000000006,4.150000000000006,Healthy
125,121.75,3.25,3.25,Healthy
125,123.23,1.769999999999996,1.769999999999996,Healthy
125,120.78,4.219999999999999,4.219999999999999,Healthy
125,118.6,6.400000000000006,6.400000000000006,Healthy
125,119.35,5.650000000000006,5.650000000000006,Healthy
125,116.6,8.400000000000006,8.400000000000006,Healthy
125,120.45,4.549999999999997,4.549999999999997,Healthy
125,121.79,3.2099999999999937,3.2099999999999937,Healthy
125,123.95,1.0499999999999972,1.0499999999999972,Healthy
125,123.86,1.1400000000000006,1.1400000000000006,Healthy
125,120.77,4.230000000000004,4.230000000000004,Healthy
125,113.28,11.719999999999999,11.719999999999999,Healthy
125,120.62,4.3799999999999955,4.3799999999999955,Healthy
125,118.97,6.030000000000001,6.030000000000001,Healthy
125,117.72,7.280000000000001,7.280000000000001,Healthy
125,120.78,4.219999999999999,4.219999999999999,Healthy
125,118.12,6.8799999999999955,6.8799999999999955,Healthy
125,120.15,4.849999999999994,4.849999999999994,Healthy
125,119.51,5.489999999999995,5.489999999999995,Healthy
125,120.69,4.310000000000002,4.310000000000002,Healthy
125,115.86,9.14,9.14,Healthy
125,117.5,7.5,7.5,Healthy
125,117.48,7.519999999999996,7.519999999999996,Healthy
125,114.84,10.159999999999997,10.159999999999997,Healthy
125,117.17,7.829999999999998,7.829999999999998,Healthy
125,117.47,7.530000000000001,7.530000000000001,Healthy
125,118.32,6.680000000000007,6.680000000000007,Healthy
125,113.99,11.010000000000005,11.010000000000005,Healthy
125,111.89,13.11,13.11,Healthy
125,117.03,7.969999999999999,7.969999999999999,Healthy
125,116.57,8.430000000000007,8.430000000000007,Healthy
125,110.99,14.010000000000005,14.010000000000005,Healthy
125,108.2,16.799999999999997,16.799999999999997,Healthy
125,112.54,12.459999999999994,12.459999999999994,Healthy
125,111.26,13.739999999999995,13.739999999999995,Healthy
125,120.66,4.340000000000003,4.340000000000003,Healthy
125,111.61,13.39,13.39,Healthy
125,117.33,7.670000000000002,7.670000000000002,Healthy
125,113.85,11.150000000000006,11.150000000000006,Healthy
125,109.41,15.590000000000003,15.590000000000003,Healthy
125,107.95,17.049999999999997,17.049999999999997,Healthy
125,110.68,14.319999999999993,14.319999999999993,Healthy
125,112.0,13.0,13.0,Healthy
125,112.95,12.049999999999997,12.049999999999997,Healthy
125,118.91,6.090000000000003,6.090000000000003,Healthy
125,118.31,6.689999999999998,6.689999999999998,Healthy
124,116.96,7.040000000000006,7.040000000000006,Healthy
123,111.24,11.760000000000005,11.760000000000005,Healthy
122,109.29,12.709999999999994,12.709999999999994,Healthy
121,115.01,5.989999999999995,5.989999999999995,Healthy
120,109.8,10.200000000000003,10.200000000000003,Healthy
119,111.95,7.049999999999997,7.049999999999997,Healthy
118,115.77,2.230000000000004,2.230000000000004,Healthy
117,108.79,8.209999999999994,8.209999999999994,Healthy
116,110.46,5.540000000000006,5.540000000000006,Healthy
115,109.01,5.989999999999995,5.989999999999995,Healthy
114,111.34,2.6599999999999966,2.6599999999999966,Healthy
113,104.37,8.629999999999995,8.629999999999995,Healthy
112,109.64,2.3599999999999994,2.3599999999999994,Healthy
111,105.2,5.799999999999997,5.799999999999997,Healthy
110,105.19,4.810000000000002,4.810000000000002,Healthy
109,104.57,4.430000000000007,4.430000000000007,Healthy
108,104.72,3.280000000000001,3.280000000000001,Healthy
107,108.11,-1.1099999999999994,1.1099999999999994,Healthy
106,113.59,-7.590000000000003,7.590000000000003,Healthy
105,108.05,-3.049999999999997,3.049999999999997,Healthy
104,113.99,-9.989999999999995,9.989999999999995,Healthy
103,110.02,-7.019999999999996,7.019999999999996,Healthy
102,117.0,-15.0,15.0,Healthy
101,116.05,-15.049999999999997,15.049999999999997,Healthy
100,114.15,-14.150000000000006,14.150000000000006,Healthy
99,116.45,-17.450000000000003,17.450000000000003,Healthy
98,109.61,-11.61,11.61,Healthy
97,104.26,-7.260000000000005,7.260000000000005,Healthy
96,99.82,-3.819999999999993,3.819999999999993,Healthy
95,94.01,0.9899999999999949,0.9899999999999949,Healthy
94,88.96,5.040000000000006,5.040000000000006,Healthy
93,93.86,-0.8599999999999994,0.8599999999999994,Healthy
92,97.92,-5.920000000000002,5.920000000000002,Healthy
91,99.89,-8.89,8.89,Healthy
90,102.13,-12.129999999999995,12.129999999999995,Healthy
89,97.03,-8.030000000000001,8.030000000000001,Healthy
88,103.16,-15.159999999999997,15.159999999999997,Healthy
87,105.35,-18.349999999999994,18.349999999999994,Healthy
86,109.72,-23.72,23.72,Healthy
85,114.16,-29.159999999999997,29.159999999999997,Healthy
84,115.25,-31.25,31.25,Healthy
83,106.3,-23.299999999999997,23.299999999999997,Healthy
82,111.73,-29.730000000000004,29.730000000000004,Healthy
81,109.82,-28.819999999999993,28.819999999999993,Healthy
80,115.14,-35.14,35.14,Healthy
79,108.51,-29.510000000000005,29.510000000000005,Healthy
78,111.98,-33.980000000000004,33.980000000000004,Healthy
77,111.53,-34.53,34.53,Healthy
76,107.63,-31.629999999999995,31.629999999999995,Healthy
75,90.91,-15.909999999999997,15.909999999999997,Healthy
74,93.97,-19.97,19.97,Healthy
73,89.03,-16.03,16.03,Healthy
72,89.65,-17.650000000000006,17.650000000000006,Healthy
71,104.43,-33.43000000000001,33.43000000000001,Healthy
70,108.47,-38.47,38.47,Healthy
69,108.14,-39.14,39.14,Healthy
68,113.84,-45.84,45.84,Healthy
67,103.49,-36.489999999999995,36.489999999999995,Healthy
66,107.29,-41.290000000000006,41.290000000000006,Healthy
65,111.05,-46.05,46.05,Healthy
64,96.42,-32.42,32.42,Healthy
63,96.01,-33.010000000000005,33.010000000000005,Healthy
62,95.8,-33.8,33.8,Healthy
61,87.13,-26.129999999999995,26.129999999999995,Healthy
60,88.22,-28.22,28.22,Healthy
59,84.01,-25.010000000000005,25.010000000000005,Healthy
58,77.19,-19.189999999999998,19.189999999999998,Healthy
57,81.25,-24.25,24.25,Healthy
56,76.12,-20.120000000000005,20.120000000000005,Healthy
55,73.16,-18.159999999999997,18.159999999999997,Maintenance Soon
54,82.36,-28.36,28.36,Healthy
53,91.77,-38.769999999999996,38.769999999999996,Healthy
52,76.82,-24.819999999999993,24.819999999999993,Healthy
51,75.33,-24.33,24.33,Healthy
50,75.24,-25.239999999999995,25.239999999999995,Healthy
49,71.93,-22.930000000000007,22.930000000000007,Maintenance Soon
48,68.59,-20.590000000000003,20.590000000000003,Maintenance Soon
47,70.4,-23.400000000000006,23.400000000000006,Maintenance Soon
46,68.57,-22.569999999999993,22.569999999999993,Maintenance Soon
45,73.4,-28.400000000000006,28.400000000000006,Maintenance Soon
44,60.87,-16.869999999999997,16.869999999999997,Maintenance Soon
43,68.13,-25.129999999999995,25.129999999999995,Maintenance Soon
42,67.71,-25.709999999999994,25.709999999999994,Maintenance Soon
41,69.83,-28.83,28.83,Maintenance Soon
40,68.77,-28.769999999999996,28.769999999999996,Maintenance Soon
39,65.28,-26.28,26.28,Maintenance Soon
38,58.52,-20.520000000000003,20.520000000000003,Maintenance Soon
37,55.98,-18.979999999999997,18.979999999999997,Maintenance Soon
36,51.69,-15.689999999999998,15.689999999999998,Maintenance Soon
35,53.59,-18.590000000000003,18.590000000000003,Maintenance Soon
34,42.43,-8.43,8.43,Maintenance Soon
33,40.5,-7.5,7.5,Maintenance Soon
32,41.84,-9.840000000000003,9.840000000000003,Maintenance Soon
31,37.89,-6.890000000000001,6.890000000000001,Maintenance Soon
30,37.36,-7.359999999999999,7.359999999999999,Maintenance Soon
29,38.4,-9.399999999999999,9.399999999999999,Maintenance Soon
28,37.88,-9.880000000000003,9.880000000000003,Maintenance Soon
27,41.36,-14.36,14.36,Maintenance Soon
26,37.97,-11.969999999999999,11.969999999999999,Maintenance Soon
25,37.71,-12.71,12.71,Maintenance Soon
24,35.74,-11.740000000000002,11.740000000000002,Maintenance Soon
23,35.51,-12.509999999999998,12.509999999999998,Maintenance Soon
22,28.52,-6.52,6.52,Critical
21,28.54,-7.539999999999999,7.539999999999999,Critical
20,25.18,-5.18,5.18,Critical
19,27.26,-8.260000000000002,8.260000000000002,Critical
18,26.76,-8.760000000000002,8.760000000000002,Critical
17,27.6,-10.600000000000001,10.600000000000001,Critical
16,17.39,-1.3900000000000006,1.3900000000000006,Critical
15,16.61,-1.6099999999999994,1.6099999999999994,Critical
14,15.77,-1.7699999999999996,1.7699999999999996,Critical
13,13.13,-0.13000000000000078,0.13000000000000078,Critical
12,13.14,-1.1400000000000006,1.1400000000000006,Critical
11,12.25,-1.25,1.25,Critical
10,10.49,-0.4900000000000002,0.4900000000000002,Critical
9,8.96,0.03999999999999915,0.03999999999999915,Critical
8,8.52,-0.5199999999999996,0.5199999999999996,Critical
7,8.14,-1.1400000000000006,1.1400000000000006,Critical
6,8.91,-2.91,2.91,Critical
5,8.74,-3.74,3.74,Critical
4,7.55,-3.55,3.55,Critical
3,2.82,0.18000000000000016,0.18000000000000016,Critical
2,2.11,-0.10999999999999988,0.10999999999999988,Critical
1,2.67,-1.67,1.67,Critical
0,3.93,-3.93,3.93,Critical
125,124.73,0.269999999999996,0.269999999999996,Healthy
125,124.97,0.030000000000001137,0.030000000000001137,Healthy
125,120.47,4.530000000000001,4.530000000000001,Healthy
125,123.59,1.4099999999999966,1.4099999999999966,Healthy
125,124.64,0.35999999999999943,0.35999999999999943,Healthy
125,124.21,0.7900000000000063,0.7900000000000063,Healthy
125,124.18,0.8199999999999932,0.8199999999999932,Healthy
125,124.63,0.37000000000000455,0.37000000000000455,Healthy
125,123.73,1.269999999999996,1.269999999999996,Healthy
125,121.68,3.319999999999993,3.319999999999993,Healthy
125,124.95,0.04999999999999716,0.04999999999999716,Healthy
125,124.91,0.09000000000000341,0.09000000000000341,Healthy
125,124.3,0.7000000000000028,0.7000000000000028,Healthy
125,124.8,0.20000000000000284,0.20000000000000284,Healthy
125,123.19,1.8100000000000023,1.8100000000000023,Healthy
125,124.0,1.0,1.0,Healthy
125,120.89,4.109999999999999,4.109999999999999,Healthy
125,122.95,2.049999999999997,2.049999999999997,Healthy
125,124.05,0.9500000000000028,0.9500000000000028,Healthy
125,124.42,0.5799999999999983,0.5799999999999983,Healthy
125,124.79,0.20999999999999375,0.20999999999999375,Healthy
125,123.23,1.769999999999996,1.769999999999996,Healthy
125,123.76,1.2399999999999949,1.2399999999999949,Healthy
125,124.18,0.8199999999999932,0.8199999999999932,Healthy
125,124.45,0.5499999999999972,0.5499999999999972,Healthy
125,124.14,0.8599999999999994,0.8599999999999994,Healthy
125,123.38,1.6200000000000045,1.6200000000000045,Healthy
125,123.56,1.4399999999999977,1.4399999999999977,Healthy
125,121.32,3.680000000000007,3.680000000000007,Healthy
125,118.09,6.909999999999997,6.909999999999997,Healthy
125,117.58,7.420000000000002,7.420000000000002,Healthy
125,122.11,2.8900000000000006,2.8900000000000006,Healthy
125,121.73,3.269999999999996,3.269999999999996,Healthy
125,119.6,5.400000000000006,5.400000000000006,Healthy
125,114.62,10.379999999999995,10.379999999999995,Healthy
125,112.93,12.069999999999993,12.069999999999993,Healthy
125,116.21,8.790000000000006,8.790000000000006,Healthy
125,120.63,4.3700000000000045,4.3700000000000045,Healthy
125,122.44,2.5600000000000023,2.5600000000000023,Healthy
125,123.68,1.3199999999999932,1.3199999999999932,Healthy
125,123.58,1.4200000000000017,1.4200000000000017,Healthy
125,124.5,0.5,0.5,Healthy
125,123.83,1.1700000000000017,1.1700000000000017,Healthy
125,122.59,2.4099999999999966,2.4099999999999966,Healthy
125,117.28,7.719999999999999,7.719999999999999,Healthy
125,118.97,6.030000000000001,6.030000000000001,Healthy
125,124.56,0.4399999999999977,0.4399999999999977,Healthy
125,121.3,3.700000000000003,3.700000000000003,Healthy
125,122.23,2.769999999999996,2.769999999999996,Healthy
125,124.8,0.20000000000000284,0.20000000000000284,Healthy
125,122.72,2.280000000000001,2.280000000000001,Healthy
125,123.33,1.6700000000000017,1.6700000000000017,Healthy
125,122.21,2.7900000000000063,2.7900000000000063,Healthy
125,120.83,4.170000000000002,4.170000000000002,Healthy
125,113.36,11.64,11.64,Healthy
125,121.45,3.549999999999997,3.549999999999997,Healthy
125,121.96,3.0400000000000063,3.0400000000000063,Healthy
125,120.18,4.819999999999993,4.819999999999993,Healthy
125,122.03,2.969999999999999,2.969999999999999,Healthy
125,116.16,8.840000000000003,8.840000000000003,Healthy
125,119.07,5.930000000000007,5.930000000000007,Healthy
125,94.42,30.58,30.58,Healthy
124,112.6,11.400000000000006,11.400000000000006,Healthy
123,114.41,8.590000000000003,8.590000000000003,Healthy
122,113.15,8.849999999999994,8.849999999999994,Healthy
121,113.76,7.239999999999995,7.239999999999995,Healthy
120,113.41,6.590000000000003,6.590000000000003,Healthy
119,110.93,8.069999999999993,8.069999999999993,Healthy
118,111.0,7.0,7.0,Healthy
117,108.8,8.200000000000003,8.200000000000003,Healthy
116,106.44,9.560000000000002,9.560000000000002,Healthy
115,112.33,2.6700000000000017,2.6700000000000017,Healthy
114,116.73,-2.730000000000004,2.730000000000004,Healthy
113,116.25,-3.25,3.25,Healthy
112,113.31,-1.3100000000000023,1.3100000000000023,Healthy
111,112.98,-1.980000000000004,1.980000000000004,Healthy
110,115.88,-5.8799999999999955,5.8799999999999955,Healthy
109,116.23,-7.230000000000004,7.230000000000004,Healthy
108,114.8,-6.799999999999997,6.799999999999997,Healthy
107,111.27,-4.269999999999996,4.269999999999996,Healthy
106,114.6,-8.599999999999994,8.599999999999994,Healthy
105,111.21,-6.209999999999994,6.209999999999994,Healthy
104,115.09,-11.090000000000003,11.090000000000003,Healthy
103,110.88,-7.8799999999999955,7.8799999999999955,Healthy
102,106.54,-4.540000000000006,4.540000000000006,Healthy
101,106.62,-5.6200000000000045,5.6200000000000045,Healthy
100,96.26,3.739999999999995,3.739999999999995,Healthy
99,103.24,-4.239999999999995,4.239999999999995,Healthy
98,95.99,2.010000000000005,2.010000000000005,Healthy
97,99.13,-2.1299999999999955,2.1299999999999955,Healthy
96,80.35,15.650000000000006,15.650000000000006,Healthy
95,84.28,10.719999999999999,10.719999999999999,Healthy
94,82.26,11.739999999999995,11.739999999999995,Healthy
93,84.04,8.959999999999994,8.959999999999994,Healthy
92,84.69,7.310000000000002,7.310000000000002,Healthy
91,79.24,11.760000000000005,11.760000000000005,Healthy
90,80.79,9.209999999999994,9.209999999999994,Healthy
89,89.06,-0.060000000000002274,0.060000000000002274,Healthy
88,74.05,13.950000000000003,13.950000000000003,Maintenance Soon
87,80.31,6.689999999999998,6.689999999999998,Healthy
86,78.34,7.659999999999997,7.659999999999997,Healthy
85,79.89,5.109999999999999,5.109999999999999,Healthy
84,76.11,7.890000000000001,7.890000000000001,Healthy
83,75.75,7.25,7.25,Healthy
82,72.32,9.680000000000007,9.680000000000007,Maintenance Soon
81,72.91,8.090000000000003,8.090000000000003,Maintenance Soon
80,62.95,17.049999999999997,17.049999999999997,Maintenance Soon
79,76.17,2.8299999999999983,2.8299999999999983,Healthy
78,72.29,5.709999999999994,5.709999999999994,Maintenance Soon
77,58.22,18.78,18.78,Maintenance Soon
76,55.19,20.810000000000002,20.810000000000002,Maintenance Soon
75,55.57,19.43,19.43,Maintenance Soon
74,56.47,17.53,17.53,Maintenance Soon
73,52.93,20.07,20.07,Maintenance Soon
72,51.33,20.67,20.67,Maintenance Soon
71,52.63,18.369999999999997,18.369999999999997,Maintenance Soon
70,62.43,7.57,7.57,Maintenance Soon
69,56.89,12.11,12.11,Maintenance Soon
68,56.4,11.600000000000001,11.600000000000001,Maintenance Soon
67,54.32,12.68,12.68,Maintenance Soon
66,49.3,16.700000000000003,16.700000000000003,Maintenance Soon
65,51.43,13.57,13.57,Maintenance Soon
64,62.57,1.4299999999999997,1.4299999999999997,Maintenance Soon
63,64.68,-1.6800000000000068,1.6800000000000068,Maintenance Soon
62,64.11,-2.1099999999999994,2.1099999999999994,Maintenance Soon
61,70.71,-9.709999999999994,9.709999999999994,Maintenance Soon
60,59.13,0.8699999999999974,0.8699999999999974,Maintenance Soon
59,57.45,1.5499999999999972,1.5499999999999972,Maintenance Soon
58,57.27,0.7299999999999969,0.7299999999999969,Maintenance Soon
57,42.42,14.579999999999998,14.579999999999998,Maintenance Soon
56,33.51,22.490000000000002,22.490000000000002,Maintenance Soon
55,31.72,23.28,23.28,Maintenance Soon
54,29.93,24.07,24.07,Critical
53,30.44,22.56,22.56,Maintenance Soon
52,44.38,7.619999999999997,7.619999999999997,Maintenance Soon
51,35.29,15.71,15.71,Maintenance Soon
50,32.17,17.83,17.83,Maintenance Soon
49,36.28,12.719999999999999,12.719999999999999,Maintenance Soon
48,32.82,15.18,15.18,Maintenance Soon
47,45.28,1.7199999999999989,1.7199999999999989,Maintenance Soon
46,33.52,12.479999999999997,12.479999999999997,Maintenance Soon
45,44.97,0.030000000000001137,0.030000000000001137,Maintenance Soon
44,47.89,-3.8900000000000006,3.8900000000000006,Maintenance Soon
43,47.95,-4.950000000000003,4.950000000000003,Maintenance Soon
42,42.9,-0.8999999999999986,0.8999999999999986,Maintenance Soon
41,42.62,-1.6199999999999974,1.6199999999999974,Maintenance Soon
40,42.44,-2.4399999999999977,2.4399999999999977,Maintenance Soon
39,35.72,3.280000000000001,3.280000000000001,Maintenance Soon
38,32.03,5.969999999999999,5.969999999999999,Maintenance Soon
37,33.26,3.740000000000002,3.740000000000002,Maintenance Soon
36,30.5,5.5,5.5,Maintenance Soon
35,31.41,3.59,3.59,Maintenance Soon
34,28.37,5.629999999999999,5.629999999999999,Critical
33,28.46,4.539999999999999,4.539999999999999,Critical
32,26.74,5.260000000000002,5.260000000000002,Critical
31,26.86,4.140000000000001,4.140000000000001,Critical
30,21.43,8.57,8.57,Critical
29,21.39,7.609999999999999,7.609999999999999,Critical
28,20.63,7.370000000000001,7.370000000000001,Critical
27,22.47,4.530000000000001,4.530000000000001,Critical
26,20.32,5.68,5.68,Critical
25,20.38,4.620000000000001,4.620000000000001,Critical
24,15.94,8.06,8.06,Critical
23,17.4,5.600000000000001,5.600000000000001,Critical
22,14.5,7.5,7.5,Critical
21,16.98,4.02,4.02,Critical
20,16.95,3.0500000000000007,3.0500000000000007,Critical
19,16.03,2.969999999999999,2.969999999999999,Critical
18,14.08,3.92,3.92,Critical
17,9.6,7.4,7.4,Critical
16,10.61,5.390000000000001,5.390000000000001,Critical
15,9.82,5.18,5.18,Critical
14,9.88,4.119999999999999,4.119999999999999,Critical
13,8.35,4.65,4.65,Critical
12,9.73,2.2699999999999996,2.2699999999999996,Critical
11,9.75,1.25,1.25,Critical
10,5.46,4.54,4.54,Critical
9,6.67,2.33,2.33,Critical
8,7.21,0.79,0.79,Critical
7,8.33,-1.33,1.33,Critical
6,8.86,-2.8599999999999994,2.8599999999999994,Critical
5,7.73,-2.7300000000000004,2.7300000000000004,Critical
4,3.34,0.6600000000000001,0.6600000000000001,Critical
3,2.46,0.54,0.54,Critical
2,1.48,0.52,0.52,Critical
1,0.93,0.06999999999999995,0.06999999999999995,Critical
0,0.64,-0.64,0.64,Critical
125,124.71,0.29000000000000625,0.29000000000000625,Healthy
125,124.8,0.20000000000000284,0.20000000000000284,Healthy
125,124.91,0.09000000000000341,0.09000000000000341,Healthy
125,124.05,0.9500000000000028,0.9500000000000028,Healthy
125,124.85,0.15000000000000568,0.15000000000000568,Healthy
125,123.37,1.6299999999999955,1.6299999999999955,Healthy
125,124.64,0.35999999999999943,0.35999999999999943,Healthy
125,124.11,0.8900000000000006,0.8900000000000006,Healthy
125,124.84,0.1599999999999966,0.1599999999999966,Healthy
125,123.67,1.3299999999999983,1.3299999999999983,Healthy
125,124.27,0.730000000000004,0.730000000000004,Healthy
125,121.98,3.019999999999996,3.019999999999996,Healthy
125,124.09,0.9099999999999966,0.9099999999999966,Healthy
125,124.88,0.12000000000000455,0.12000000000000455,Healthy
125,124.55,0.45000000000000284,0.45000000000000284,Healthy
125,124.92,0.0799999999999983,0.0799999999999983,Healthy
125,125.0,0.0,0.0,Healthy
125,122.82,2.180000000000007,2.180000000000007,Healthy
125,124.75,0.25,0.25,Healthy
125,125.0,0.0,0.0,Healthy
125,121.75,3.25,3.25,Healthy
125,123.79,1.2099999999999937,1.2099999999999937,Healthy
125,124.35,0.6500000000000057,0.6500000000000057,Healthy
125,124.55,0.45000000000000284,0.45000000000000284,Healthy
125,123.87,1.1299999999999955,1.1299999999999955,Healthy
125,122.8,2.200000000000003,2.200000000000003,Healthy
125,123.58,1.4200000000000017,1.4200000000000017,Healthy
125,123.57,1.4300000000000068,1.4300000000000068,Healthy
125,123.65,1.3499999999999943,1.3499999999999943,Healthy
125,123.98,1.019999999999996,1.019999999999996,Healthy
125,124.22,0.7800000000000011,0.7800000000000011,Healthy
125,119.67,5.329999999999998,5.329999999999998,Healthy
125,120.76,4.239999999999995,4.239999999999995,Healthy
125,121.71,3.2900000000000063,3.2900000000000063,Healthy
125,121.5,3.5,3.5,Healthy
125,120.23,4.769999999999996,4.769999999999996,Healthy
125,123.94,1.0600000000000023,1.0600000000000023,Healthy
125,119.95,5.049999999999997,5.049999999999997,Healthy
125,121.23,3.769999999999996,3.769999999999996,Healthy
125,117.46,7.540000000000006,7.540000000000006,Healthy
125,118.86,6.140000000000001,6.140000000000001,Healthy
125,118.25,6.75,6.75,Healthy
125,119.59,5.409999999999997,5.409999999999997,Healthy
125,116.65,8.349999999999994,8.349999999999994,Healthy
125,118.01,6.989999999999995,6.989999999999995,Healthy
125,114.04,10.959999999999994,10.959999999999994,Healthy
125,118.25,6.75,6.75,Healthy
125,117.75,7.25,7.25,Healthy
125,119.93,5.069999999999993,5.069999999999993,Healthy
125,111.46,13.540000000000006,13.540000000000006,Healthy
125,118.61,6.390000000000001,6.390000000000001,Healthy
125,116.84,8.159999999999997,8.159999999999997,Healthy
125,116.25,8.75,8.75,Healthy
125,117.34,7.659999999999997,7.659999999999997,Healthy
125,116.89,8.11,8.11,Healthy
125,115.66,9.340000000000003,9.340000000000003,Healthy
125,118.04,6.959999999999994,6.959999999999994,Healthy
125,115.03,9.969999999999999,9.969999999999999,Healthy
125,110.54,14.459999999999994,14.459999999999994,Healthy
125,114.23,10.769999999999996,10.769999999999996,Healthy
125,113.54,11.459999999999994,11.459999999999994,Healthy
125,111.56,13.439999999999998,13.439999999999998,Healthy
125,115.84,9.159999999999997,9.159999999999997,Healthy
125,113.01,11.989999999999995,11.989999999999995,Healthy
125,117.01,7.989999999999995,7.989999999999995,Healthy
125,103.11,21.89,21.89,Healthy
124,102.75,21.25,21.25,Healthy
123,105.23,17.769999999999996,17.769999999999996,Healthy
122,105.3,16.700000000000003,16.700000000000003,Healthy
121,101.0,20.0,20.0,Healthy
120,109.23,10.769999999999996,10.769999999999996,Healthy
119,106.73,12.269999999999996,12.269999999999996,Healthy
118,106.71,11.290000000000006,11.290000000000006,Healthy
117,109.24,7.760000000000005,7.760000000000005,Healthy
116,110.15,5.849999999999994,5.849999999999994,Healthy
115,103.37,11.629999999999995,11.629999999999995,Healthy
114,103.5,10.5,10.5,Healthy
113,95.59,17.409999999999997,17.409999999999997,Healthy
112,88.79,23.209999999999994,23.209999999999994,Healthy
111,97.13,13.870000000000005,13.870000000000005,Healthy
110,87.08,22.92,22.92,Healthy
109,88.04,20.959999999999994,20.959999999999994,Healthy
108,90.62,17.379999999999995,17.379999999999995,Healthy
107,88.32,18.680000000000007,18.680000000000007,Healthy
106,94.8,11.200000000000003,11.200000000000003,Healthy
105,94.08,10.920000000000002,10.920000000000002,Healthy
104,90.62,13.379999999999995,13.379999999999995,Healthy
103,92.5,10.5,10.5,Healthy
102,79.33,22.67,22.67,Healthy
101,86.99,14.010000000000005,14.010000000000005,Healthy
100,95.35,4.650000000000006,4.650000000000006,Healthy
99,94.14,4.859999999999999,4.859999999999999,Healthy
98,94.08,3.9200000000000017,3.9200000000000017,Healthy
97,97.46,-0.45999999999999375,0.45999999999999375,Healthy
96,104.59,-8.590000000000003,8.590000000000003,Healthy
95,88.68,6.319999999999993,6.319999999999993,Healthy
94,82.22,11.780000000000001,11.780000000000001,Healthy
93,79.6,13.400000000000006,13.400000000000006,Healthy
92,76.57,15.430000000000007,15.430000000000007,Healthy
91,78.67,12.329999999999998,12.329999999999998,Healthy
90,81.89,8.11,8.11,Healthy
89,80.98,8.019999999999996,8.019999999999996,Healthy
88,81.96,6.040000000000006,6.040000000000006,Healthy
87,73.97,13.030000000000001,13.030000000000001,Maintenance Soon
86,68.73,17.269999999999996,17.269999999999996,Maintenance Soon
85,70.76,14.239999999999995,14.239999999999995,Maintenance Soon
84,68.33,15.670000000000002,15.670000000000002,Maintenance Soon
83,67.81,15.189999999999998,15.189999999999998,Maintenance Soon
82,78.26,3.739999999999995,3.739999999999995,Healthy
81,70.07,10.930000000000007,10.930000000000007,Maintenance Soon
80,66.49,13.510000000000005,13.510000000000005,Maintenance Soon
79,72.04,6.959999999999994,6.959999999999994,Maintenance Soon
78,77.21,0.7900000000000063,0.7900000000000063,Healthy
77,81.28,-4.280000000000001,4.280000000000001,Healthy
76,75.75,0.25,0.25,Healthy
75,73.93,1.0699999999999932,1.0699999999999932,Maintenance Soon
74,73.79,0.20999999999999375,0.20999999999999375,Maintenance Soon
73,60.11,12.89,12.89,Maintenance Soon
72,63.26,8.740000000000002,8.740000000000002,Maintenance Soon
71,59.13,11.869999999999997,11.869999999999997,Maintenance Soon
70,57.06,12.939999999999998,12.939999999999998,Maintenance Soon
69,57.14,11.86,11.86,Maintenance Soon
68,61.36,6.640000000000001,6.640000000000001,Maintenance Soon
67,61.92,5.079999999999998,5.079999999999998,Maintenance Soon
66,57.83,8.170000000000002,8.170000000000002,Maintenance Soon
65,59.3,5.700000000000003,5.700000000000003,Maintenance Soon
64,56.28,7.719999999999999,7.719999999999999,Maintenance Soon
63,55.37,7.630000000000003,7.630000000000003,Maintenance Soon
62,57.8,4.200000000000003,4.200000000000003,Maintenance Soon
61,52.33,8.670000000000002,8.670000000000002,Maintenance Soon
60,51.59,8.409999999999997,8.409999999999997,Maintenance Soon
59,53.15,5.850000000000001,5.850000000000001,Maintenance Soon
58,59.19,-1.1899999999999977,1.1899999999999977,Maintenance Soon
57,56.65,0.3500000000000014,0.3500000000000014,Maintenance Soon
56,57.25,-1.25,1.25,Maintenance Soon
55,55.49,-0.490000000000002,0.490000000000002,Maintenance Soon
54,54.73,-0.7299999999999969,0.7299999999999969,Maintenance Soon
53,53.69,-0.6899999999999977,0.6899999999999977,Maintenance Soon
52,53.1,-1.1000000000000014,1.1000000000000014,Maintenance Soon
51,47.27,3.729999999999997,3.729999999999997,Maintenance Soon
50,46.94,3.0600000000000023,3.0600000000000023,Maintenance Soon
49,47.91,1.0900000000000034,1.0900000000000034,Maintenance Soon
48,46.86,1.1400000000000006,1.1400000000000006,Maintenance Soon
47,40.15,6.850000000000001,6.850000000000001,Maintenance Soon
46,45.73,0.2700000000000031,0.2700000000000031,Maintenance Soon
45,43.14,1.8599999999999994,1.8599999999999994,Maintenance Soon
44,39.36,4.640000000000001,4.640000000000001,Maintenance Soon
43,39.98,3.020000000000003,3.020000000000003,Maintenance Soon
42,42.42,-0.4200000000000017,0.4200000000000017,Maintenance Soon
41,38.45,2.549999999999997,2.549999999999997,Maintenance Soon
40,35.94,4.060000000000002,4.060000000000002,Maintenance Soon
39,35.83,3.1700000000000017,3.1700000000000017,Maintenance Soon
38,35.03,2.969999999999999,2.969999999999999,Maintenance Soon
37,33.37,3.6300000000000026,3.6300000000000026,Maintenance Soon
36,32.84,3.1599999999999966,3.1599999999999966,Maintenance Soon
35,30.09,4.91,4.91,Maintenance Soon
34,31.76,2.2399999999999984,2.2399999999999984,Maintenance Soon
33,28.69,4.309999999999999,4.309999999999999,Critical
32,29.63,2.370000000000001,2.370000000000001,Critical
31,30.45,0.5500000000000007,0.5500000000000007,Maintenance Soon
30,29.08,0.9200000000000017,0.9200000000000017,Critical
29,27.09,1.9100000000000001,1.9100000000000001,Critical
28,29.81,-1.8099999999999987,1.8099999999999987,Critical
27,27.38,-0.379999999999999,0.379999999999999,Critical
26,28.08,-2.0799999999999983,2.0799999999999983,Critical
25,27.17,-2.1700000000000017,2.1700000000000017,Critical
24,26.29,-2.289999999999999,2.289999999999999,Critical
23,24.39,-1.3900000000000006,1.3900000000000006,Critical
22,23.08,-1.0799999999999983,1.0799999999999983,Critical
21,22.62,-1.620000000000001,1.620000000000001,Critical
20,21.84,-1.8399999999999999,1.8399999999999999,Critical
19,20.26,-1.2600000000000016,1.2600000000000016,Critical
18,19.35,-1.3500000000000014,1.3500000000000014,Critical
17,16.44,0.5599999999999987,0.5599999999999987,Critical
16,15.46,0.5399999999999991,0.5399999999999991,Critical
15,15.84,-0.8399999999999999,0.8399999999999999,Critical
14,17.8,-3.8000000000000007,3.8000000000000007,Critical
13,15.21,-2.210000000000001,2.210000000000001,Critical
12,14.85,-2.8499999999999996,2.8499999999999996,Critical
11,12.86,-1.8599999999999994,1.8599999999999994,Critical
10,11.32,-1.3200000000000003,1.3200000000000003,Critical
9,8.74,0.2599999999999998,0.2599999999999998,Critical
8,7.21,0.79,0.79,Critical
7,7.51,-0.5099999999999998,0.5099999999999998,Critical
6,5.67,0.33000000000000007,0.33000000000000007,Critical
5,5.91,-0.9100000000000001,0.9100000000000001,Critical
4,5.7,-1.7000000000000002,1.7000000000000002,Critical
3,3.1,-0.10000000000000009,0.10000000000000009,Critical
2,4.88,-2.88,2.88,Critical
1,4.23,-3.2300000000000004,3.2300000000000004,Critical
0,1.4,-1.4,1.4,Critical
125,124.66,0.3400000000000034,0.3400000000000034,Healthy
125,124.14,0.8599999999999994,0.8599999999999994,Healthy
125,124.66,0.3400000000000034,0.3400000000000034,Healthy
125,124.5,0.5,0.5,Healthy
125,124.84,0.1599999999999966,0.1599999999999966,Healthy
125,124.41,0.5900000000000034,0.5900000000000034,Healthy
125,124.6,0.4000000000000057,0.4000000000000057,Healthy
125,124.35,0.6500000000000057,0.6500000000000057,Healthy
125,125.0,0.0,0.0,Healthy
125,124.68,0.3199999999999932,0.3199999999999932,Healthy
125,124.51,0.4899999999999949,0.4899999999999949,Healthy
125,123.79,1.2099999999999937,1.2099999999999937,Healthy
125,123.83,1.1700000000000017,1.1700000000000017,Healthy
125,123.61,1.3900000000000006,1.3900000000000006,Healthy
125,124.75,0.25,0.25,Healthy
125,124.18,0.8199999999999932,0.8199999999999932,Healthy
125,124.58,0.4200000000000017,0.4200000000000017,Healthy
125,124.58,0.4200000000000017,0.4200000000000017,Healthy
125,119.39,5.609999999999999,5.609999999999999,Healthy
125,124.43,0.5699999999999932,0.5699999999999932,Healthy
125,122.45,2.549999999999997,2.549999999999997,Healthy
125,120.79,4.209999999999994,4.209999999999994,Healthy
125,124.5,0.5,0.5,Healthy
125,124.16,0.8400000000000034,0.8400000000000034,Healthy
125,124.82,0.18000000000000682,0.18000000000000682,Healthy
125,124.7,0.29999999999999716,0.29999999999999716,Healthy
125,124.85,0.15000000000000568,0.15000000000000568,Healthy
125,122.74,2.260000000000005,2.260000000000005,Healthy
125,117.02,7.980000000000004,7.980000000000004,Healthy
125,120.65,4.349999999999994,4.349999999999994,Healthy
125,120.23,4.769999999999996,4.769999999999996,Healthy
125,114.16,10.840000000000003,10.840000000000003,Healthy
125,122.03,2.969999999999999,2.969999999999999,Healthy
125,118.86,6.140000000000001,6.140000000000001,Healthy
125,120.07,4.930000000000007,4.930000000000007,Healthy
125,119.53,5.469999999999999,5.469999999999999,Healthy
125,122.13,2.8700000000000045,2.8700000000000045,Healthy
125,120.75,4.25,4.25,Healthy
125,123.64,1.3599999999999994,1.3599999999999994,Healthy
125,122.95,2.049999999999997,2.049999999999997,Healthy
125,122.22,2.780000000000001,2.780000000000001,Healthy
125,122.01,2.989999999999995,2.989999999999995,Healthy
125,121.26,3.739999999999995,3.739999999999995,Healthy
125,119.13,5.8700000000000045,5.8700000000000045,Healthy
125,118.86,6.140000000000001,6.140000000000001,Healthy
125,117.96,7.040000000000006,7.040000000000006,Healthy
125,116.76,8.239999999999995,8.239999999999995,Healthy
125,117.82,7.180000000000007,7.180000000000007,Healthy
125,121.49,3.510000000000005,3.510000000000005,Healthy
125,121.66,3.3400000000000034,3.3400000000000034,Healthy
125,120.94,4.060000000000002,4.060000000000002,Healthy
125,122.42,2.5799999999999983,2.5799999999999983,Healthy
125,120.02,4.980000000000004,4.980000000000004,Healthy
125,116.01,8.989999999999995,8.989999999999995,Healthy
125,116.94,8.060000000000002,8.060000000000002,Healthy
125,114.63,10.370000000000005,10.370000000000005,Healthy
125,110.82,14.180000000000007,14.180000000000007,Healthy
125,111.77,13.230000000000004,13.230000000000004,Healthy
125,111.4,13.599999999999994,13.599999999999994,Healthy
124,108.17,15.829999999999998,15.829999999999998,Healthy
123,102.77,20.230000000000004,20.230000000000004,Healthy
122,102.13,19.870000000000005,19.870000000000005,Healthy
121,106.45,14.549999999999997,14.549999999999997,Healthy
120,107.93,12.069999999999993,12.069999999999993,Healthy
119,109.18,9.819999999999993,9.819999999999993,Healthy
118,104.24,13.760000000000005,13.760000000000005,Healthy
117,107.84,9.159999999999997,9.159999999999997,Healthy
116,104.03,11.969999999999999,11.969999999999999,Healthy
115,102.73,12.269999999999996,12.269999999999996,Healthy
114,100.96,13.040000000000006,13.040000000000006,Healthy
113,105.21,7.790000000000006,7.790000000000006,Healthy
112,96.53,15.469999999999999,15.469999999999999,Healthy
111,98.66,12.340000000000003,12.340000000000003,Healthy
110,102.6,7.400000000000006,7.400000000000006,Healthy
109,104.82,4.180000000000007,4.180000000000007,Healthy
108,100.18,7.819999999999993,7.819999999999993,Healthy
107,106.37,0.6299999999999955,0.6299999999999955,Healthy
106,104.88,1.1200000000000045,1.1200000000000045,Healthy
105,103.16,1.8400000000000034,1.8400000000000034,Healthy
104,108.22,-4.219999999999999,4.219999999999999,Healthy
103,109.42,-6.420000000000002,6.420000000000002,Healthy
102,92.35,9.650000000000006,9.650000000000006,Healthy
101,78.2,22.799999999999997,22.799999999999997,Healthy
100,92.53,7.469999999999999,7.469999999999999,Healthy
99,88.69,10.310000000000002,10.310000000000002,Healthy
98,88.67,9.329999999999998,9.329999999999998,Healthy
97,85.56,11.439999999999998,11.439999999999998,Healthy
96,91.9,4.099999999999994,4.099999999999994,Healthy
95,80.5,14.5,14.5,Healthy
94,82.6,11.400000000000006,11.400000000000006,Healthy
93,79.33,13.670000000000002,13.670000000000002,Healthy
92,82.13,9.870000000000005,9.870000000000005,Healthy
91,79.63,11.370000000000005,11.370000000000005,Healthy
90,82.06,7.939999999999998,7.939999999999998,Healthy
89,78.84,10.159999999999997,10.159999999999997,Healthy
88,71.24,16.760000000000005,16.760000000000005,Maintenance Soon
87,88.1,-1.0999999999999943,1.0999999999999943,Healthy
86,83.85,2.1500000000000057,2.1500000000000057,Healthy
85,78.54,6.459999999999994,6.459999999999994,Healthy
84,75.35,8.650000000000006,8.650000000000006,Healthy
83,70.93,12.069999999999993,12.069999999999993,Maintenance Soon
82,65.71,16.290000000000006,16.290000000000006,Maintenance Soon
81,68.38,12.620000000000005,12.620000000000005,Maintenance Soon
80,60.55,19.450000000000003,19.450000000000003,Maintenance Soon
79,64.82,14.180000000000007,14.180000000000007,Maintenance Soon
78,58.9,19.1,19.1,Maintenance Soon
77,57.6,19.4,19.4,Maintenance Soon
76,60.25,15.75,15.75,Maintenance Soon
75,71.04,3.9599999999999937,3.9599999999999937,Maintenance Soon
74,68.31,5.689999999999998,5.689999999999998,Maintenance Soon
73,71.87,1.1299999999999955,1.1299999999999955,Maintenance Soon
72,65.25,6.75,6.75,Maintenance Soon
71,58.14,12.86,12.86,Maintenance Soon
70,52.25,17.75,17.75,Maintenance Soon
69,50.55,18.450000000000003,18.450000000000003,Maintenance Soon
68,48.88,19.119999999999997,19.119999999999997,Maintenance Soon
67,53.22,13.780000000000001,13.780000000000001,Maintenance Soon
66,50.76,15.240000000000002,15.240000000000002,Maintenance Soon
65,48.47,16.53,16.53,Maintenance Soon
64,47.71,16.29,16.29,Maintenance Soon
63,60.4,2.6000000000000014,2.6000000000000014,Maintenance Soon
62,46.76,15.240000000000002,15.240000000000002,Maintenance Soon
61,50.99,10.009999999999998,10.009999999999998,Maintenance Soon
60,50.23,9.770000000000003,9.770000000000003,Maintenance Soon
59,52.2,6.799999999999997,6.799999999999997,Maintenance Soon
58,44.79,13.21,13.21,Maintenance Soon
57,45.66,11.340000000000003,11.340000000000003,Maintenance Soon
56,38.95,17.049999999999997,17.049999999999997,Maintenance Soon
55,42.03,12.969999999999999,12.969999999999999,Maintenance Soon
54,39.5,14.5,14.5,Maintenance Soon
53,40.32,12.68,12.68,Maintenance Soon
52,33.31,18.689999999999998,18.689999999999998,Maintenance Soon
51,41.01,9.990000000000002,9.990000000000002,Maintenance Soon
50,38.35,11.649999999999999,11.649999999999999,Maintenance Soon
49,42.81,6.189999999999998,6.189999999999998,Maintenance Soon
48,39.35,8.649999999999999,8.649999999999999,Maintenance Soon
47,39.92,7.079999999999998,7.079999999999998,Maintenance Soon
46,40.81,5.189999999999998,5.189999999999998,Maintenance Soon
45,41.36,3.6400000000000006,3.6400000000000006,Maintenance Soon
44,32.6,11.399999999999999,11.399999999999999,Maintenance Soon
43,34.42,8.579999999999998,8.579999999999998,Maintenance Soon
42,35.31,6.689999999999998,6.689999999999998,Maintenance Soon
41,36.84,4.159999999999997,4.159999999999997,Maintenance Soon
40,30.78,9.219999999999999,9.219999999999999,Maintenance Soon
39,40.32,-1.3200000000000003,1.3200000000000003,Maintenance Soon
38,38.22,-0.21999999999999886,0.21999999999999886,Maintenance Soon
37,34.21,2.789999999999999,2.789999999999999,Maintenance Soon
36,27.68,8.32,8.32,Critical
35,28.81,6.190000000000001,6.190000000000001,Critical
34,23.7,10.3,10.3,Critical
33,29.08,3.9200000000000017,3.9200000000000017,Critical
32,26.5,5.5,5.5,Critical
31,23.36,7.640000000000001,7.640000000000001,Critical
30,23.15,6.850000000000001,6.850000000000001,Critical
29,22.69,6.309999999999999,6.309999999999999,Critical
28,21.44,6.559999999999999,6.559999999999999,Critical
27,21.63,5.370000000000001,5.370000000000001,Critical
26,20.94,5.059999999999999,5.059999999999999,Critical
25,23.59,1.4100000000000001,1.4100000000000001,Critical
24,24.4,-0.3999999999999986,0.3999999999999986,Critical
23,24.38,-1.379999999999999,1.379999999999999,Critical
22,24.2,-2.1999999999999993,2.1999999999999993,Critical
21,22.41,-1.4100000000000001,1.4100000000000001,Critical
20,21.02,-1.0199999999999996,1.0199999999999996,Critical
19,16.42,2.5799999999999983,2.5799999999999983,Critical
18,16.96,1.0399999999999991,1.0399999999999991,Critical
17,18.53,-1.5300000000000011,1.5300000000000011,Critical
16,16.82,-0.8200000000000003,0.8200000000000003,Critical
15,13.93,1.0700000000000003,1.0700000000000003,Critical
14,13.48,0.5199999999999996,0.5199999999999996,Critical
13,12.43,0.5700000000000003,0.5700000000000003,Critical
12,10.41,1.5899999999999999,1.5899999999999999,Critical
11,11.06,-0.0600000000000005,0.0600000000000005,Critical
10,8.83,1.17,1.17,Critical
9,10.61,-1.6099999999999994,1.6099999999999994,Critical
8,10.06,-2.0600000000000005,2.0600000000000005,Critical
7,4.73,2.2699999999999996,2.2699999999999996,Critical
6,1.55,4.45,4.45,Critical
5,1.55,3.45,3.45,Critical
4,1.54,2.46,2.46,Critical
3,1.42,1.58,1.58,Critical
2,1.41,0.5900000000000001,0.5900000000000001,Critical
1,2.29,-1.29,1.29,Critical
0,1.25,-1.25,1.25,Critical
125,124.92,0.0799999999999983,0.0799999999999983,Healthy
125,125.0,0.0,0.0,Healthy
125,124.95,0.04999999999999716,0.04999999999999716,Healthy
125,124.92,0.0799999999999983,0.0799999999999983,Healthy
125,124.9,0.09999999999999432,0.09999999999999432,Healthy
125,124.99,0.010000000000005116,0.010000000000005116,Healthy
125,124.85,0.15000000000000568,0.15000000000000568,Healthy
125,124.86,0.14000000000000057,0.14000000000000057,Healthy
125,124.99,0.010000000000005116,0.010000000000005116,Healthy
125,124.74,0.2600000000000051,0.2600000000000051,Healthy
125,124.78,0.21999999999999886,0.21999999999999886,Healthy
125,124.81,0.18999999999999773,0.18999999999999773,Healthy
125,124.92,0.0799999999999983,0.0799999999999983,Healthy
125,124.55,0.45000000000000284,0.45000000000000284,Healthy
125,124.95,0.04999999999999716,0.04999999999999716,Healthy
125,124.95,0.04999999999999716,0.04999999999999716,Healthy
125,124.96,0.04000000000000625,0.04000000000000625,Healthy
125,124.98,0.01999999999999602,0.01999999999999602,Healthy
125,124.66,0.3400000000000034,0.3400000000000034,Healthy
125,124.48,0.519999999999996,0.519999999999996,Healthy
125,124.95,0.04999999999999716,0.04999999999999716,Healthy
125,124.58,0.4200000000000017,0.4200000000000017,Healthy
125,124.77,0.23000000000000398,0.23000000000000398,Healthy
125,124.77,0.23000000000000398,0.23000000000000398,Healthy
125,124.6,0.4000000000000057,0.4000000000000057,Healthy
125,124.59,0.4099999999999966,0.4099999999999966,Healthy
125,124.38,0.6200000000000045,0.6200000000000045,Healthy
125,123.17,1.8299999999999983,1.8299999999999983,Healthy
125,123.35,1.6500000000000057,1.6500000000000057,Healthy
124,123.17,0.8299999999999983,0.8299999999999983,Healthy
123,122.1,0.9000000000000057,0.9000000000000057,Healthy
122,122.4,-0.4000000000000057,0.4000000000000057,Healthy
121,122.36,-1.3599999999999994,1.3599999999999994,Healthy
120,122.01,-2.010000000000005,2.010000000000005,Healthy
119,121.23,-2.230000000000004,2.230000000000004,Healthy
118,122.69,-4.689999999999998,4.689999999999998,Healthy
117,123.15,-6.150000000000006,6.150000000000006,Healthy
116,122.48,-6.480000000000004,6.480000000000004,Healthy
115,121.97,-6.969999999999999,6.969999999999999,Healthy
114,124.01,-10.010000000000005,10.010000000000005,Healthy
113,122.28,-9.280000000000001,9.280000000000001,Healthy
112,121.3,-9.299999999999997,9.299999999999997,Healthy
111,117.83,-6.829999999999998,6.829999999999998,Healthy
110,123.02,-13.019999999999996,13.019999999999996,Healthy
109,120.32,-11.319999999999993,11.319999999999993,Healthy
108,121.31,-13.310000000000002,13.310000000000002,Healthy
107,120.36,-13.36,13.36,Healthy
106,118.57,-12.569999999999993,12.569999999999993,Healthy
105,122.67,-17.67,17.67,Healthy
104,122.19,-18.189999999999998,18.189999999999998,Healthy
103,120.55,-17.549999999999997,17.549999999999997,Healthy
102,118.16,-16.159999999999997,16.159999999999997,Healthy
101,118.85,-17.849999999999994,17.849999999999994,Healthy
100,121.86,-21.86,21.86,Healthy
99,120.36,-21.36,21.36,Healthy
98,120.11,-22.11,22.11,Healthy
97,120.48,-23.480000000000004,23.480000000000004,Healthy
96,120.34,-24.340000000000003,24.340000000000003,Healthy
95,120.73,-25.730000000000004,25.730000000000004,Healthy
94,118.59,-24.590000000000003,24.590000000000003,Healthy
93,116.45,-23.450000000000003,23.450000000000003,Healthy
92,112.79,-20.790000000000006,20.790000000000006,Healthy
91,114.44,-23.439999999999998,23.439999999999998,Healthy
90,112.33,-22.33,22.33,Healthy
89,117.33,-28.33,28.33,Healthy
88,119.02,-31.019999999999996,31.019999999999996,Healthy
87,120.84,-33.84,33.84,Healthy
86,115.07,-29.069999999999993,29.069999999999993,Healthy
85,111.11,-26.11,26.11,Healthy
84,110.36,-26.36,26.36,Healthy
83,118.6,-35.599999999999994,35.599999999999994,Healthy
82,120.38,-38.379999999999995,38.379999999999995,Healthy
81,118.95,-37.95,37.95,Healthy
80,113.25,-33.25,33.25,Healthy
79,120.19,-41.19,41.19,Healthy
78,119.8,-41.8,41.8,Healthy
77,118.38,-41.379999999999995,41.379999999999995,Healthy
76,119.32,-43.31999999999999,43.31999999999999,Healthy
75,116.63,-41.629999999999995,41.629999999999995,Healthy
74,114.71,-40.709999999999994,40.709999999999994,Healthy
73,115.94,-42.94,42.94,Healthy
72,113.32,-41.31999999999999,41.31999999999999,Healthy
71,112.92,-41.92,41.92,Healthy
70,109.85,-39.849999999999994,39.849999999999994,Healthy
69,112.06,-43.06,43.06,Healthy
68,104.02,-36.019999999999996,36.019999999999996,Healthy
67,97.64,-30.64,30.64,Healthy
66,93.92,-27.92,27.92,Healthy
65,98.97,-33.97,33.97,Healthy
64,100.24,-36.239999999999995,36.239999999999995,Healthy
63,98.1,-35.099999999999994,35.099999999999994,Healthy
62,103.7,-41.7,41.7,Healthy
61,96.08,-35.08,35.08,Healthy
60,89.17,-29.17,29.17,Healthy
59,85.65,-26.650000000000006,26.650000000000006,Healthy
58,84.17,-26.17,26.17,Healthy
57,84.37,-27.370000000000005,27.370000000000005,Healthy
56,78.48,-22.480000000000004,22.480000000000004,Healthy
55,86.4,-31.400000000000006,31.400000000000006,Healthy
54,91.45,-37.45,37.45,Healthy
53,88.37,-35.370000000000005,35.370000000000005,Healthy
52,84.55,-32.55,32.55,Healthy
51,85.39,-34.39,34.39,Healthy
50,75.97,-25.97,25.97,Healthy
49,73.85,-24.849999999999994,24.849999999999994,Maintenance Soon
48,73.81,-25.810000000000002,25.810000000000002,Maintenance Soon
47,77.75,-30.75,30.75,Healthy
46,81.11,-35.11,35.11,Healthy
45,86.03,-41.03,41.03,Healthy
44,77.4,-33.400000000000006,33.400000000000006,Healthy
43,89.58,-46.58,46.58,Healthy
42,79.1,-37.099999999999994,37.099999999999994,Healthy
41,74.07,-33.06999999999999,33.06999999999999,Maintenance Soon
40,71.19,-31.189999999999998,31.189999999999998,Maintenance Soon
39,76.41,-37.41,37.41,Healthy
38,69.04,-31.040000000000006,31.040000000000006,Maintenance Soon
37,68.84,-31.840000000000003,31.840000000000003,Maintenance Soon
36,63.92,-27.92,27.92,Maintenance Soon
35,65.05,-30.049999999999997,30.049999999999997,Maintenance Soon
34,63.46,-29.46,29.46,Maintenance Soon
33,63.77,-30.770000000000003,30.770000000000003,Maintenance Soon
32,57.25,-25.25,25.25,Maintenance Soon
31,57.7,-26.700000000000003,26.700000000000003,Maintenance Soon
30,56.87,-26.869999999999997,26.869999999999997,Maintenance Soon
29,56.77,-27.770000000000003,27.770000000000003,Maintenance Soon
28,48.63,-20.630000000000003,20.630000000000003,Maintenance Soon
27,49.96,-22.96,22.96,Maintenance Soon
26,46.42,-20.42,20.42,Maintenance Soon
25,46.58,-21.58,21.58,Maintenance Soon
24,44.74,-20.740000000000002,20.740000000000002,Maintenance Soon
23,44.66,-21.659999999999997,21.659999999999997,Maintenance Soon
22,44.28,-22.28,22.28,Maintenance Soon
21,40.36,-19.36,19.36,Maintenance Soon
20,35.83,-15.829999999999998,15.829999999999998,Maintenance Soon
19,26.75,-7.75,7.75,Critical
18,24.27,-6.27,6.27,Critical
17,21.95,-4.949999999999999,4.949999999999999,Critical
16,19.91,-3.91,3.91,Critical
15,22.35,-7.350000000000001,7.350000000000001,Critical
14,28.59,-14.59,14.59,Critical
13,21.05,-8.05,8.05,Critical
12,20.81,-8.809999999999999,8.809999999999999,Critical
11,20.14,-9.14,9.14,Critical
10,14.19,-4.1899999999999995,4.1899999999999995,Critical
9,11.67,-2.67,2.67,Critical
8,12.19,-4.1899999999999995,4.1899999999999995,Critical
7,12.55,-5.550000000000001,5.550000000000001,Critical
6,11.38,-5.380000000000001,5.380000000000001,Critical
5,11.87,-6.869999999999999,6.869999999999999,Critical
4,11.74,-7.74,7.74,Critical
3,10.01,-7.01,7.01,Critical
2,2.39,-0.3900000000000001,0.3900000000000001,Critical
1,0.94,0.06000000000000005,0.06000000000000005,Critical
0,0.94,-0.94,0.94,Critical
125,124.97,0.030000000000001137,0.030000000000001137,Healthy
125,125.0,0.0,0.0,Healthy
125,124.94,0.060000000000002274,0.060000000000002274,Healthy
125,124.65,0.3499999999999943,0.3499999999999943,Healthy
125,125.0,0.0,0.0,Healthy
125,124.98,0.01999999999999602,0.01999999999999602,Healthy
125,125.0,0.0,0.0,Healthy
125,125.0,0.0,0.0,Healthy
125,125.0,0.0,0.0,Healthy
125,124.99,0.010000000000005116,0.010000000000005116,Healthy
125,124.82,0.18000000000000682,0.18000000000000682,Healthy
125,124.75,0.25,0.25,Healthy
125,125.0,0.0,0.0,Healthy
125,124.76,0.23999999999999488,0.23999999999999488,Healthy
125,124.85,0.15000000000000568,0.15000000000000568,Healthy
125,125.0,0.0,0.0,Healthy
125,124.85,0.15000000000000568,0.15000000000000568,Healthy
125,125.0,0.0,0.0,Healthy
125,125.0,0.0,0.0,Healthy
125,124.82,0.18000000000000682,0.18000000000000682,Healthy
125,124.91,0.09000000000000341,0.09000000000000341,Healthy
125,125.0,0.0,0.0,Healthy
125,124.85,0.15000000000000568,0.15000000000000568,Healthy
125,124.69,0.3100000000000023,0.3100000000000023,Healthy
125,124.66,0.3400000000000034,0.3400000000000034,Healthy
125,125.0,0.0,0.0,Healthy
125,124.68,0.3199999999999932,0.3199999999999932,Healthy
125,119.95,5.049999999999997,5.049999999999997,Healthy
125,124.42,0.5799999999999983,0.5799999999999983,Healthy
125,124.26,0.7399999999999949,0.7399999999999949,Healthy
125,124.43,0.5699999999999932,0.5699999999999932,Healthy
125,124.25,0.75,0.75,Healthy
125,124.66,0.3400000000000034,0.3400000000000034,Healthy
125,124.87,0.12999999999999545,0.12999999999999545,Healthy
125,124.33,0.6700000000000017,0.6700000000000017,Healthy
125,124.54,0.45999999999999375,0.45999999999999375,Healthy
125,123.84,1.1599999999999966,1.1599999999999966,Healthy
125,121.6,3.4000000000000057,3.4000000000000057,Healthy
125,124.02,0.980000000000004,0.980000000000004,Healthy
125,124.57,0.4300000000000068,0.4300000000000068,Healthy
125,124.47,0.5300000000000011,0.5300000000000011,Healthy
125,121.78,3.219999999999999,3.219999999999999,Healthy
125,124.08,0.9200000000000017,0.9200000000000017,Healthy
125,122.77,2.230000000000004,2.230000000000004,Healthy
125,119.09,5.909999999999997,5.909999999999997,Healthy
125,119.03,5.969999999999999,5.969999999999999,Healthy
125,119.44,5.560000000000002,5.560000000000002,Healthy
125,119.1,5.900000000000006,5.900000000000006,Healthy
125,120.3,4.700000000000003,4.700000000000003,Healthy
125,115.82,9.180000000000007,9.180000000000007,Healthy
125,120.35,4.650000000000006,4.650000000000006,Healthy
125,120.62,4.3799999999999955,4.3799999999999955,Healthy
125,119.27,5.730000000000004,5.730000000000004,Healthy
125,123.06,1.9399999999999977,1.9399999999999977,Healthy
125,124.75,0.25,0.25,Healthy
125,122.1,2.9000000000000057,2.9000000000000057,Healthy
125,122.32,2.680000000000007,2.680000000000007,Healthy
125,121.11,3.8900000000000006,3.8900000000000006,Healthy
125,119.75,5.25,5.25,Healthy
125,118.08,6.920000000000002,6.920000000000002,Healthy
125,122.1,2.9000000000000057,2.9000000000000057,Healthy
125,121.79,3.2099999999999937,3.2099999999999937,Healthy
125,120.14,4.859999999999999,4.859999999999999,Healthy
125,116.79,8.209999999999994,8.209999999999994,Healthy
125,120.77,4.230000000000004,4.230000000000004,Healthy
125,117.17,7.829999999999998,7.829999999999998,Healthy
125,119.48,5.519999999999996,5.519999999999996,Healthy
125,114.53,10.469999999999999,10.469999999999999,Healthy
125,113.87,11.129999999999995,11.129999999999995,Healthy
125,110.89,14.11,14.11,Healthy
125,114.16,10.840000000000003,10.840000000000003,Healthy
125,115.39,9.61,9.61,Healthy
125,118.53,6.469999999999999,6.469999999999999,Healthy
125,122.16,2.8400000000000034,2.8400000000000034,Healthy
125,115.71,9.290000000000006,9.290000000000006,Healthy
125,121.52,3.480000000000004,3.480000000000004,Healthy
125,120.4,4.599999999999994,4.599999999999994,Healthy
125,121.84,3.1599999999999966,3.1599999999999966,Healthy
125,121.43,3.569999999999993,3.569999999999993,Healthy
125,120.35,4.650000000000006,4.650000000000006,Healthy
125,119.57,5.430000000000007,5.430000000000007,Healthy
125,118.51,6.489999999999995,6.489999999999995,Healthy
125,104.95,20.049999999999997,20.049999999999997,Healthy
125,116.81,8.189999999999998,8.189999999999998,Healthy
125,115.94,9.060000000000002,9.060000000000002,Healthy
125,116.84,8.159999999999997,8.159999999999997,Healthy
125,114.1,10.900000000000006,10.900000000000006,Healthy
125,113.75,11.25,11.25,Healthy
125,113.38,11.620000000000005,11.620000000000005,Healthy
125,108.25,16.75,16.75,Healthy
125,109.9,15.099999999999994,15.099999999999994,Healthy
125,108.52,16.480000000000004,16.480000000000004,Healthy
125,111.13,13.870000000000005,13.870000000000005,Healthy
125,110.85,14.150000000000006,14.150000000000006,Healthy
125,115.41,9.590000000000003,9.590000000000003,Healthy
125,115.4,9.599999999999994,9.599999999999994,Healthy
125,111.81,13.189999999999998,13.189999999999998,Healthy
125,114.27,10.730000000000004,10.730000000000004,Healthy
125,112.42,12.579999999999998,12.579999999999998,Healthy
125,111.93,13.069999999999993,13.069999999999993,Healthy
125,110.35,14.650000000000006,14.650000000000006,Healthy
125,112.83,12.170000000000002,12.170000000000002,Healthy
125,114.29,10.709999999999994,10.709999999999994,Healthy
125,101.72,23.28,23.28,Healthy
125,92.17,32.83,32.83,Healthy
125,98.04,26.959999999999994,26.959999999999994,Healthy
125,100.7,24.299999999999997,24.299999999999997,Healthy
125,96.9,28.099999999999994,28.099999999999994,Healthy
125,98.78,26.22,26.22,Healthy
125,103.56,21.439999999999998,21.439999999999998,Healthy
125,108.61,16.39,16.39,Healthy
125,102.98,22.019999999999996,22.019999999999996,Healthy
125,99.9,25.099999999999994,25.099999999999994,Healthy
125,101.14,23.86,23.86,Healthy
125,98.46,26.540000000000006,26.540000000000006,Healthy
125,99.06,25.939999999999998,25.939999999999998,Healthy
125,95.71,29.290000000000006,29.290000000000006,Healthy
125,94.42,30.58,30.58,Healthy
125,102.06,22.939999999999998,22.939999999999998,Healthy
125,100.35,24.650000000000006,24.650000000000006,Healthy
125,105.91,19.090000000000003,19.090000000000003,Healthy
125,104.21,20.790000000000006,20.790000000000006,Healthy
125,103.07,21.930000000000007,21.930000000000007,Healthy
125,105.42,19.58,19.58,Healthy
125,104.24,20.760000000000005,20.760000000000005,Healthy
125,109.86,15.14,15.14,Healthy
125,110.89,14.11,14.11,Healthy
124,112.62,11.379999999999995,11.379999999999995,Healthy
123,112.28,10.719999999999999,10.719999999999999,Healthy
122,108.29,13.709999999999994,13.709999999999994,Healthy
121,112.6,8.400000000000006,8.400000000000006,Healthy
120,111.38,8.620000000000005,8.620000000000005,Healthy
119,114.2,4.799999999999997,4.799999999999997,Healthy
118,116.64,1.3599999999999994,1.3599999999999994,Healthy
117,116.81,0.18999999999999773,0.18999999999999773,Healthy
116,111.61,4.390000000000001,4.390000000000001,Healthy
115,100.79,14.209999999999994,14.209999999999994,Healthy
114,106.63,7.3700000000000045,7.3700000000000045,Healthy
113,103.38,9.620000000000005,9.620000000000005,Healthy
112,102.59,9.409999999999997,9.409999999999997,Healthy
111,104.69,6.310000000000002,6.310000000000002,Healthy
110,105.85,4.150000000000006,4.150000000000006,Healthy
109,111.09,-2.0900000000000034,2.0900000000000034,Healthy
108,100.14,7.859999999999999,7.859999999999999,Healthy
107,95.13,11.870000000000005,11.870000000000005,Healthy
106,104.31,1.6899999999999977,1.6899999999999977,Healthy
105,105.16,-0.1599999999999966,0.1599999999999966,Healthy
104,107.25,-3.25,3.25,Healthy
103,107.0,-4.0,4.0,Healthy
102,107.48,-5.480000000000004,5.480000000000004,Healthy
101,107.27,-6.269999999999996,6.269999999999996,Healthy
100,106.81,-6.810000000000002,6.810000000000002,Healthy
99,106.96,-7.959999999999994,7.959999999999994,Healthy
98,113.25,-15.25,15.25,Healthy
97,115.74,-18.739999999999995,18.739999999999995,Healthy
96,118.99,-22.989999999999995,22.989999999999995,Healthy
95,118.65,-23.650000000000006,23.650000000000006,Healthy
94,116.37,-22.370000000000005,22.370000000000005,Healthy
93,119.22,-26.22,26.22,Healthy
92,114.63,-22.629999999999995,22.629999999999995,Healthy
91,115.21,-24.209999999999994,24.209999999999994,Healthy
90,118.94,-28.939999999999998,28.939999999999998,Healthy
89,119.19,-30.189999999999998,30.189999999999998,Healthy
88,120.5,-32.5,32.5,Healthy
87,122.8,-35.8,35.8,Healthy
86,116.44,-30.439999999999998,30.439999999999998,Healthy
85,119.71,-34.709999999999994,34.709999999999994,Healthy
84,120.18,-36.18000000000001,36.18000000000001,Healthy
83,113.48,-30.480000000000004,30.480000000000004,Healthy
82,99.02,-17.019999999999996,17.019999999999996,Healthy
81,96.38,-15.379999999999995,15.379999999999995,Healthy
80,101.61,-21.61,21.61,Healthy
79,103.85,-24.849999999999994,24.849999999999994,Healthy
78,99.23,-21.230000000000004,21.230000000000004,Healthy
77,122.06,-45.06,45.06,Healthy
76,119.14,-43.14,43.14,Healthy
75,116.51,-41.510000000000005,41.510000000000005,Healthy
74,113.74,-39.739999999999995,39.739999999999995,Healthy
73,104.74,-31.739999999999995,31.739999999999995,Healthy
72,104.78,-32.78,32.78,Healthy
71,109.1,-38.099999999999994,38.099999999999994,Healthy
70,107.73,-37.730000000000004,37.730000000000004,Healthy
69,97.49,-28.489999999999995,28.489999999999995,Healthy
68,100.6,-32.599999999999994,32.599999999999994,Healthy
67,94.84,-27.840000000000003,27.840000000000003,Healthy
66,76.49,-10.489999999999995,10.489999999999995,Healthy
65,76.77,-11.769999999999996,11.769999999999996,Healthy
64,78.7,-14.700000000000003,14.700000000000003,Healthy
63,80.05,-17.049999999999997,17.049999999999997,Healthy
62,89.17,-27.17,27.17,Healthy
61,82.37,-21.370000000000005,21.370000000000005,Healthy
60,77.69,-17.689999999999998,17.689999999999998,Healthy
59,81.1,-22.099999999999994,22.099999999999994,Healthy
58,76.76,-18.760000000000005,18.760000000000005,Healthy
57,83.81,-26.810000000000002,26.810000000000002,Healthy
56,76.68,-20.680000000000007,20.680000000000007,Healthy
55,74.68,-19.680000000000007,19.680000000000007,Maintenance Soon
54,75.28,-21.28,21.28,Healthy
53,64.8,-11.799999999999997,11.799999999999997,Maintenance Soon
52,67.2,-15.200000000000003,15.200000000000003,Maintenance Soon
51,81.28,-30.28,30.28,Healthy
50,72.45,-22.450000000000003,22.450000000000003,Maintenance Soon
49,73.37,-24.370000000000005,24.370000000000005,Maintenance Soon
48,84.09,-36.09,36.09,Healthy
47,79.92,-32.92,32.92,Healthy
46,65.69,-19.689999999999998,19.689999999999998,Maintenance Soon
45,67.47,-22.47,22.47,Maintenance Soon
44,60.97,-16.97,16.97,Maintenance Soon
43,49.58,-6.579999999999998,6.579999999999998,Maintenance Soon
42,57.99,-15.990000000000002,15.990000000000002,Maintenance Soon
41,61.5,-20.5,20.5,Maintenance Soon
40,53.91,-13.909999999999997,13.909999999999997,Maintenance Soon
39,53.11,-14.11,14.11,Maintenance Soon
38,43.22,-5.219999999999999,5.219999999999999,Maintenance Soon
37,47.39,-10.39,10.39,Maintenance Soon
36,39.27,-3.270000000000003,3.270000000000003,Maintenance Soon
35,38.68,-3.6799999999999997,3.6799999999999997,Maintenance Soon
34,43.23,-9.229999999999997,9.229999999999997,Maintenance Soon
33,50.82,-17.82,17.82,Maintenance Soon
32,52.39,-20.39,20.39,Maintenance Soon
31,44.8,-13.799999999999997,13.799999999999997,Maintenance Soon
30,48.32,-18.32,18.32,Maintenance Soon
29,42.66,-13.659999999999997,13.659999999999997,Maintenance Soon
28,41.34,-13.340000000000003,13.340000000000003,Maintenance Soon
27,44.81,-17.810000000000002,17.810000000000002,Maintenance Soon
26,41.84,-15.840000000000003,15.840000000000003,Maintenance Soon
25,38.12,-13.119999999999997,13.119999999999997,Maintenance Soon
24,37.61,-13.61,13.61,Maintenance Soon
23,37.36,-14.36,14.36,Maintenance Soon
22,33.55,-11.549999999999997,11.549999999999997,Maintenance Soon
21,33.99,-12.990000000000002,12.990000000000002,Maintenance Soon
20,32.96,-12.96,12.96,Maintenance Soon
19,32.04,-13.04,13.04,Maintenance Soon
18,21.51,-3.5100000000000016,3.5100000000000016,Critical
17,21.16,-4.16,4.16,Critical
16,20.72,-4.719999999999999,4.719999999999999,Critical
15,21.21,-6.210000000000001,6.210000000000001,Critical
14,20.37,-6.370000000000001,6.370000000000001,Critical
13,16.41,-3.41,3.41,Critical
12,18.04,-6.039999999999999,6.039999999999999,Critical
11,15.58,-4.58,4.58,Critical
10,10.24,-0.2400000000000002,0.2400000000000002,Critical
9,9.79,-0.7899999999999991,0.7899999999999991,Critical
8,9.75,-1.75,1.75,Critical
7,8.91,-1.9100000000000001,1.9100000000000001,Critical
6,4.14,1.8600000000000003,1.8600000000000003,Critical
5,5.85,-0.8499999999999996,0.8499999999999996,Critical
4,4.92,-0.9199999999999999,0.9199999999999999,Critical
3,3.9,-0.8999999999999999,0.8999999999999999,Critical
2,4.23,-2.2300000000000004,2.2300000000000004,Critical
1,1.65,-0.6499999999999999,0.6499999999999999,Critical
0,0.95,-0.95,0.95,Critical
125,125.0,0.0,0.0,Healthy
125,124.98,0.01999999999999602,0.01999999999999602,Healthy
125,125.0,0.0,0.0,Healthy
125,125.0,0.0,0.0,Healthy
125,124.99,0.010000000000005116,0.010000000000005116,Healthy
125,125.0,0.0,0.0,Healthy
125,125.0,0.0,0.0,Healthy
125,124.95,0.04999999999999716,0.04999999999999716,Healthy
125,125.0,0.0,0.0,Healthy
125,125.0,0.0,0.0,Healthy
125,124.61,0.39000000000000057,0.39000000000000057,Healthy
125,124.98,0.01999999999999602,0.01999999999999602,Healthy
125,125.0,0.0,0.0,Healthy
125,125.0,0.0,0.0,Healthy
125,125.0,0.0,0.0,Healthy
125,125.0,0.0,0.0,Healthy
125,125.0,0.0,0.0,Healthy
125,125.0,0.0,0.0,Healthy
125,124.92,0.0799999999999983,0.0799999999999983,Healthy
125,124.73,0.269999999999996,0.269999999999996,Healthy
125,124.57,0.4300000000000068,0.4300000000000068,Healthy
125,124.71,0.29000000000000625,0.29000000000000625,Healthy
125,124.92,0.0799999999999983,0.0799999999999983,Healthy
125,124.68,0.3199999999999932,0.3199999999999932,Healthy
125,124.1,0.9000000000000057,0.9000000000000057,Healthy
125,124.49,0.5100000000000051,0.5100000000000051,Healthy
125,124.6,0.4000000000000057,0.4000000000000057,Healthy
125,123.89,1.1099999999999994,1.1099999999999994,Healthy
125,123.39,1.6099999999999994,1.6099999999999994,Healthy
125,124.69,0.3100000000000023,0.3100000000000023,Healthy
125,121.79,3.2099999999999937,3.2099999999999937,Healthy
125,119.83,5.170000000000002,5.170000000000002,Healthy
125,122.25,2.75,2.75,Healthy
125,123.34,1.6599999999999966,1.6599999999999966,Healthy
125,120.26,4.739999999999995,4.739999999999995,Healthy
125,121.99,3.010000000000005,3.010000000000005,Healthy
125,118.94,6.060000000000002,6.060000000000002,Healthy
125,119.41,5.590000000000003,5.590000000000003,Healthy
125,120.68,4.319999999999993,4.319999999999993,Healthy
125,122.78,2.219999999999999,2.219999999999999,Healthy
125,121.25,3.75,3.75,Healthy
125,124.24,0.7600000000000051,0.7600000000000051,Healthy
125,122.71,2.2900000000000063,2.2900000000000063,Healthy
125,121.94,3.0600000000000023,3.0600000000000023,Healthy
125,120.91,4.090000000000003,4.090000000000003,Healthy
125,124.15,0.8499999999999943,0.8499999999999943,Healthy
125,124.66,0.3400000000000034,0.3400000000000034,Healthy
125,123.39,1.6099999999999994,1.6099999999999994,Healthy
125,123.78,1.2199999999999989,1.2199999999999989,Healthy
125,122.13,2.8700000000000045,2.8700000000000045,Healthy
125,123.2,1.7999999999999972,1.7999999999999972,Healthy
125,124.12,0.8799999999999955,0.8799999999999955,Healthy
125,119.41,5.590000000000003,5.590000000000003,Healthy
125,117.71,7.290000000000006,7.290000000000006,Healthy
125,123.79,1.2099999999999937,1.2099999999999937,Healthy
125,123.59,1.4099999999999966,1.4099999999999966,Healthy
125,118.3,6.700000000000003,6.700000000000003,Healthy
125,123.31,1.6899999999999977,1.6899999999999977,Healthy
125,121.82,3.180000000000007,3.180000000000007,Healthy
125,116.58,8.420000000000002,8.420000000000002,Healthy
125,123.11,1.8900000000000006,1.8900000000000006,Healthy
125,122.77,2.230000000000004,2.230000000000004,Healthy
125,120.2,4.799999999999997,4.799999999999997,Healthy
125,116.45,8.549999999999997,8.549999999999997,Healthy
125,113.96,11.040000000000006,11.040000000000006,Healthy
125,118.17,6.829999999999998,6.829999999999998,Healthy
125,113.64,11.36,11.36,Healthy
125,114.74,10.260000000000005,10.260000000000005,Healthy
125,112.15,12.849999999999994,12.849999999999994,Healthy
125,102.99,22.010000000000005,22.010000000000005,Healthy
125,112.72,12.280000000000001,12.280000000000001,Healthy
125,114.31,10.689999999999998,10.689999999999998,Healthy
125,114.3,10.700000000000003,10.700000000000003,Healthy
125,111.99,13.010000000000005,13.010000000000005,Healthy
125,115.57,9.430000000000007,9.430000000000007,Healthy
125,119.41,5.590000000000003,5.590000000000003,Healthy
125,121.23,3.769999999999996,3.769999999999996,Healthy
125,119.08,5.920000000000002,5.920000000000002,Healthy
125,117.38,7.6200000000000045,7.6200000000000045,Healthy
125,119.18,5.819999999999993,5.819999999999993,Healthy
125,118.76,6.239999999999995,6.239999999999995,Healthy
125,117.02,7.980000000000004,7.980000000000004,Healthy
125,118.95,6.049999999999997,6.049999999999997,Healthy
125,116.42,8.579999999999998,8.579999999999998,Healthy
125,114.22,10.780000000000001,10.780000000000001,Healthy
125,109.53,15.469999999999999,15.469999999999999,Healthy
125,113.17,11.829999999999998,11.829999999999998,Healthy
125,113.29,11.709999999999994,11.709999999999994,Healthy
125,116.46,8.540000000000006,8.540000000000006,Healthy
125,120.57,4.430000000000007,4.430000000000007,Healthy
125,120.75,4.25,4.25,Healthy
125,119.24,5.760000000000005,5.760000000000005,Healthy
125,118.99,6.010000000000005,6.010000000000005,Healthy
125,118.91,6.090000000000003,6.090000000000003,Healthy
125,111.37,13.629999999999995,13.629999999999995,Healthy
125,112.62,12.379999999999995,12.379999999999995,Healthy
125,113.12,11.879999999999995,11.879999999999995,Healthy
125,113.38,11.620000000000005,11.620000000000005,Healthy
125,116.99,8.010000000000005,8.010000000000005,Healthy
125,112.62,12.379999999999995,12.379999999999995,Healthy
125,112.04,12.959999999999994,12.959999999999994,Healthy
125,112.75,12.25,12.25,Healthy
125,116.11,8.89,8.89,Healthy
125,115.77,9.230000000000004,9.230000000000004,Healthy
125,112.71,12.290000000000006,12.290000000000006,Healthy
125,116.38,8.620000000000005,8.620000000000005,Healthy
125,110.15,14.849999999999994,14.849999999999994,Healthy
125,108.53,16.47,16.47,Healthy
125,116.23,8.769999999999996,8.769999999999996,Healthy
125,114.67,10.329999999999998,10.329999999999998,Healthy
125,118.52,6.480000000000004,6.480000000000004,Healthy
125,117.31,7.689999999999998,7.689999999999998,Healthy
125,119.35,5.650000000000006,5.650000000000006,Healthy
125,119.74,5.260000000000005,5.260000000000005,Healthy
125,119.27,5.730000000000004,5.730000000000004,Healthy
125,112.36,12.64,12.64,Healthy
125,112.26,12.739999999999995,12.739999999999995,Healthy
125,112.97,12.030000000000001,12.030000000000001,Healthy
125,113.27,11.730000000000004,11.730000000000004,Healthy
125,115.75,9.25,9.25,Healthy
125,118.42,6.579999999999998,6.579999999999998,Healthy
125,114.31,10.689999999999998,10.689999999999998,Healthy
125,110.12,14.879999999999995,14.879999999999995,Healthy
125,114.49,10.510000000000005,10.510000000000005,Healthy
125,113.91,11.090000000000003,11.090000000000003,Healthy
125,117.78,7.219999999999999,7.219999999999999,Healthy
125,119.28,5.719999999999999,5.719999999999999,Healthy
125,118.83,6.170000000000002,6.170000000000002,Healthy
124,114.69,9.310000000000002,9.310000000000002,Healthy
123,116.66,6.340000000000003,6.340000000000003,Healthy
122,113.14,8.86,8.86,Healthy
121,111.0,10.0,10.0,Healthy
120,106.19,13.810000000000002,13.810000000000002,Healthy
119,94.3,24.700000000000003,24.700000000000003,Healthy
118,102.07,15.930000000000007,15.930000000000007,Healthy
117,102.41,14.590000000000003,14.590000000000003,Healthy
116,116.58,-0.5799999999999983,0.5799999999999983,Healthy
115,118.91,-3.9099999999999966,3.9099999999999966,Healthy
114,116.16,-2.1599999999999966,2.1599999999999966,Healthy
113,110.47,2.530000000000001,2.530000000000001,Healthy
112,109.58,2.4200000000000017,2.4200000000000017,Healthy
111,108.43,2.569999999999993,2.569999999999993,Healthy
110,110.29,-0.29000000000000625,0.29000000000000625,Healthy
109,103.77,5.230000000000004,5.230000000000004,Healthy
108,112.89,-4.890000000000001,4.890000000000001,Healthy
107,116.1,-9.099999999999994,9.099999999999994,Healthy
106,112.78,-6.780000000000001,6.780000000000001,Healthy
105,101.99,3.010000000000005,3.010000000000005,Healthy
104,108.15,-4.150000000000006,4.150000000000006,Healthy
103,107.87,-4.8700000000000045,4.8700000000000045,Healthy
102,108.63,-6.6299999999999955,6.6299999999999955,Healthy
101,111.65,-10.650000000000006,10.650000000000006,Healthy
100,107.99,-7.989999999999995,7.989999999999995,Healthy
99,109.59,-10.590000000000003,10.590000000000003,Healthy
98,113.62,-15.620000000000005,15.620000000000005,Healthy
97,106.16,-9.159999999999997,9.159999999999997,Healthy
96,102.11,-6.109999999999999,6.109999999999999,Healthy
95,106.93,-11.930000000000007,11.930000000000007,Healthy
94,107.4,-13.400000000000006,13.400000000000006,Healthy
93,100.0,-7.0,7.0,Healthy
92,103.16,-11.159999999999997,11.159999999999997,Healthy
91,104.26,-13.260000000000005,13.260000000000005,Healthy
90,103.17,-13.170000000000002,13.170000000000002,Healthy
89,103.45,-14.450000000000003,14.450000000000003,Healthy
88,102.13,-14.129999999999995,14.129999999999995,Healthy
87,81.46,5.540000000000006,5.540000000000006,Healthy
86,93.59,-7.590000000000003,7.590000000000003,Healthy
85,99.13,-14.129999999999995,14.129999999999995,Healthy
84,95.02,-11.019999999999996,11.019999999999996,Healthy
83,94.38,-11.379999999999995,11.379999999999995,Healthy
82,88.28,-6.280000000000001,6.280000000000001,Healthy
81,89.68,-8.680000000000007,8.680000000000007,Healthy
80,89.26,-9.260000000000005,9.260000000000005,Healthy
79,85.15,-6.150000000000006,6.150000000000006,Healthy
78,86.01,-8.010000000000005,8.010000000000005,Healthy
77,81.36,-4.359999999999999,4.359999999999999,Healthy
76,69.57,6.430000000000007,6.430000000000007,Maintenance Soon
75,63.35,11.649999999999999,11.649999999999999,Maintenance Soon
74,66.95,7.049999999999997,7.049999999999997,Maintenance Soon
73,69.03,3.969999999999999,3.969999999999999,Maintenance Soon
72,68.62,3.3799999999999955,3.3799999999999955,Maintenance Soon
71,62.45,8.549999999999997,8.549999999999997,Maintenance Soon
70,66.34,3.6599999999999966,3.6599999999999966,Maintenance Soon
69,70.22,-1.2199999999999989,1.2199999999999989,Maintenance Soon
68,68.68,-0.6800000000000068,0.6800000000000068,Maintenance Soon
67,67.58,-0.5799999999999983,0.5799999999999983,Maintenance Soon
66,72.07,-6.069999999999993,6.069999999999993,Maintenance Soon
65,72.99,-7.989999999999995,7.989999999999995,Maintenance Soon
64,70.13,-6.1299999999999955,6.1299999999999955,Maintenance Soon
63,62.32,0.6799999999999997,0.6799999999999997,Maintenance Soon
62,67.53,-5.530000000000001,5.530000000000001,Maintenance Soon
61,68.98,-7.980000000000004,7.980000000000004,Maintenance Soon
60,65.04,-5.040000000000006,5.040000000000006,Maintenance Soon
59,68.43,-9.430000000000007,9.430000000000007,Maintenance Soon
58,68.24,-10.239999999999995,10.239999999999995,Maintenance Soon
57,65.87,-8.870000000000005,8.870000000000005,Maintenance Soon
56,59.77,-3.770000000000003,3.770000000000003,Maintenance Soon
55,63.37,-8.369999999999997,8.369999999999997,Maintenance Soon
54,62.74,-8.740000000000002,8.740000000000002,Maintenance Soon
53,62.36,-9.36,9.36,Maintenance Soon
52,60.18,-8.18,8.18,Maintenance Soon
51,60.32,-9.32,9.32,Maintenance Soon
50,60.16,-10.159999999999997,10.159999999999997,Maintenance Soon
49,44.28,4.719999999999999,4.719999999999999,Maintenance Soon
48,56.54,-8.54,8.54,Maintenance Soon
47,55.83,-8.829999999999998,8.829999999999998,Maintenance Soon
46,54.79,-8.79,8.79,Maintenance Soon
45,49.82,-4.82,4.82,Maintenance Soon
44,53.0,-9.0,9.0,Maintenance Soon
43,36.86,6.140000000000001,6.140000000000001,Maintenance Soon
42,35.04,6.960000000000001,6.960000000000001,Maintenance Soon
41,37.83,3.1700000000000017,3.1700000000000017,Maintenance Soon
40,36.8,3.200000000000003,3.200000000000003,Maintenance Soon
39,36.56,2.4399999999999977,2.4399999999999977,Maintenance Soon
38,34.96,3.039999999999999,3.039999999999999,Maintenance Soon
37,35.42,1.5799999999999983,1.5799999999999983,Maintenance Soon
36,35.04,0.9600000000000009,0.9600000000000009,Maintenance Soon
35,34.85,0.14999999999999858,0.14999999999999858,Maintenance Soon
34,37.16,-3.1599999999999966,3.1599999999999966,Maintenance Soon
33,35.34,-2.3400000000000034,2.3400000000000034,Maintenance Soon
32,34.29,-2.289999999999999,2.289999999999999,Maintenance Soon
31,34.71,-3.710000000000001,3.710000000000001,Maintenance Soon
30,34.14,-4.140000000000001,4.140000000000001,Maintenance Soon
29,31.92,-2.9200000000000017,2.9200000000000017,Maintenance Soon
28,32.99,-4.990000000000002,4.990000000000002,Maintenance Soon
27,30.95,-3.9499999999999993,3.9499999999999993,Maintenance Soon
26,26.58,-0.5799999999999983,0.5799999999999983,Critical
25,32.49,-7.490000000000002,7.490000000000002,Maintenance Soon
24,31.44,-7.440000000000001,7.440000000000001,Maintenance Soon
23,27.5,-4.5,4.5,Critical
22,24.12,-2.120000000000001,2.120000000000001,Critical
21,25.56,-4.559999999999999,4.559999999999999,Critical
20,23.22,-3.219999999999999,3.219999999999999,Critical
19,17.44,1.5599999999999987,1.5599999999999987,Critical
18,16.63,1.370000000000001,1.370000000000001,Critical
17,16.3,0.6999999999999993,0.6999999999999993,Critical
16,17.08,-1.0799999999999983,1.0799999999999983,Critical
15,15.61,-0.6099999999999994,0.6099999999999994,Critical
14,13.61,0.39000000000000057,0.39000000000000057,Critical
13,13.29,-0.28999999999999915,0.28999999999999915,Critical
12,12.92,-0.9199999999999999,0.9199999999999999,Critical
11,11.78,-0.7799999999999994,0.7799999999999994,Critical
10,11.0,-1.0,1.0,Critical
9,9.89,-0.8900000000000006,0.8900000000000006,Critical
8,8.21,-0.21000000000000085,0.21000000000000085,Critical
7,9.75,-2.75,2.75,Critical
6,7.33,-1.33,1.33,Critical
5,5.71,-0.71,0.71,Critical
4,4.02,-0.019999999999999574,0.019999999999999574,Critical
3,4.1,-1.0999999999999996,1.0999999999999996,Critical
2,5.5,-3.5,3.5,Critical
1,3.55,-2.55,2.55,Critical
0,1.32,-1.32,1.32,Critical
125,124.58,0.4200000000000017,0.4200000000000017,Healthy
125,124.61,0.39000000000000057,0.39000000000000057,Healthy
125,123.59,1.4099999999999966,1.4099999999999966,Healthy
125,123.72,1.2800000000000011,1.2800000000000011,Healthy
125,124.09,0.9099999999999966,0.9099999999999966,Healthy
125,124.12,0.8799999999999955,0.8799999999999955,Healthy
125,124.8,0.20000000000000284,0.20000000000000284,Healthy
125,123.68,1.3199999999999932,1.3199999999999932,Healthy
125,122.19,2.8100000000000023,2.8100000000000023,Healthy
125,123.82,1.1800000000000068,1.1800000000000068,Healthy
125,124.59,0.4099999999999966,0.4099999999999966,Healthy
125,123.55,1.4500000000000028,1.4500000000000028,Healthy
125,124.89,0.10999999999999943,0.10999999999999943,Healthy
125,124.82,0.18000000000000682,0.18000000000000682,Healthy
125,124.67,0.3299999999999983,0.3299999999999983,Healthy
125,124.53,0.46999999999999886,0.46999999999999886,Healthy
125,124.57,0.4300000000000068,0.4300000000000068,Healthy
125,124.94,0.060000000000002274,0.060000000000002274,Healthy
125,125.0,0.0,0.0,Healthy
125,124.93,0.06999999999999318,0.06999999999999318,Healthy
125,124.86,0.14000000000000057,0.14000000000000057,Healthy
125,124.16,0.8400000000000034,0.8400000000000034,Healthy
125,124.21,0.7900000000000063,0.7900000000000063,Healthy
125,124.57,0.4300000000000068,0.4300000000000068,Healthy
125,122.22,2.780000000000001,2.780000000000001,Healthy
125,123.02,1.980000000000004,1.980000000000004,Healthy
125,124.62,0.37999999999999545,0.37999999999999545,Healthy
125,118.75,6.25,6.25,Healthy
125,121.66,3.3400000000000034,3.3400000000000034,Healthy
125,122.59,2.4099999999999966,2.4099999999999966,Healthy
125,123.97,1.0300000000000011,1.0300000000000011,Healthy
125,123.33,1.6700000000000017,1.6700000000000017,Healthy
125,123.97,1.0300000000000011,1.0300000000000011,Healthy
125,124.89,0.10999999999999943,0.10999999999999943,Healthy
125,124.32,0.6800000000000068,0.6800000000000068,Healthy
125,124.47,0.5300000000000011,0.5300000000000011,Healthy
125,121.17,3.8299999999999983,3.8299999999999983,Healthy
125,121.3,3.700000000000003,3.700000000000003,Healthy
125,120.35,4.650000000000006,4.650000000000006,Healthy
125,120.94,4.060000000000002,4.060000000000002,Healthy
125,119.29,5.709999999999994,5.709999999999994,Healthy
125,122.77,2.230000000000004,2.230000000000004,Healthy
125,120.02,4.980000000000004,4.980000000000004,Healthy
125,118.55,6.450000000000003,6.450000000000003,Healthy
125,116.14,8.86,8.86,Healthy
125,121.06,3.9399999999999977,3.9399999999999977,Healthy
125,119.98,5.019999999999996,5.019999999999996,Healthy
125,121.56,3.4399999999999977,3.4399999999999977,Healthy
125,122.68,2.319999999999993,2.319999999999993,Healthy
125,123.2,1.7999999999999972,1.7999999999999972,Healthy
125,124.33,0.6700000000000017,0.6700000000000017,Healthy
125,123.15,1.8499999999999943,1.8499999999999943,Healthy
125,117.06,7.939999999999998,7.939999999999998,Healthy
125,120.57,4.430000000000007,4.430000000000007,Healthy
125,123.4,1.5999999999999943,1.5999999999999943,Healthy
125,123.6,1.4000000000000057,1.4000000000000057,Healthy
125,120.92,4.079999999999998,4.079999999999998,Healthy
125,118.57,6.430000000000007,6.430000000000007,Healthy
125,119.55,5.450000000000003,5.450000000000003,Healthy
125,115.76,9.239999999999995,9.239999999999995,Healthy
125,115.31,9.689999999999998,9.689999999999998,Healthy
125,119.31,5.689999999999998,5.689999999999998,Healthy
125,115.54,9.459999999999994,9.459999999999994,Healthy
125,118.87,6.1299999999999955,6.1299999999999955,Healthy
125,115.33,9.670000000000002,9.670000000000002,Healthy
125,113.81,11.189999999999998,11.189999999999998,Healthy
125,113.4,11.599999999999994,11.599999999999994,Healthy
125,116.67,8.329999999999998,8.329999999999998,Healthy
125,107.66,17.340000000000003,17.340000000000003,Healthy
125,118.15,6.849999999999994,6.849999999999994,Healthy
125,116.09,8.909999999999997,8.909999999999997,Healthy
125,115.79,9.209999999999994,9.209999999999994,Healthy
125,116.54,8.459999999999994,8.459999999999994,Healthy
125,112.46,12.540000000000006,12.540000000000006,Healthy
125,115.1,9.900000000000006,9.900000000000006,Healthy
125,111.05,13.950000000000003,13.950000000000003,Healthy
125,112.85,12.150000000000006,12.150000000000006,Healthy
125,110.27,14.730000000000004,14.730000000000004,Healthy
125,115.09,9.909999999999997,9.909999999999997,Healthy
124,104.45,19.549999999999997,19.549999999999997,Healthy
123,118.36,4.640000000000001,4.640000000000001,Healthy
122,118.04,3.9599999999999937,3.9599999999999937,Healthy
121,106.19,14.810000000000002,14.810000000000002,Healthy
120,114.44,5.560000000000002,5.560000000000002,Healthy
119,113.38,5.6200000000000045,5.6200000000000045,Healthy
118,109.58,8.420000000000002,8.420000000000002,Healthy
117,110.16,6.840000000000003,6.840000000000003,Healthy
116,106.46,9.540000000000006,9.540000000000006,Healthy
115,94.19,20.810000000000002,20.810000000000002,Healthy
114,98.47,15.530000000000001,15.530000000000001,Healthy
113,90.13,22.870000000000005,22.870000000000005,Healthy
112,82.81,29.189999999999998,29.189999999999998,Healthy
111,88.21,22.790000000000006,22.790000000000006,Healthy
110,91.82,18.180000000000007,18.180000000000007,Healthy
109,93.2,15.799999999999997,15.799999999999997,Healthy
108,101.99,6.010000000000005,6.010000000000005,Healthy
107,89.34,17.659999999999997,17.659999999999997,Healthy
106,92.19,13.810000000000002,13.810000000000002,Healthy
105,90.52,14.480000000000004,14.480000000000004,Healthy
104,93.58,10.420000000000002,10.420000000000002,Healthy
103,96.69,6.310000000000002,6.310000000000002,Healthy
102,91.47,10.530000000000001,10.530000000000001,Healthy
101,90.08,10.920000000000002,10.920000000000002,Healthy
100,92.26,7.739999999999995,7.739999999999995,Healthy
99,83.43,15.569999999999993,15.569999999999993,Healthy
98,94.85,3.1500000000000057,3.1500000000000057,Healthy
97,94.35,2.6500000000000057,2.6500000000000057,Healthy
96,94.0,2.0,2.0,Healthy
95,98.72,-3.719999999999999,3.719999999999999,Healthy
94,90.65,3.3499999999999943,3.3499999999999943,Healthy
93,88.62,4.3799999999999955,4.3799999999999955,Healthy
92,90.34,1.6599999999999966,1.6599999999999966,Healthy
91,94.12,-3.1200000000000045,3.1200000000000045,Healthy
90,96.85,-6.849999999999994,6.849999999999994,Healthy
89,89.25,-0.25,0.25,Healthy
88,94.48,-6.480000000000004,6.480000000000004,Healthy
87,89.36,-2.3599999999999994,2.3599999999999994,Healthy
86,86.95,-0.9500000000000028,0.9500000000000028,Healthy
85,82.42,2.5799999999999983,2.5799999999999983,Healthy
84,70.29,13.709999999999994,13.709999999999994,Maintenance Soon
83,81.03,1.9699999999999989,1.9699999999999989,Healthy
82,83.61,-1.6099999999999994,1.6099999999999994,Healthy
81,82.53,-1.5300000000000011,1.5300000000000011,Healthy
80,81.33,-1.3299999999999983,1.3299999999999983,Healthy
79,80.09,-1.0900000000000034,1.0900000000000034,Healthy
78,83.08,-5.079999999999998,5.079999999999998,Healthy
77,85.7,-8.700000000000003,8.700000000000003,Healthy
76,85.34,-9.340000000000003,9.340000000000003,Healthy
75,77.52,-2.519999999999996,2.519999999999996,Healthy
74,87.52,-13.519999999999996,13.519999999999996,Healthy
73,85.22,-12.219999999999999,12.219999999999999,Healthy
72,75.84,-3.8400000000000034,3.8400000000000034,Healthy
71,61.76,9.240000000000002,9.240000000000002,Maintenance Soon
70,71.45,-1.4500000000000028,1.4500000000000028,Maintenance Soon
69,72.53,-3.530000000000001,3.530000000000001,Maintenance Soon
68,62.38,5.619999999999997,5.619999999999997,Maintenance Soon
67,68.39,-1.3900000000000006,1.3900000000000006,Maintenance Soon
66,75.16,-9.159999999999997,9.159999999999997,Healthy
65,73.8,-8.799999999999997,8.799999999999997,Maintenance Soon
64,77.47,-13.469999999999999,13.469999999999999,Healthy
63,77.63,-14.629999999999995,14.629999999999995,Healthy
62,69.12,-7.1200000000000045,7.1200000000000045,Maintenance Soon
61,63.44,-2.4399999999999977,2.4399999999999977,Maintenance Soon
60,67.71,-7.709999999999994,7.709999999999994,Maintenance Soon
59,63.21,-4.210000000000001,4.210000000000001,Maintenance Soon
58,58.03,-0.030000000000001137,0.030000000000001137,Maintenance Soon
57,55.73,1.2700000000000031,1.2700000000000031,Maintenance Soon
56,54.88,1.1199999999999974,1.1199999999999974,Maintenance Soon
55,55.91,-0.9099999999999966,0.9099999999999966,Maintenance Soon
54,54.87,-0.8699999999999974,0.8699999999999974,Maintenance Soon
53,44.93,8.07,8.07,Maintenance Soon
52,49.51,2.490000000000002,2.490000000000002,Maintenance Soon
51,51.74,-0.740000000000002,0.740000000000002,Maintenance Soon
50,45.5,4.5,4.5,Maintenance Soon
49,51.23,-2.229999999999997,2.229999999999997,Maintenance Soon
48,47.98,0.020000000000003126,0.020000000000003126,Maintenance Soon
47,43.47,3.530000000000001,3.530000000000001,Maintenance Soon
46,43.09,2.9099999999999966,2.9099999999999966,Maintenance Soon
45,41.36,3.6400000000000006,3.6400000000000006,Maintenance Soon
44,43.99,0.00999999999999801,0.00999999999999801,Maintenance Soon
43,40.69,2.3100000000000023,2.3100000000000023,Maintenance Soon
42,39.23,2.770000000000003,2.770000000000003,Maintenance Soon
41,34.62,6.380000000000003,6.380000000000003,Maintenance Soon
40,35.7,4.299999999999997,4.299999999999997,Maintenance Soon
39,37.1,1.8999999999999986,1.8999999999999986,Maintenance Soon
38,38.93,-0.9299999999999997,0.9299999999999997,Maintenance Soon
37,39.3,-2.299999999999997,2.299999999999997,Maintenance Soon
36,39.15,-3.1499999999999986,3.1499999999999986,Maintenance Soon
35,38.88,-3.8800000000000026,3.8800000000000026,Maintenance Soon
34,31.05,2.9499999999999993,2.9499999999999993,Maintenance Soon
33,29.97,3.030000000000001,3.030000000000001,Critical
32,30.95,1.0500000000000007,1.0500000000000007,Maintenance Soon
31,30.17,0.8299999999999983,0.8299999999999983,Maintenance Soon
30,29.78,0.21999999999999886,0.21999999999999886,Critical
29,26.25,2.75,2.75,Critical
28,26.99,1.0100000000000016,1.0100000000000016,Critical
27,29.3,-2.3000000000000007,2.3000000000000007,Critical
26,25.73,0.2699999999999996,0.2699999999999996,Critical
25,21.8,3.1999999999999993,3.1999999999999993,Critical
24,24.07,-0.07000000000000028,0.07000000000000028,Critical
23,22.95,0.05000000000000071,0.05000000000000071,Critical
22,24.44,-2.4400000000000013,2.4400000000000013,Critical
21,22.58,-1.5799999999999983,1.5799999999999983,Critical
20,20.31,-0.3099999999999987,0.3099999999999987,Critical
19,20.47,-1.4699999999999989,1.4699999999999989,Critical
18,20.28,-2.280000000000001,2.280000000000001,Critical
17,16.22,0.7800000000000011,0.7800000000000011,Critical
16,16.34,-0.33999999999999986,0.33999999999999986,Critical
15,16.43,-1.4299999999999997,1.4299999999999997,Critical
14,13.38,0.6199999999999992,0.6199999999999992,Critical
13,13.87,-0.8699999999999992,0.8699999999999992,Critical
12,12.65,-0.6500000000000004,0.6500000000000004,Critical
11,11.56,-0.5600000000000005,0.5600000000000005,Critical
10,10.61,-0.6099999999999994,0.6099999999999994,Critical
9,11.09,-2.09,2.09,Critical
8,9.85,-1.8499999999999996,1.8499999999999996,Critical
7,10.26,-3.26,3.26,Critical
6,9.9,-3.9000000000000004,3.9000000000000004,Critical
5,7.44,-2.4400000000000004,2.4400000000000004,Critical
4,5.4,-1.4000000000000004,1.4000000000000004,Critical
3,4.38,-1.38,1.38,Critical
2,1.99,0.010000000000000009,0.010000000000000009,Critical
1,1.69,-0.69,0.69,Critical
0,1.35,-1.35,1.35,Critical
125,124.99,0.010000000000005116,0.010000000000005116,Healthy
125,124.8,0.20000000000000284,0.20000000000000284,Healthy
125,124.83,0.1700000000000017,0.1700000000000017,Healthy
125,124.5,0.5,0.5,Healthy
125,124.8,0.20000000000000284,0.20000000000000284,Healthy
125,124.64,0.35999999999999943,0.35999999999999943,Healthy
125,124.75,0.25,0.25,Healthy
125,125.0,0.0,0.0,Healthy
125,124.83,0.1700000000000017,0.1700000000000017,Healthy
125,125.0,0.0,0.0,Healthy
125,124.43,0.5699999999999932,0.5699999999999932,Healthy
125,124.82,0.18000000000000682,0.18000000000000682,Healthy
125,124.86,0.14000000000000057,0.14000000000000057,Healthy
125,125.0,0.0,0.0,Healthy
125,125.0,0.0,0.0,Healthy
125,124.72,0.28000000000000114,0.28000000000000114,Healthy
125,124.55,0.45000000000000284,0.45000000000000284,Healthy
125,125.0,0.0,0.0,Healthy
125,125.0,0.0,0.0,Healthy
125,124.82,0.18000000000000682,0.18000000000000682,Healthy
125,124.84,0.1599999999999966,0.1599999999999966,Healthy
125,124.57,0.4300000000000068,0.4300000000000068,Healthy
125,124.53,0.46999999999999886,0.46999999999999886,Healthy
125,124.76,0.23999999999999488,0.23999999999999488,Healthy
125,124.16,0.8400000000000034,0.8400000000000034,Healthy
125,124.11,0.8900000000000006,0.8900000000000006,Healthy
125,122.49,2.510000000000005,2.510000000000005,Healthy
125,122.71,2.2900000000000063,2.2900000000000063,Healthy
125,122.25,2.75,2.75,Healthy
125,122.54,2.4599999999999937,2.4599999999999937,Healthy
125,122.83,2.1700000000000017,2.1700000000000017,Healthy
125,123.6,1.4000000000000057,1.4000000000000057,Healthy
125,122.36,2.6400000000000006,2.6400000000000006,Healthy
125,123.03,1.9699999999999989,1.9699999999999989,Healthy
125,124.51,0.4899999999999949,0.4899999999999949,Healthy
125,123.33,1.6700000000000017,1.6700000000000017,Healthy
125,122.97,2.030000000000001,2.030000000000001,Healthy
124,121.51,2.489999999999995,2.489999999999995,Healthy
123,122.69,0.3100000000000023,0.3100000000000023,Healthy
122,121.32,0.6800000000000068,0.6800000000000068,Healthy
121,122.2,-1.2000000000000028,1.2000000000000028,Healthy
120,123.65,-3.6500000000000057,3.6500000000000057,Healthy
119,120.76,-1.7600000000000051,1.7600000000000051,Healthy
118,122.38,-4.3799999999999955,4.3799999999999955,Healthy
117,119.64,-2.6400000000000006,2.6400000000000006,Healthy
116,122.89,-6.890000000000001,6.890000000000001,Healthy
115,117.96,-2.9599999999999937,2.9599999999999937,Healthy
114,119.18,-5.180000000000007,5.180000000000007,Healthy
113,118.76,-5.760000000000005,5.760000000000005,Healthy
112,112.85,-0.8499999999999943,0.8499999999999943,Healthy
111,117.18,-6.180000000000007,6.180000000000007,Healthy
110,112.42,-2.4200000000000017,2.4200000000000017,Healthy
109,117.57,-8.569999999999993,8.569999999999993,Healthy
108,118.48,-10.480000000000004,10.480000000000004,Healthy
107,121.63,-14.629999999999995,14.629999999999995,Healthy
106,119.49,-13.489999999999995,13.489999999999995,Healthy
105,117.31,-12.310000000000002,12.310000000000002,Healthy
104,119.89,-15.89,15.89,Healthy
103,114.87,-11.870000000000005,11.870000000000005,Healthy
102,115.04,-13.040000000000006,13.040000000000006,Healthy
101,114.71,-13.709999999999994,13.709999999999994,Healthy
100,112.99,-12.989999999999995,12.989999999999995,Healthy
99,112.69,-13.689999999999998,13.689999999999998,Healthy
98,108.52,-10.519999999999996,10.519999999999996,Healthy
97,107.57,-10.569999999999993,10.569999999999993,Healthy
96,108.82,-12.819999999999993,12.819999999999993,Healthy
95,112.52,-17.519999999999996,17.519999999999996,Healthy
94,107.97,-13.969999999999999,13.969999999999999,Healthy
93,110.37,-17.370000000000005,17.370000000000005,Healthy
92,115.97,-23.97,23.97,Healthy
91,114.91,-23.909999999999997,23.909999999999997,Healthy
90,117.23,-27.230000000000004,27.230000000000004,Healthy
89,115.3,-26.299999999999997,26.299999999999997,Healthy
88,108.57,-20.569999999999993,20.569999999999993,Healthy
87,111.91,-24.909999999999997,24.909999999999997,Healthy
86,114.34,-28.340000000000003,28.340000000000003,Healthy
85,107.97,-22.97,22.97,Healthy
84,105.2,-21.200000000000003,21.200000000000003,Healthy
83,101.41,-18.409999999999997,18.409999999999997,Healthy
82,108.6,-26.599999999999994,26.599999999999994,Healthy
81,107.52,-26.519999999999996,26.519999999999996,Healthy
80,109.03,-29.03,29.03,Healthy
79,104.45,-25.450000000000003,25.450000000000003,Healthy
78,102.22,-24.22,24.22,Healthy
77,98.98,-21.980000000000004,21.980000000000004,Healthy
76,95.38,-19.379999999999995,19.379999999999995,Healthy
75,105.29,-30.290000000000006,30.290000000000006,Healthy
74,101.97,-27.97,27.97,Healthy
73,98.37,-25.370000000000005,25.370000000000005,Healthy
72,94.37,-22.370000000000005,22.370000000000005,Healthy
71,95.66,-24.659999999999997,24.659999999999997,Healthy
70,95.68,-25.680000000000007,25.680000000000007,Healthy
69,93.25,-24.25,24.25,Healthy
68,95.26,-27.260000000000005,27.260000000000005,Healthy
67,94.49,-27.489999999999995,27.489999999999995,Healthy
66,97.99,-31.989999999999995,31.989999999999995,Healthy
65,98.29,-33.290000000000006,33.290000000000006,Healthy
64,95.06,-31.060000000000002,31.060000000000002,Healthy
63,91.95,-28.950000000000003,28.950000000000003,Healthy
62,99.38,-37.379999999999995,37.379999999999995,Healthy
61,93.12,-32.120000000000005,32.120000000000005,Healthy
60,94.01,-34.010000000000005,34.010000000000005,Healthy
59,95.68,-36.68000000000001,36.68000000000001,Healthy
58,90.18,-32.18000000000001,32.18000000000001,Healthy
57,94.09,-37.09,37.09,Healthy
56,87.91,-31.909999999999997,31.909999999999997,Healthy
55,85.89,-30.89,30.89,Healthy
54,89.26,-35.260000000000005,35.260000000000005,Healthy
53,79.59,-26.590000000000003,26.590000000000003,Healthy
52,91.48,-39.480000000000004,39.480000000000004,Healthy
51,77.16,-26.159999999999997,26.159999999999997,Healthy
50,92.73,-42.730000000000004,42.730000000000004,Healthy
49,88.97,-39.97,39.97,Healthy
48,89.64,-41.64,41.64,Healthy
47,77.42,-30.42,30.42,Healthy
46,86.94,-40.94,40.94,Healthy
45,81.19,-36.19,36.19,Healthy
44,77.73,-33.730000000000004,33.730000000000004,Healthy
43,77.3,-34.3,34.3,Healthy
42,76.83,-34.83,34.83,Healthy
41,82.22,-41.22,41.22,Healthy
40,80.58,-40.58,40.58,Healthy
39,81.79,-42.790000000000006,42.790000000000006,Healthy
38,79.39,-41.39,41.39,Healthy
37,81.59,-44.59,44.59,Healthy
36,80.96,-44.959999999999994,44.959999999999994,Healthy
35,72.71,-37.709999999999994,37.709999999999994,Maintenance Soon
34,76.01,-42.010000000000005,42.010000000000005,Healthy
33,67.93,-34.93000000000001,34.93000000000001,Maintenance Soon
32,65.12,-33.120000000000005,33.120000000000005,Maintenance Soon
31,66.09,-35.09,35.09,Maintenance Soon
30,61.46,-31.46,31.46,Maintenance Soon
29,61.65,-32.65,32.65,Maintenance Soon
28,61.49,-33.49,33.49,Maintenance Soon
27,53.51,-26.509999999999998,26.509999999999998,Maintenance Soon
26,49.61,-23.61,23.61,Maintenance Soon
25,48.07,-23.07,23.07,Maintenance Soon
24,32.3,-8.299999999999997,8.299999999999997,Maintenance Soon
23,34.86,-11.86,11.86,Maintenance Soon
22,33.92,-11.920000000000002,11.920000000000002,Maintenance Soon
21,33.77,-12.770000000000003,12.770000000000003,Maintenance Soon
20,37.74,-17.740000000000002,17.740000000000002,Maintenance Soon
19,38.82,-19.82,19.82,Maintenance Soon
18,33.18,-15.18,15.18,Maintenance Soon
17,32.43,-15.43,15.43,Maintenance Soon
16,28.96,-12.96,12.96,Critical
15,31.14,-16.14,16.14,Maintenance Soon
14,29.42,-15.420000000000002,15.420000000000002,Critical
13,20.35,-7.350000000000001,7.350000000000001,Critical
12,23.85,-11.850000000000001,11.850000000000001,Critical
11,19.25,-8.25,8.25,Critical
10,15.91,-5.91,5.91,Critical
9,14.28,-5.279999999999999,5.279999999999999,Critical
8,13.44,-5.4399999999999995,5.4399999999999995,Critical
7,12.54,-5.539999999999999,5.539999999999999,Critical
6,8.15,-2.1500000000000004,2.1500000000000004,Critical
5,7.25,-2.25,2.25,Critical
4,4.63,-0.6299999999999999,0.6299999999999999,Critical
3,3.48,-0.48,0.48,Critical
2,1.44,0.56,0.56,Critical
1,3.76,-2.76,2.76,Critical
0,3.16,-3.16,3.16,Critical
125,124.35,0.6500000000000057,0.6500000000000057,Healthy
125,124.47,0.5300000000000011,0.5300000000000011,Healthy
125,123.75,1.25,1.25,Healthy
125,123.83,1.1700000000000017,1.1700000000000017,Healthy
125,124.09,0.9099999999999966,0.9099999999999966,Healthy
125,124.03,0.9699999999999989,0.9699999999999989,Healthy
125,124.82,0.18000000000000682,0.18000000000000682,Healthy
125,124.79,0.20999999999999375,0.20999999999999375,Healthy
125,124.83,0.1700000000000017,0.1700000000000017,Healthy
125,124.09,0.9099999999999966,0.9099999999999966,Healthy
125,124.71,0.29000000000000625,0.29000000000000625,Healthy
125,123.16,1.8400000000000034,1.8400000000000034,Healthy
125,124.08,0.9200000000000017,0.9200000000000017,Healthy
125,124.83,0.1700000000000017,0.1700000000000017,Healthy
125,124.6,0.4000000000000057,0.4000000000000057,Healthy
125,124.64,0.35999999999999943,0.35999999999999943,Healthy
125,123.54,1.4599999999999937,1.4599999999999937,Healthy
125,124.64,0.35999999999999943,0.35999999999999943,Healthy
125,124.36,0.6400000000000006,0.6400000000000006,Healthy
125,124.03,0.9699999999999989,0.9699999999999989,Healthy
125,124.76,0.23999999999999488,0.23999999999999488,Healthy
125,124.7,0.29999999999999716,0.29999999999999716,Healthy
125,124.6,0.4000000000000057,0.4000000000000057,Healthy
125,124.65,0.3499999999999943,0.3499999999999943,Healthy
125,123.87,1.1299999999999955,1.1299999999999955,Healthy
124,122.93,1.0699999999999932,1.0699999999999932,Healthy
123,123.93,-0.9300000000000068,0.9300000000000068,Healthy
122,124.55,-2.549999999999997,2.549999999999997,Healthy
121,117.69,3.3100000000000023,3.3100000000000023,Healthy
120,115.91,4.090000000000003,4.090000000000003,Healthy
119,115.9,3.0999999999999943,3.0999999999999943,Healthy
118,117.17,0.8299999999999983,0.8299999999999983,Healthy
117,111.93,5.069999999999993,5.069999999999993,Healthy
116,123.0,-7.0,7.0,Healthy
115,123.16,-8.159999999999997,8.159999999999997,Healthy
114,123.03,-9.030000000000001,9.030000000000001,Healthy
113,123.65,-10.650000000000006,10.650000000000006,Healthy
112,123.07,-11.069999999999993,11.069999999999993,Healthy
111,124.22,-13.219999999999999,13.219999999999999,Healthy
110,124.35,-14.349999999999994,14.349999999999994,Healthy
109,122.55,-13.549999999999997,13.549999999999997,Healthy
108,123.67,-15.670000000000002,15.670000000000002,Healthy
107,121.51,-14.510000000000005,14.510000000000005,Healthy
106,119.04,-13.040000000000006,13.040000000000006,Healthy
105,120.34,-15.340000000000003,15.340000000000003,Healthy
104,122.18,-18.180000000000007,18.180000000000007,Healthy
103,122.04,-19.040000000000006,19.040000000000006,Healthy
102,122.37,-20.370000000000005,20.370000000000005,Healthy
101,123.01,-22.010000000000005,22.010000000000005,Healthy
100,119.79,-19.790000000000006,19.790000000000006,Healthy
99,120.34,-21.340000000000003,21.340000000000003,Healthy
98,120.66,-22.659999999999997,22.659999999999997,Healthy
97,119.01,-22.010000000000005,22.010000000000005,Healthy
96,122.37,-26.370000000000005,26.370000000000005,Healthy
95,119.51,-24.510000000000005,24.510000000000005,Healthy
94,117.98,-23.980000000000004,23.980000000000004,Healthy
93,121.39,-28.39,28.39,Healthy
92,118.11,-26.11,26.11,Healthy
91,115.7,-24.700000000000003,24.700000000000003,Healthy
90,117.64,-27.64,27.64,Healthy
89,116.17,-27.17,27.17,Healthy
88,117.81,-29.810000000000002,29.810000000000002,Healthy
87,120.92,-33.92,33.92,Healthy
86,114.62,-28.620000000000005,28.620000000000005,Healthy
85,117.09,-32.09,32.09,Healthy
84,115.39,-31.39,31.39,Healthy
83,104.15,-21.150000000000006,21.150000000000006,Healthy
82,98.56,-16.560000000000002,16.560000000000002,Healthy
81,94.2,-13.200000000000003,13.200000000000003,Healthy
80,105.28,-25.28,25.28,Healthy
79,101.34,-22.340000000000003,22.340000000000003,Healthy
78,110.7,-32.7,32.7,Healthy
77,110.09,-33.09,33.09,Healthy
76,116.47,-40.47,40.47,Healthy
75,110.33,-35.33,35.33,Healthy
74,114.35,-40.349999999999994,40.349999999999994,Healthy
73,111.12,-38.120000000000005,38.120000000000005,Healthy
72,112.57,-40.56999999999999,40.56999999999999,Healthy
71,111.16,-40.16,40.16,Healthy
70,112.58,-42.58,42.58,Healthy
69,115.25,-46.25,46.25,Healthy
68,115.34,-47.34,47.34,Healthy
67,112.0,-45.0,45.0,Healthy
66,111.33,-45.33,45.33,Healthy
65,99.33,-34.33,34.33,Healthy
64,109.33,-45.33,45.33,Healthy
63,98.83,-35.83,35.83,Healthy
62,96.42,-34.42,34.42,Healthy
61,103.9,-42.900000000000006,42.900000000000006,Healthy
60,91.45,-31.450000000000003,31.450000000000003,Healthy
59,75.74,-16.739999999999995,16.739999999999995,Healthy
58,82.39,-24.39,24.39,Healthy
57,82.63,-25.629999999999995,25.629999999999995,Healthy
56,74.08,-18.08,18.08,Maintenance Soon
55,77.25,-22.25,22.25,Healthy
54,82.96,-28.959999999999994,28.959999999999994,Healthy
53,88.0,-35.0,35.0,Healthy
52,87.23,-35.230000000000004,35.230000000000004,Healthy
51,89.24,-38.239999999999995,38.239999999999995,Healthy
50,93.49,-43.489999999999995,43.489999999999995,Healthy
49,80.04,-31.040000000000006,31.040000000000006,Healthy
48,82.5,-34.5,34.5,Healthy
47,82.5,-35.5,35.5,Healthy
46,74.38,-28.379999999999995,28.379999999999995,Maintenance Soon
45,72.64,-27.64,27.64,Maintenance Soon
44,70.32,-26.319999999999993,26.319999999999993,Maintenance Soon
43,66.63,-23.629999999999995,23.629999999999995,Maintenance Soon
42,58.41,-16.409999999999997,16.409999999999997,Maintenance Soon
41,67.79,-26.790000000000006,26.790000000000006,Maintenance Soon
40,60.69,-20.689999999999998,20.689999999999998,Maintenance Soon
39,57.42,-18.42,18.42,Maintenance Soon
38,59.29,-21.29,21.29,Maintenance Soon
37,54.73,-17.729999999999997,17.729999999999997,Maintenance Soon
36,56.44,-20.439999999999998,20.439999999999998,Maintenance Soon
35,51.31,-16.310000000000002,16.310000000000002,Maintenance Soon
34,52.38,-18.380000000000003,18.380000000000003,Maintenance Soon
33,44.43,-11.43,11.43,Maintenance Soon
32,42.12,-10.119999999999997,10.119999999999997,Maintenance Soon
31,56.07,-25.07,25.07,Maintenance Soon
30,38.79,-8.79,8.79,Maintenance Soon
29,37.92,-8.920000000000002,8.920000000000002,Maintenance Soon
28,39.17,-11.170000000000002,11.170000000000002,Maintenance Soon
27,32.59,-5.590000000000003,5.590000000000003,Maintenance Soon
26,27.01,-1.0100000000000016,1.0100000000000016,Critical
25,25.61,-0.6099999999999994,0.6099999999999994,Critical
24,24.8,-0.8000000000000007,0.8000000000000007,Critical
23,24.9,-1.8999999999999986,1.8999999999999986,Critical
22,23.22,-1.2199999999999989,1.2199999999999989,Critical
21,26.8,-5.800000000000001,5.800000000000001,Critical
20,25.58,-5.579999999999998,5.579999999999998,Critical
19,26.6,-7.600000000000001,7.600000000000001,Critical
18,25.36,-7.359999999999999,7.359999999999999,Critical
17,24.71,-7.710000000000001,7.710000000000001,Critical
16,23.7,-7.699999999999999,7.699999999999999,Critical
15,25.89,-10.89,10.89,Critical
14,21.94,-7.940000000000001,7.940000000000001,Critical
13,18.48,-5.48,5.48,Critical
12,20.52,-8.52,8.52,Critical
11,19.11,-8.11,8.11,Critical
10,18.02,-8.02,8.02,Critical
9,14.69,-5.6899999999999995,5.6899999999999995,Critical
8,12.1,-4.1,4.1,Critical
7,10.24,-3.24,3.24,Critical
6,8.34,-2.34,2.34,Critical
5,6.25,-1.25,1.25,Critical
4,5.56,-1.5599999999999996,1.5599999999999996,Critical
3,5.78,-2.7800000000000002,2.7800000000000002,Critical
2,3.21,-1.21,1.21,Critical
1,2.33,-1.33,1.33,Critical
0,4.24,-4.24,4.24,Critical
125,124.82,0.18000000000000682,0.18000000000000682,Healthy
125,124.12,0.8799999999999955,0.8799999999999955,Healthy
125,125.0,0.0,0.0,Healthy
125,124.47,0.5300000000000011,0.5300000000000011,Healthy
125,124.06,0.9399999999999977,0.9399999999999977,Healthy
125,125.0,0.0,0.0,Healthy
125,125.0,0.0,0.0,Healthy
125,124.9,0.09999999999999432,0.09999999999999432,Healthy
125,125.0,0.0,0.0,Healthy
125,125.0,0.0,0.0,Healthy
125,125.0,0.0,0.0,Healthy
125,125.0,0.0,0.0,Healthy
125,125.0,0.0,0.0,Healthy
125,124.9,0.09999999999999432,0.09999999999999432,Healthy
125,124.98,0.01999999999999602,0.01999999999999602,Healthy
125,124.74,0.2600000000000051,0.2600000000000051,Healthy
125,124.87,0.12999999999999545,0.12999999999999545,Healthy
125,124.6,0.4000000000000057,0.4000000000000057,Healthy
125,124.88,0.12000000000000455,0.12000000000000455,Healthy
125,124.84,0.1599999999999966,0.1599999999999966,Healthy
125,125.0,0.0,0.0,Healthy
125,125.0,0.0,0.0,Healthy
125,124.87,0.12999999999999545,0.12999999999999545,Healthy
125,124.91,0.09000000000000341,0.09000000000000341,Healthy
125,124.89,0.10999999999999943,0.10999999999999943,Healthy
125,124.84,0.1599999999999966,0.1599999999999966,Healthy
125,124.76,0.23999999999999488,0.23999999999999488,Healthy
125,124.28,0.7199999999999989,0.7199999999999989,Healthy
125,123.22,1.7800000000000011,1.7800000000000011,Healthy
125,124.27,0.730000000000004,0.730000000000004,Healthy
125,122.08,2.9200000000000017,2.9200000000000017,Healthy
125,120.86,4.140000000000001,4.140000000000001,Healthy
125,121.28,3.719999999999999,3.719999999999999,Healthy
125,120.53,4.469999999999999,4.469999999999999,Healthy
125,123.62,1.3799999999999955,1.3799999999999955,Healthy
125,120.84,4.159999999999997,4.159999999999997,Healthy
125,123.53,1.4699999999999989,1.4699999999999989,Healthy
125,124.71,0.29000000000000625,0.29000000000000625,Healthy
125,124.58,0.4200000000000017,0.4200000000000017,Healthy
125,124.37,0.6299999999999955,0.6299999999999955,Healthy
125,120.11,4.890000000000001,4.890000000000001,Healthy
125,123.53,1.4699999999999989,1.4699999999999989,Healthy
125,122.41,2.5900000000000034,2.5900000000000034,Healthy
125,120.83,4.170000000000002,4.170000000000002,Healthy
125,120.48,4.519999999999996,4.519999999999996,Healthy
125,124.14,0.8599999999999994,0.8599999999999994,Healthy
125,123.24,1.7600000000000051,1.7600000000000051,Healthy
125,122.22,2.780000000000001,2.780000000000001,Healthy
125,122.7,2.299999999999997,2.299999999999997,Healthy
125,123.6,1.4000000000000057,1.4000000000000057,Healthy
125,122.75,2.25,2.25,Healthy
125,124.16,0.8400000000000034,0.8400000000000034,Healthy
125,124.22,0.7800000000000011,0.7800000000000011,Healthy
125,122.51,2.489999999999995,2.489999999999995,Healthy
125,123.42,1.5799999999999983,1.5799999999999983,Healthy
125,121.11,3.8900000000000006,3.8900000000000006,Healthy
125,121.32,3.680000000000007,3.680000000000007,Healthy
125,120.8,4.200000000000003,4.200000000000003,Healthy
125,121.85,3.1500000000000057,3.1500000000000057,Healthy
125,115.43,9.569999999999993,9.569999999999993,Healthy
125,121.25,3.75,3.75,Healthy
125,121.44,3.5600000000000023,3.5600000000000023,Healthy
125,120.76,4.239999999999995,4.239999999999995,Healthy
125,121.97,3.030000000000001,3.030000000000001,Healthy
125,123.95,1.0499999999999972,1.0499999999999972,Healthy
125,122.54,2.4599999999999937,2.4599999999999937,Healthy
125,122.82,2.180000000000007,2.180000000000007,Healthy
125,123.45,1.5499999999999972,1.5499999999999972,Healthy
125,118.28,6.719999999999999,6.719999999999999,Healthy
125,120.79,4.209999999999994,4.209999999999994,Healthy
125,117.92,7.079999999999998,7.079999999999998,Healthy
125,122.09,2.9099999999999966,2.9099999999999966,Healthy
125,120.83,4.170000000000002,4.170000000000002,Healthy
125,121.83,3.1700000000000017,3.1700000000000017,Healthy
125,120.08,4.920000000000002,4.920000000000002,Healthy
125,119.61,5.390000000000001,5.390000000000001,Healthy
125,117.73,7.269999999999996,7.269999999999996,Healthy
125,117.77,7.230000000000004,7.230000000000004,Healthy
125,118.4,6.599999999999994,6.599999999999994,Healthy
125,119.47,5.530000000000001,5.530000000000001,Healthy
125,119.46,5.540000000000006,5.540000000000006,Healthy
125,120.61,4.390000000000001,4.390000000000001,Healthy
125,122.32,2.680000000000007,2.680000000000007,Healthy
125,118.45,6.549999999999997,6.549999999999997,Healthy
125,116.82,8.180000000000007,8.180000000000007,Healthy
125,120.93,4.069999999999993,4.069999999999993,Healthy
125,117.54,7.459999999999994,7.459999999999994,Healthy
125,114.22,10.780000000000001,10.780000000000001,Healthy
125,113.21,11.790000000000006,11.790000000000006,Healthy
125,112.93,12.069999999999993,12.069999999999993,Healthy
125,114.28,10.719999999999999,10.719999999999999,Healthy
125,110.04,14.959999999999994,14.959999999999994,Healthy
125,111.41,13.590000000000003,13.590000000000003,Healthy
125,106.88,18.120000000000005,18.120000000000005,Healthy
125,105.76,19.239999999999995,19.239999999999995,Healthy
125,102.61,22.39,22.39,Healthy
125,108.27,16.730000000000004,16.730000000000004,Healthy
125,112.24,12.760000000000005,12.760000000000005,Healthy
125,105.85,19.150000000000006,19.150000000000006,Healthy
125,108.01,16.989999999999995,16.989999999999995,Healthy
125,110.76,14.239999999999995,14.239999999999995,Healthy
125,107.59,17.409999999999997,17.409999999999997,Healthy
124,102.41,21.590000000000003,21.590000000000003,Healthy
123,109.26,13.739999999999995,13.739999999999995,Healthy
122,110.67,11.329999999999998,11.329999999999998,Healthy
121,107.62,13.379999999999995,13.379999999999995,Healthy
120,108.6,11.400000000000006,11.400000000000006,Healthy
119,105.17,13.829999999999998,13.829999999999998,Healthy
118,108.29,9.709999999999994,9.709999999999994,Healthy
117,107.47,9.530000000000001,9.530000000000001,Healthy
116,113.13,2.8700000000000045,2.8700000000000045,Healthy
115,108.1,6.900000000000006,6.900000000000006,Healthy
114,113.99,0.010000000000005116,0.010000000000005116,Healthy
113,102.36,10.64,10.64,Healthy
112,102.93,9.069999999999993,9.069999999999993,Healthy
111,101.72,9.280000000000001,9.280000000000001,Healthy
110,101.96,8.040000000000006,8.040000000000006,Healthy
109,94.3,14.700000000000003,14.700000000000003,Healthy
108,98.99,9.010000000000005,9.010000000000005,Healthy
107,104.0,3.0,3.0,Healthy
106,101.72,4.280000000000001,4.280000000000001,Healthy
105,104.94,0.060000000000002274,0.060000000000002274,Healthy
104,104.38,-0.37999999999999545,0.37999999999999545,Healthy
103,102.06,0.9399999999999977,0.9399999999999977,Healthy
102,103.99,-1.9899999999999949,1.9899999999999949,Healthy
101,106.13,-5.1299999999999955,5.1299999999999955,Healthy
100,111.53,-11.530000000000001,11.530000000000001,Healthy
99,104.55,-5.549999999999997,5.549999999999997,Healthy
98,110.43,-12.430000000000007,12.430000000000007,Healthy
97,95.93,1.0699999999999932,1.0699999999999932,Healthy
96,100.72,-4.719999999999999,4.719999999999999,Healthy
95,101.4,-6.400000000000006,6.400000000000006,Healthy
94,103.63,-9.629999999999995,9.629999999999995,Healthy
93,114.16,-21.159999999999997,21.159999999999997,Healthy
92,115.5,-23.5,23.5,Healthy
91,106.96,-15.959999999999994,15.959999999999994,Healthy
90,103.05,-13.049999999999997,13.049999999999997,Healthy
89,99.74,-10.739999999999995,10.739999999999995,Healthy
88,96.83,-8.829999999999998,8.829999999999998,Healthy
87,107.61,-20.61,20.61,Healthy
86,108.76,-22.760000000000005,22.760000000000005,Healthy
85,107.62,-22.620000000000005,22.620000000000005,Healthy
84,109.94,-25.939999999999998,25.939999999999998,Healthy
83,108.25,-25.25,25.25,Healthy
82,108.25,-26.25,26.25,Healthy
81,112.24,-31.239999999999995,31.239999999999995,Healthy
80,103.03,-23.03,23.03,Healthy
79,102.31,-23.310000000000002,23.310000000000002,Healthy
78,101.68,-23.680000000000007,23.680000000000007,Healthy
77,105.49,-28.489999999999995,28.489999999999995,Healthy
76,102.89,-26.89,26.89,Healthy
75,104.91,-29.909999999999997,29.909999999999997,Healthy
74,112.27,-38.269999999999996,38.269999999999996,Healthy
73,111.69,-38.69,38.69,Healthy
72,114.78,-42.78,42.78,Healthy
71,116.65,-45.650000000000006,45.650000000000006,Healthy
70,116.37,-46.370000000000005,46.370000000000005,Healthy
69,115.06,-46.06,46.06,Healthy
68,109.15,-41.150000000000006,41.150000000000006,Healthy
67,112.36,-45.36,45.36,Healthy
66,111.69,-45.69,45.69,Healthy
65,114.22,-49.22,49.22,Healthy
64,102.67,-38.67,38.67,Healthy
63,98.55,-35.55,35.55,Healthy
62,106.81,-44.81,44.81,Healthy
61,96.81,-35.81,35.81,Healthy
60,99.15,-39.150000000000006,39.150000000000006,Healthy
59,92.28,-33.28,33.28,Healthy
58,84.0,-26.0,26.0,Healthy
57,81.51,-24.510000000000005,24.510000000000005,Healthy
56,79.25,-23.25,23.25,Healthy
55,80.89,-25.89,25.89,Healthy
54,78.1,-24.099999999999994,24.099999999999994,Healthy
53,93.52,-40.519999999999996,40.519999999999996,Healthy
52,106.88,-54.879999999999995,54.879999999999995,Healthy
51,87.7,-36.7,36.7,Healthy
50,86.16,-36.16,36.16,Healthy
49,80.17,-31.17,31.17,Healthy
48,71.98,-23.980000000000004,23.980000000000004,Maintenance Soon
47,66.39,-19.39,19.39,Maintenance Soon
46,77.13,-31.129999999999995,31.129999999999995,Healthy
45,75.35,-30.349999999999994,30.349999999999994,Healthy
44,70.9,-26.900000000000006,26.900000000000006,Maintenance Soon
43,72.05,-29.049999999999997,29.049999999999997,Maintenance Soon
42,72.36,-30.36,30.36,Maintenance Soon
41,74.2,-33.2,33.2,Maintenance Soon
40,64.68,-24.680000000000007,24.680000000000007,Maintenance Soon
39,63.17,-24.17,24.17,Maintenance Soon
38,66.0,-28.0,28.0,Maintenance Soon
37,63.74,-26.740000000000002,26.740000000000002,Maintenance Soon
36,69.44,-33.44,33.44,Maintenance Soon
35,71.14,-36.14,36.14,Maintenance Soon
34,68.45,-34.45,34.45,Maintenance Soon
33,63.73,-30.729999999999997,30.729999999999997,Maintenance Soon
32,60.78,-28.78,28.78,Maintenance Soon
31,53.35,-22.35,22.35,Maintenance Soon
30,51.27,-21.270000000000003,21.270000000000003,Maintenance Soon
29,53.07,-24.07,24.07,Maintenance Soon
28,51.89,-23.89,23.89,Maintenance Soon
27,41.95,-14.950000000000003,14.950000000000003,Maintenance Soon
26,46.55,-20.549999999999997,20.549999999999997,Maintenance Soon
25,46.39,-21.39,21.39,Maintenance Soon
24,42.85,-18.85,18.85,Maintenance Soon
23,34.13,-11.130000000000003,11.130000000000003,Maintenance Soon
22,38.6,-16.6,16.6,Maintenance Soon
21,33.6,-12.600000000000001,12.600000000000001,Maintenance Soon
20,27.2,-7.199999999999999,7.199999999999999,Critical
19,23.7,-4.699999999999999,4.699999999999999,Critical
18,22.52,-4.52,4.52,Critical
17,22.26,-5.260000000000002,5.260000000000002,Critical
16,21.06,-5.059999999999999,5.059999999999999,Critical
15,19.75,-4.75,4.75,Critical
14,22.38,-8.379999999999999,8.379999999999999,Critical
13,15.4,-2.4000000000000004,2.4000000000000004,Critical
12,14.17,-2.17,2.17,Critical
11,19.07,-8.07,8.07,Critical
10,16.19,-6.190000000000001,6.190000000000001,Critical
9,16.34,-7.34,7.34,Critical
8,16.9,-8.899999999999999,8.899999999999999,Critical
7,15.25,-8.25,8.25,Critical
6,9.07,-3.0700000000000003,3.0700000000000003,Critical
5,8.39,-3.3900000000000006,3.3900000000000006,Critical
4,6.24,-2.24,2.24,Critical
3,6.28,-3.2800000000000002,3.2800000000000002,Critical
2,2.29,-0.29000000000000004,0.29000000000000004,Critical
1,2.18,-1.1800000000000002,1.1800000000000002,Critical
0,1.48,-1.48,1.48,Critical
125,124.24,0.7600000000000051,0.7600000000000051,Healthy
125,124.25,0.75,0.75,Healthy
125,123.23,1.769999999999996,1.769999999999996,Healthy
125,116.74,8.260000000000005,8.260000000000005,Healthy
125,122.72,2.280000000000001,2.280000000000001,Healthy
125,122.49,2.510000000000005,2.510000000000005,Healthy
125,122.55,2.450000000000003,2.450000000000003,Healthy
125,123.99,1.0100000000000051,1.0100000000000051,Healthy
125,124.97,0.030000000000001137,0.030000000000001137,Healthy
125,125.0,0.0,0.0,Healthy
125,124.99,0.010000000000005116,0.010000000000005116,Healthy
125,124.98,0.01999999999999602,0.01999999999999602,Healthy
125,124.59,0.4099999999999966,0.4099999999999966,Healthy
125,124.48,0.519999999999996,0.519999999999996,Healthy
125,124.89,0.10999999999999943,0.10999999999999943,Healthy
125,125.0,0.0,0.0,Healthy
125,124.99,0.010000000000005116,0.010000000000005116,Healthy
125,125.0,0.0,0.0,Healthy
125,124.72,0.28000000000000114,0.28000000000000114,Healthy
125,125.0,0.0,0.0,Healthy
125,124.97,0.030000000000001137,0.030000000000001137,Healthy
125,124.49,0.5100000000000051,0.5100000000000051,Healthy
125,124.68,0.3199999999999932,0.3199999999999932,Healthy
125,124.77,0.23000000000000398,0.23000000000000398,Healthy
125,125.0,0.0,0.0,Healthy
125,124.69,0.3100000000000023,0.3100000000000023,Healthy
125,124.82,0.18000000000000682,0.18000000000000682,Healthy
125,124.69,0.3100000000000023,0.3100000000000023,Healthy
125,123.46,1.5400000000000063,1.5400000000000063,Healthy
125,124.03,0.9699999999999989,0.9699999999999989,Healthy
125,123.84,1.1599999999999966,1.1599999999999966,Healthy
125,123.75,1.25,1.25,Healthy
125,124.58,0.4200000000000017,0.4200000000000017,Healthy
125,121.84,3.1599999999999966,3.1599999999999966,Healthy
125,122.82,2.180000000000007,2.180000000000007,Healthy
125,121.78,3.219999999999999,3.219999999999999,Healthy
125,119.09,5.909999999999997,5.909999999999997,Healthy
125,117.75,7.25,7.25,Healthy
125,120.65,4.349999999999994,4.349999999999994,Healthy
125,119.2,5.799999999999997,5.799999999999997,Healthy
125,119.64,5.359999999999999,5.359999999999999,Healthy
125,121.78,3.219999999999999,3.219999999999999,Healthy
125,123.57,1.4300000000000068,1.4300000000000068,Healthy
125,121.26,3.739999999999995,3.739999999999995,Healthy
125,121.26,3.739999999999995,3.739999999999995,Healthy
125,117.06,7.939999999999998,7.939999999999998,Healthy
125,120.05,4.950000000000003,4.950000000000003,Healthy
125,114.11,10.89,10.89,Healthy
125,118.5,6.5,6.5,Healthy
125,119.01,5.989999999999995,5.989999999999995,Healthy
125,114.78,10.219999999999999,10.219999999999999,Healthy
125,117.51,7.489999999999995,7.489999999999995,Healthy
125,107.9,17.099999999999994,17.099999999999994,Healthy
125,113.45,11.549999999999997,11.549999999999997,Healthy
125,111.7,13.299999999999997,13.299999999999997,Healthy
125,114.22,10.780000000000001,10.780000000000001,Healthy
125,103.95,21.049999999999997,21.049999999999997,Healthy
125,103.4,21.599999999999994,21.599999999999994,Healthy
125,111.96,13.040000000000006,13.040000000000006,Healthy
125,109.73,15.269999999999996,15.269999999999996,Healthy
125,111.39,13.61,13.61,Healthy
125,111.41,13.590000000000003,13.590000000000003,Healthy
125,109.93,15.069999999999993,15.069999999999993,Healthy
125,114.24,10.760000000000005,10.760000000000005,Healthy
125,111.86,13.14,13.14,Healthy
125,114.95,10.049999999999997,10.049999999999997,Healthy
125,106.61,18.39,18.39,Healthy
125,110.47,14.530000000000001,14.530000000000001,Healthy
125,112.12,12.879999999999995,12.879999999999995,Healthy
125,110.34,14.659999999999997,14.659999999999997,Healthy
125,100.45,24.549999999999997,24.549999999999997,Healthy
125,102.63,22.370000000000005,22.370000000000005,Healthy
125,98.54,26.459999999999994,26.459999999999994,Healthy
125,105.59,19.409999999999997,19.409999999999997,Healthy
125,111.88,13.120000000000005,13.120000000000005,Healthy
125,107.62,17.379999999999995,17.379999999999995,Healthy
125,93.31,31.689999999999998,31.689999999999998,Healthy
125,92.1,32.900000000000006,32.900000000000006,Healthy
125,104.07,20.930000000000007,20.930000000000007,Healthy
125,105.25,19.75,19.75,Healthy
125,106.27,18.730000000000004,18.730000000000004,Healthy
125,103.02,21.980000000000004,21.980000000000004,Healthy
125,97.47,27.53,27.53,Healthy
125,100.71,24.290000000000006,24.290000000000006,Healthy
125,91.62,33.379999999999995,33.379999999999995,Healthy
125,99.58,25.42,25.42,Healthy
125,97.34,27.659999999999997,27.659999999999997,Healthy
125,98.72,26.28,26.28,Healthy
125,97.92,27.08,27.08,Healthy
125,108.19,16.810000000000002,16.810000000000002,Healthy
125,104.34,20.659999999999997,20.659999999999997,Healthy
125,100.63,24.370000000000005,24.370000000000005,Healthy
125,92.14,32.86,32.86,Healthy
125,91.7,33.3,33.3,Healthy
125,98.76,26.239999999999995,26.239999999999995,Healthy
125,88.59,36.41,36.41,Healthy
125,91.52,33.480000000000004,33.480000000000004,Healthy
125,98.19,26.810000000000002,26.810000000000002,Healthy
125,97.61,27.39,27.39,Healthy
125,88.03,36.97,36.97,Healthy
125,86.86,38.14,38.14,Healthy
125,80.87,44.129999999999995,44.129999999999995,Healthy
125,86.78,38.22,38.22,Healthy
125,91.98,33.019999999999996,33.019999999999996,Healthy
125,89.16,35.84,35.84,Healthy
125,87.6,37.400000000000006,37.400000000000006,Healthy
125,85.86,39.14,39.14,Healthy
125,85.97,39.03,39.03,Healthy
125,87.71,37.290000000000006,37.290000000000006,Healthy
125,90.28,34.72,34.72,Healthy
125,88.63,36.370000000000005,36.370000000000005,Healthy
124,93.74,30.260000000000005,30.260000000000005,Healthy
123,90.02,32.980000000000004,32.980000000000004,Healthy
122,87.7,34.3,34.3,Healthy
121,83.4,37.599999999999994,37.599999999999994,Healthy
120,87.49,32.510000000000005,32.510000000000005,Healthy
119,89.99,29.010000000000005,29.010000000000005,Healthy
118,78.9,39.099999999999994,39.099999999999994,Healthy
117,83.36,33.64,33.64,Healthy
116,79.92,36.08,36.08,Healthy
115,86.64,28.36,28.36,Healthy
114,82.32,31.680000000000007,31.680000000000007,Healthy
113,77.58,35.42,35.42,Healthy
112,85.45,26.549999999999997,26.549999999999997,Healthy
111,90.95,20.049999999999997,20.049999999999997,Healthy
110,81.87,28.129999999999995,28.129999999999995,Healthy
109,82.47,26.53,26.53,Healthy
108,81.02,26.980000000000004,26.980000000000004,Healthy
107,85.03,21.97,21.97,Healthy
106,87.38,18.620000000000005,18.620000000000005,Healthy
105,87.32,17.680000000000007,17.680000000000007,Healthy
104,88.63,15.370000000000005,15.370000000000005,Healthy
103,84.61,18.39,18.39,Healthy
102,82.36,19.64,19.64,Healthy
101,81.44,19.560000000000002,19.560000000000002,Healthy
100,84.6,15.400000000000006,15.400000000000006,Healthy
99,87.08,11.920000000000002,11.920000000000002,Healthy
98,84.02,13.980000000000004,13.980000000000004,Healthy
97,81.97,15.030000000000001,15.030000000000001,Healthy
96,80.52,15.480000000000004,15.480000000000004,Healthy
95,75.34,19.659999999999997,19.659999999999997,Healthy
94,69.79,24.209999999999994,24.209999999999994,Maintenance Soon
93,78.72,14.280000000000001,14.280000000000001,Healthy
92,83.35,8.650000000000006,8.650000000000006,Healthy
91,70.28,20.72,20.72,Maintenance Soon
90,71.16,18.840000000000003,18.840000000000003,Maintenance Soon
89,75.32,13.680000000000007,13.680000000000007,Healthy
88,63.83,24.17,24.17,Maintenance Soon
87,80.52,6.480000000000004,6.480000000000004,Healthy
86,74.08,11.920000000000002,11.920000000000002,Maintenance Soon
85,86.79,-1.7900000000000063,1.7900000000000063,Healthy
84,85.39,-1.3900000000000006,1.3900000000000006,Healthy
83,85.18,-2.180000000000007,2.180000000000007,Healthy
82,81.94,0.060000000000002274,0.060000000000002274,Healthy
81,76.42,4.579999999999998,4.579999999999998,Healthy
80,79.75,0.25,0.25,Healthy
79,74.61,4.390000000000001,4.390000000000001,Maintenance Soon
78,74.63,3.3700000000000045,3.3700000000000045,Maintenance Soon
77,76.19,0.8100000000000023,0.8100000000000023,Healthy
76,78.56,-2.5600000000000023,2.5600000000000023,Healthy
75,69.13,5.8700000000000045,5.8700000000000045,Maintenance Soon
74,69.18,4.819999999999993,4.819999999999993,Maintenance Soon
73,65.18,7.819999999999993,7.819999999999993,Maintenance Soon
72,59.04,12.96,12.96,Maintenance Soon
71,60.07,10.93,10.93,Maintenance Soon
70,56.03,13.969999999999999,13.969999999999999,Maintenance Soon
69,58.91,10.090000000000003,10.090000000000003,Maintenance Soon
68,50.44,17.560000000000002,17.560000000000002,Maintenance Soon
67,56.38,10.619999999999997,10.619999999999997,Maintenance Soon
66,57.39,8.61,8.61,Maintenance Soon
65,65.02,-0.01999999999999602,0.01999999999999602,Maintenance Soon
64,64.92,-0.9200000000000017,0.9200000000000017,Maintenance Soon
63,65.62,-2.6200000000000045,2.6200000000000045,Maintenance Soon
62,64.61,-2.6099999999999994,2.6099999999999994,Maintenance Soon
61,58.18,2.8200000000000003,2.8200000000000003,Maintenance Soon
60,58.33,1.6700000000000017,1.6700000000000017,Maintenance Soon
59,54.17,4.829999999999998,4.829999999999998,Maintenance Soon
58,58.15,-0.14999999999999858,0.14999999999999858,Maintenance Soon
57,56.58,0.4200000000000017,0.4200000000000017,Maintenance Soon
56,44.36,11.64,11.64,Maintenance Soon
55,43.13,11.869999999999997,11.869999999999997,Maintenance Soon
54,45.92,8.079999999999998,8.079999999999998,Maintenance Soon
53,42.93,10.07,10.07,Maintenance Soon
52,48.7,3.299999999999997,3.299999999999997,Maintenance Soon
51,43.0,8.0,8.0,Maintenance Soon
50,45.31,4.689999999999998,4.689999999999998,Maintenance Soon
49,47.72,1.2800000000000011,1.2800000000000011,Maintenance Soon
48,47.64,0.35999999999999943,0.35999999999999943,Maintenance Soon
47,36.11,10.89,10.89,Maintenance Soon
46,37.73,8.270000000000003,8.270000000000003,Maintenance Soon
45,44.38,0.6199999999999974,0.6199999999999974,Maintenance Soon
44,43.98,0.020000000000003126,0.020000000000003126,Maintenance Soon
43,42.59,0.4099999999999966,0.4099999999999966,Maintenance Soon
42,31.54,10.46,10.46,Maintenance Soon
41,33.4,7.600000000000001,7.600000000000001,Maintenance Soon
40,38.72,1.2800000000000011,1.2800000000000011,Maintenance Soon
39,29.73,9.27,9.27,Critical
38,35.96,2.039999999999999,2.039999999999999,Maintenance Soon
37,36.87,0.13000000000000256,0.13000000000000256,Maintenance Soon
36,33.84,2.1599999999999966,2.1599999999999966,Maintenance Soon
35,30.72,4.280000000000001,4.280000000000001,Maintenance Soon
34,34.3,-0.29999999999999716,0.29999999999999716,Maintenance Soon
33,26.56,6.440000000000001,6.440000000000001,Critical
32,28.5,3.5,3.5,Critical
31,32.07,-1.0700000000000003,1.0700000000000003,Maintenance Soon
30,35.54,-5.539999999999999,5.539999999999999,Maintenance Soon
29,33.35,-4.350000000000001,4.350000000000001,Maintenance Soon
28,32.8,-4.799999999999997,4.799999999999997,Maintenance Soon
27,23.77,3.2300000000000004,3.2300000000000004,Critical
26,20.19,5.809999999999999,5.809999999999999,Critical
25,22.52,2.4800000000000004,2.4800000000000004,Critical
24,18.82,5.18,5.18,Critical
23,14.68,8.32,8.32,Critical
22,12.39,9.61,9.61,Critical
21,12.58,8.42,8.42,Critical
20,15.93,4.07,4.07,Critical
19,19.43,-0.4299999999999997,0.4299999999999997,Critical
18,20.79,-2.789999999999999,2.789999999999999,Critical
17,18.91,-1.9100000000000001,1.9100000000000001,Critical
16,21.91,-5.91,5.91,Critical
15,18.01,-3.0100000000000016,3.0100000000000016,Critical
14,16.53,-2.530000000000001,2.530000000000001,Critical
13,12.92,0.08000000000000007,0.08000000000000007,Critical
12,11.58,0.41999999999999993,0.41999999999999993,Critical
11,14.06,-3.0600000000000005,3.0600000000000005,Critical
10,13.68,-3.6799999999999997,3.6799999999999997,Critical
9,13.52,-4.52,4.52,Critical
8,12.12,-4.119999999999999,4.119999999999999,Critical
7,9.53,-2.5299999999999994,2.5299999999999994,Critical
6,9.14,-3.1400000000000006,3.1400000000000006,Critical
5,8.64,-3.6400000000000006,3.6400000000000006,Critical
4,4.06,-0.05999999999999961,0.05999999999999961,Critical
3,1.8,1.2,1.2,Critical
2,1.57,0.42999999999999994,0.42999999999999994,Critical
1,0.99,0.010000000000000009,0.010000000000000009,Critical
0,1.65,-1.65,1.65,Critical
125,124.12,0.8799999999999955,0.8799999999999955,Healthy
125,124.68,0.3199999999999932,0.3199999999999932,Healthy
125,124.91,0.09000000000000341,0.09000000000000341,Healthy
125,124.73,0.269999999999996,0.269999999999996,Healthy
125,124.44,0.5600000000000023,0.5600000000000023,Healthy
125,124.5,0.5,0.5,Healthy
125,123.67,1.3299999999999983,1.3299999999999983,Healthy
125,123.86,1.1400000000000006,1.1400000000000006,Healthy
125,124.5,0.5,0.5,Healthy
125,124.05,0.9500000000000028,0.9500000000000028,Healthy
125,124.12,0.8799999999999955,0.8799999999999955,Healthy
125,125.0,0.0,0.0,Healthy
125,124.9,0.09999999999999432,0.09999999999999432,Healthy
125,122.61,2.3900000000000006,2.3900000000000006,Healthy
125,122.82,2.180000000000007,2.180000000000007,Healthy
125,123.21,1.7900000000000063,1.7900000000000063,Healthy
125,123.98,1.019999999999996,1.019999999999996,Healthy
125,125.0,0.0,0.0,Healthy
125,124.77,0.23000000000000398,0.23000000000000398,Healthy
125,124.78,0.21999999999999886,0.21999999999999886,Healthy
125,124.26,0.7399999999999949,0.7399999999999949,Healthy
125,123.24,1.7600000000000051,1.7600000000000051,Healthy
125,122.85,2.1500000000000057,2.1500000000000057,Healthy
125,120.48,4.519999999999996,4.519999999999996,Healthy
125,122.87,2.1299999999999955,2.1299999999999955,Healthy
125,123.21,1.7900000000000063,1.7900000000000063,Healthy
125,122.17,2.8299999999999983,2.8299999999999983,Healthy
125,124.2,0.7999999999999972,0.7999999999999972,Healthy
125,123.96,1.0400000000000063,1.0400000000000063,Healthy
125,122.43,2.569999999999993,2.569999999999993,Healthy
125,123.32,1.6800000000000068,1.6800000000000068,Healthy
125,124.18,0.8199999999999932,0.8199999999999932,Healthy
125,124.74,0.2600000000000051,0.2600000000000051,Healthy
125,124.95,0.04999999999999716,0.04999999999999716,Healthy
125,114.72,10.280000000000001,10.280000000000001,Healthy
125,113.7,11.299999999999997,11.299999999999997,Healthy
125,112.7,12.299999999999997,12.299999999999997,Healthy
125,113.87,11.129999999999995,11.129999999999995,Healthy
125,113.87,11.129999999999995,11.129999999999995,Healthy
125,119.18,5.819999999999993,5.819999999999993,Healthy
125,121.25,3.75,3.75,Healthy
125,120.56,4.439999999999998,4.439999999999998,Healthy
125,123.94,1.0600000000000023,1.0600000000000023,Healthy
125,110.39,14.61,14.61,Healthy
125,122.86,2.1400000000000006,2.1400000000000006,Healthy
125,119.47,5.530000000000001,5.530000000000001,Healthy
125,104.27,20.730000000000004,20.730000000000004,Healthy
125,91.72,33.28,33.28,Healthy
125,99.86,25.14,25.14,Healthy
125,97.82,27.180000000000007,27.180000000000007,Healthy
125,119.44,5.560000000000002,5.560000000000002,Healthy
125,119.02,5.980000000000004,5.980000000000004,Healthy
125,120.72,4.280000000000001,4.280000000000001,Healthy
125,123.54,1.4599999999999937,1.4599999999999937,Healthy
125,122.64,2.3599999999999994,2.3599999999999994,Healthy
125,123.71,1.2900000000000063,1.2900000000000063,Healthy
125,119.76,5.239999999999995,5.239999999999995,Healthy
125,118.39,6.609999999999999,6.609999999999999,Healthy
125,117.46,7.540000000000006,7.540000000000006,Healthy
125,111.52,13.480000000000004,13.480000000000004,Healthy
125,115.44,9.560000000000002,9.560000000000002,Healthy
125,118.64,6.359999999999999,6.359999999999999,Healthy
125,119.25,5.75,5.75,Healthy
125,118.35,6.650000000000006,6.650000000000006,Healthy
125,121.78,3.219999999999999,3.219999999999999,Healthy
125,120.42,4.579999999999998,4.579999999999998,Healthy
125,120.24,4.760000000000005,4.760000000000005,Healthy
125,115.53,9.469999999999999,9.469999999999999,Healthy
125,114.97,10.030000000000001,10.030000000000001,Healthy
125,114.43,10.569999999999993,10.569999999999993,Healthy
125,110.03,14.969999999999999,14.969999999999999,Healthy
125,114.81,10.189999999999998,10.189999999999998,Healthy
125,120.33,4.670000000000002,4.670000000000002,Healthy
125,119.08,5.920000000000002,5.920000000000002,Healthy
125,115.49,9.510000000000005,9.510000000000005,Healthy
125,108.29,16.709999999999994,16.709999999999994,Healthy
125,103.43,21.569999999999993,21.569999999999993,Healthy
125,106.34,18.659999999999997,18.659999999999997,Healthy
125,109.46,15.540000000000006,15.540000000000006,Healthy
125,104.07,20.930000000000007,20.930000000000007,Healthy
125,109.52,15.480000000000004,15.480000000000004,Healthy
125,113.56,11.439999999999998,11.439999999999998,Healthy
125,114.44,10.560000000000002,10.560000000000002,Healthy
125,106.5,18.5,18.5,Healthy
125,106.54,18.459999999999994,18.459999999999994,Healthy
125,99.38,25.620000000000005,25.620000000000005,Healthy
125,98.81,26.189999999999998,26.189999999999998,Healthy
125,101.39,23.61,23.61,Healthy
125,100.91,24.090000000000003,24.090000000000003,Healthy
125,106.0,19.0,19.0,Healthy
125,101.88,23.120000000000005,23.120000000000005,Healthy
125,90.21,34.790000000000006,34.790000000000006,Healthy
125,87.21,37.790000000000006,37.790000000000006,Healthy
125,89.76,35.239999999999995,35.239999999999995,Healthy
125,85.34,39.66,39.66,Healthy
125,96.6,28.400000000000006,28.400000000000006,Healthy
125,94.38,30.620000000000005,30.620000000000005,Healthy
125,93.14,31.86,31.86,Healthy
125,96.19,28.810000000000002,28.810000000000002,Healthy
125,88.07,36.93000000000001,36.93000000000001,Healthy
125,91.76,33.239999999999995,33.239999999999995,Healthy
125,92.8,32.2,32.2,Healthy
125,91.48,33.519999999999996,33.519999999999996,Healthy
125,91.73,33.269999999999996,33.269999999999996,Healthy
125,83.1,41.900000000000006,41.900000000000006,Healthy
125,91.24,33.760000000000005,33.760000000000005,Healthy
125,90.47,34.53,34.53,Healthy
125,86.95,38.05,38.05,Healthy
125,72.26,52.739999999999995,52.739999999999995,Maintenance Soon
125,83.04,41.959999999999994,41.959999999999994,Healthy
125,78.23,46.769999999999996,46.769999999999996,Healthy
125,82.25,42.75,42.75,Healthy
125,83.89,41.11,41.11,Healthy
125,74.25,50.75,50.75,Maintenance Soon
125,68.61,56.39,56.39,Maintenance Soon
125,69.05,55.95,55.95,Maintenance Soon
125,61.21,63.79,63.79,Maintenance Soon
125,73.74,51.260000000000005,51.260000000000005,Maintenance Soon
125,70.9,54.099999999999994,54.099999999999994,Maintenance Soon
125,92.1,32.900000000000006,32.900000000000006,Healthy
125,90.15,34.849999999999994,34.849999999999994,Healthy
125,87.25,37.75,37.75,Healthy
125,72.63,52.370000000000005,52.370000000000005,Maintenance Soon
125,72.57,52.43000000000001,52.43000000000001,Maintenance Soon
125,80.18,44.81999999999999,44.81999999999999,Healthy
125,68.49,56.510000000000005,56.510000000000005,Maintenance Soon
125,75.68,49.31999999999999,49.31999999999999,Healthy
125,79.12,45.879999999999995,45.879999999999995,Healthy
125,80.82,44.18000000000001,44.18000000000001,Healthy
125,77.04,47.959999999999994,47.959999999999994,Healthy
125,76.97,48.03,48.03,Healthy
125,77.11,47.89,47.89,Healthy
125,79.91,45.09,45.09,Healthy
125,81.77,43.230000000000004,43.230000000000004,Healthy
125,79.53,45.47,45.47,Healthy
125,85.15,39.849999999999994,39.849999999999994,Healthy
125,76.24,48.760000000000005,48.760000000000005,Healthy
125,86.42,38.58,38.58,Healthy
124,79.58,44.42,44.42,Healthy
123,75.23,47.769999999999996,47.769999999999996,Healthy
122,62.29,59.71,59.71,Maintenance Soon
121,59.55,61.45,61.45,Maintenance Soon
120,72.44,47.56,47.56,Maintenance Soon
119,69.26,49.739999999999995,49.739999999999995,Maintenance Soon
118,68.18,49.81999999999999,49.81999999999999,Maintenance Soon
117,65.94,51.06,51.06,Maintenance Soon
116,60.49,55.51,55.51,Maintenance Soon
115,51.63,63.37,63.37,Maintenance Soon
114,47.33,66.67,66.67,Maintenance Soon
113,59.26,53.74,53.74,Maintenance Soon
112,52.51,59.49,59.49,Maintenance Soon
111,55.51,55.49,55.49,Maintenance Soon
110,57.85,52.15,52.15,Maintenance Soon
109,43.56,65.44,65.44,Maintenance Soon
108,50.8,57.2,57.2,Maintenance Soon
107,56.44,50.56,50.56,Maintenance Soon
106,55.59,50.41,50.41,Maintenance Soon
105,57.25,47.75,47.75,Maintenance Soon
104,54.35,49.65,49.65,Maintenance Soon
103,62.97,40.03,40.03,Maintenance Soon
102,59.51,42.49,42.49,Maintenance Soon
101,63.75,37.25,37.25,Maintenance Soon
100,56.41,43.59,43.59,Maintenance Soon
99,57.98,41.02,41.02,Maintenance Soon
98,56.15,41.85,41.85,Maintenance Soon
97,57.66,39.34,39.34,Maintenance Soon
96,41.46,54.54,54.54,Maintenance Soon
95,39.03,55.97,55.97,Maintenance Soon
94,59.21,34.79,34.79,Maintenance Soon
93,57.36,35.64,35.64,Maintenance Soon
92,51.79,40.21,40.21,Maintenance Soon
91,51.48,39.52,39.52,Maintenance Soon
90,55.47,34.53,34.53,Maintenance Soon
89,52.96,36.04,36.04,Maintenance Soon
88,51.03,36.97,36.97,Maintenance Soon
87,50.38,36.62,36.62,Maintenance Soon
86,41.56,44.44,44.44,Maintenance Soon
85,45.23,39.77,39.77,Maintenance Soon
84,42.44,41.56,41.56,Maintenance Soon
83,52.5,30.5,30.5,Maintenance Soon
82,53.19,28.810000000000002,28.810000000000002,Maintenance Soon
81,53.82,27.18,27.18,Maintenance Soon
80,55.2,24.799999999999997,24.799999999999997,Maintenance Soon
79,52.55,26.450000000000003,26.450000000000003,Maintenance Soon
78,48.89,29.11,29.11,Maintenance Soon
77,58.17,18.83,18.83,Maintenance Soon
76,55.73,20.270000000000003,20.270000000000003,Maintenance Soon
75,57.13,17.869999999999997,17.869999999999997,Maintenance Soon
74,54.25,19.75,19.75,Maintenance Soon
73,53.75,19.25,19.25,Maintenance Soon
72,46.63,25.369999999999997,25.369999999999997,Maintenance Soon
71,45.73,25.270000000000003,25.270000000000003,Maintenance Soon
70,37.29,32.71,32.71,Maintenance Soon
69,37.66,31.340000000000003,31.340000000000003,Maintenance Soon
68,41.14,26.86,26.86,Maintenance Soon
67,46.28,20.72,20.72,Maintenance Soon
66,43.16,22.840000000000003,22.840000000000003,Maintenance Soon
65,55.6,9.399999999999999,9.399999999999999,Maintenance Soon
64,54.45,9.549999999999997,9.549999999999997,Maintenance Soon
63,47.07,15.93,15.93,Maintenance Soon
62,33.93,28.07,28.07,Maintenance Soon
61,40.5,20.5,20.5,Maintenance Soon
60,39.89,20.11,20.11,Maintenance Soon
59,31.26,27.74,27.74,Maintenance Soon
58,35.8,22.200000000000003,22.200000000000003,Maintenance Soon
57,29.88,27.12,27.12,Critical
56,28.72,27.28,27.28,Critical
55,29.61,25.39,25.39,Critical
54,30.15,23.85,23.85,Maintenance Soon
53,27.89,25.11,25.11,Critical
52,29.93,22.07,22.07,Critical
51,31.13,19.87,19.87,Maintenance Soon
50,30.43,19.57,19.57,Maintenance Soon
49,36.82,12.18,12.18,Maintenance Soon
48,31.56,16.44,16.44,Maintenance Soon
47,33.94,13.060000000000002,13.060000000000002,Maintenance Soon
46,33.32,12.68,12.68,Maintenance Soon
45,32.94,12.060000000000002,12.060000000000002,Maintenance Soon
44,31.77,12.23,12.23,Maintenance Soon
43,36.05,6.950000000000003,6.950000000000003,Maintenance Soon
42,34.43,7.57,7.57,Maintenance Soon
41,32.58,8.420000000000002,8.420000000000002,Maintenance Soon
40,34.04,5.960000000000001,5.960000000000001,Maintenance Soon
39,30.18,8.82,8.82,Maintenance Soon
38,28.07,9.93,9.93,Critical
37,27.06,9.940000000000001,9.940000000000001,Critical
36,26.34,9.66,9.66,Critical
35,29.09,5.91,5.91,Critical
34,32.21,1.7899999999999991,1.7899999999999991,Maintenance Soon
33,28.94,4.059999999999999,4.059999999999999,Critical
32,30.16,1.8399999999999999,1.8399999999999999,Maintenance Soon
31,30.41,0.5899999999999999,0.5899999999999999,Maintenance Soon
30,30.1,-0.10000000000000142,0.10000000000000142,Maintenance Soon
29,20.62,8.379999999999999,8.379999999999999,Critical
28,25.48,2.5199999999999996,2.5199999999999996,Critical
27,26.34,0.6600000000000001,0.6600000000000001,Critical
26,20.23,5.77,5.77,Critical
25,21.31,3.6900000000000013,3.6900000000000013,Critical
24,18.42,5.579999999999998,5.579999999999998,Critical
23,16.87,6.129999999999999,6.129999999999999,Critical
22,15.72,6.279999999999999,6.279999999999999,Critical
21,21.03,-0.030000000000001137,0.030000000000001137,Critical
20,18.78,1.2199999999999989,1.2199999999999989,Critical
19,21.53,-2.530000000000001,2.530000000000001,Critical
18,19.98,-1.9800000000000004,1.9800000000000004,Critical
17,17.7,-0.6999999999999993,0.6999999999999993,Critical
16,15.69,0.3100000000000005,0.3100000000000005,Critical
15,10.46,4.539999999999999,4.539999999999999,Critical
14,8.96,5.039999999999999,5.039999999999999,Critical
13,9.22,3.7799999999999994,3.7799999999999994,Critical
12,9.48,2.5199999999999996,2.5199999999999996,Critical
11,8.82,2.1799999999999997,2.1799999999999997,Critical
10,11.34,-1.3399999999999999,1.3399999999999999,Critical
9,12.06,-3.0600000000000005,3.0600000000000005,Critical
8,11.15,-3.1500000000000004,3.1500000000000004,Critical
7,3.8,3.2,3.2,Critical
6,5.06,0.9400000000000004,0.9400000000000004,Critical
5,3.19,1.81,1.81,Critical
4,2.35,1.65,1.65,Critical
3,3.43,-0.43000000000000016,0.43000000000000016,Critical
2,1.62,0.3799999999999999,0.3799999999999999,Critical
1,1.97,-0.97,0.97,Critical
0,1.6,-1.6,1.6,Critical
125,124.11,0.8900000000000006,0.8900000000000006,Healthy
125,120.56,4.439999999999998,4.439999999999998,Healthy
125,119.72,5.280000000000001,5.280000000000001,Healthy
125,119.69,5.310000000000002,5.310000000000002,Healthy
125,120.44,4.560000000000002,4.560000000000002,Healthy
125,119.79,5.209999999999994,5.209999999999994,Healthy
124,123.88,0.12000000000000455,0.12000000000000455,Healthy
123,124.99,-1.9899999999999949,1.9899999999999949,Healthy
122,124.82,-2.819999999999993,2.819999999999993,Healthy
121,123.8,-2.799999999999997,2.799999999999997,Healthy
120,122.79,-2.7900000000000063,2.7900000000000063,Healthy
119,123.31,-4.310000000000002,4.310000000000002,Healthy
118,123.57,-5.569999999999993,5.569999999999993,Healthy
117,124.64,-7.640000000000001,7.640000000000001,Healthy
116,124.46,-8.459999999999994,8.459999999999994,Healthy
115,124.46,-9.459999999999994,9.459999999999994,Healthy
114,124.02,-10.019999999999996,10.019999999999996,Healthy
113,123.58,-10.579999999999998,10.579999999999998,Healthy
112,123.7,-11.700000000000003,11.700000000000003,Healthy
111,124.33,-13.329999999999998,13.329999999999998,Healthy
110,123.83,-13.829999999999998,13.829999999999998,Healthy
109,123.21,-14.209999999999994,14.209999999999994,Healthy
108,123.39,-15.39,15.39,Healthy
107,121.1,-14.099999999999994,14.099999999999994,Healthy
106,123.72,-17.72,17.72,Healthy
105,123.98,-18.980000000000004,18.980000000000004,Healthy
104,122.41,-18.409999999999997,18.409999999999997,Healthy
103,119.19,-16.189999999999998,16.189999999999998,Healthy
102,103.15,-1.1500000000000057,1.1500000000000057,Healthy
101,118.89,-17.89,17.89,Healthy
100,114.15,-14.150000000000006,14.150000000000006,Healthy
99,115.13,-16.129999999999995,16.129999999999995,Healthy
98,115.11,-17.11,17.11,Healthy
97,118.99,-21.989999999999995,21.989999999999995,Healthy
96,112.42,-16.42,16.42,Healthy
95,115.04,-20.040000000000006,20.040000000000006,Healthy
94,104.37,-10.370000000000005,10.370000000000005,Healthy
93,107.75,-14.75,14.75,Healthy
92,114.01,-22.010000000000005,22.010000000000005,Healthy
91,109.61,-18.61,18.61,Healthy
90,100.98,-10.980000000000004,10.980000000000004,Healthy
89,106.26,-17.260000000000005,17.260000000000005,Healthy
88,113.25,-25.25,25.25,Healthy
87,117.33,-30.33,30.33,Healthy
86,116.33,-30.33,30.33,Healthy
85,101.17,-16.17,16.17,Healthy
84,109.94,-25.939999999999998,25.939999999999998,Healthy
83,113.05,-30.049999999999997,30.049999999999997,Healthy
82,115.68,-33.68000000000001,33.68000000000001,Healthy
81,99.16,-18.159999999999997,18.159999999999997,Healthy
80,106.42,-26.42,26.42,Healthy
79,97.31,-18.310000000000002,18.310000000000002,Healthy
78,97.49,-19.489999999999995,19.489999999999995,Healthy
77,93.99,-16.989999999999995,16.989999999999995,Healthy
76,100.4,-24.400000000000006,24.400000000000006,Healthy
75,105.98,-30.980000000000004,30.980000000000004,Healthy
74,100.1,-26.099999999999994,26.099999999999994,Healthy
73,111.37,-38.370000000000005,38.370000000000005,Healthy
72,102.12,-30.120000000000005,30.120000000000005,Healthy
71,105.12,-34.120000000000005,34.120000000000005,Healthy
70,82.74,-12.739999999999995,12.739999999999995,Healthy
69,72.88,-3.8799999999999955,3.8799999999999955,Maintenance Soon
68,70.77,-2.769999999999996,2.769999999999996,Maintenance Soon
67,66.81,0.18999999999999773,0.18999999999999773,Maintenance Soon
66,74.78,-8.780000000000001,8.780000000000001,Maintenance Soon
65,75.32,-10.319999999999993,10.319999999999993,Healthy
64,79.31,-15.310000000000002,15.310000000000002,Healthy
63,82.23,-19.230000000000004,19.230000000000004,Healthy
62,79.86,-17.86,17.86,Healthy
61,75.79,-14.790000000000006,14.790000000000006,Healthy
60,65.51,-5.510000000000005,5.510000000000005,Maintenance Soon
59,60.8,-1.7999999999999972,1.7999999999999972,Maintenance Soon
58,51.91,6.090000000000003,6.090000000000003,Maintenance Soon
57,47.07,9.93,9.93,Maintenance Soon
56,44.78,11.219999999999999,11.219999999999999,Maintenance Soon
55,44.75,10.25,10.25,Maintenance Soon
54,50.68,3.3200000000000003,3.3200000000000003,Maintenance Soon
53,52.4,0.6000000000000014,0.6000000000000014,Maintenance Soon
52,60.34,-8.340000000000003,8.340000000000003,Maintenance Soon
51,64.07,-13.069999999999993,13.069999999999993,Maintenance Soon
50,66.53,-16.53,16.53,Maintenance Soon
49,57.26,-8.259999999999998,8.259999999999998,Maintenance Soon
48,54.75,-6.75,6.75,Maintenance Soon
47,48.48,-1.4799999999999969,1.4799999999999969,Maintenance Soon
46,42.79,3.210000000000001,3.210000000000001,Maintenance Soon
45,55.74,-10.740000000000002,10.740000000000002,Maintenance Soon
44,40.17,3.8299999999999983,3.8299999999999983,Maintenance Soon
43,42.4,0.6000000000000014,0.6000000000000014,Maintenance Soon
42,48.93,-6.93,6.93,Maintenance Soon
41,43.45,-2.450000000000003,2.450000000000003,Maintenance Soon
40,41.42,-1.4200000000000017,1.4200000000000017,Maintenance Soon
39,35.39,3.6099999999999994,3.6099999999999994,Maintenance Soon
38,41.8,-3.799999999999997,3.799999999999997,Maintenance Soon
37,42.44,-5.439999999999998,5.439999999999998,Maintenance Soon
36,38.55,-2.549999999999997,2.549999999999997,Maintenance Soon
35,35.87,-0.8699999999999974,0.8699999999999974,Maintenance Soon
34,33.19,0.8100000000000023,0.8100000000000023,Maintenance Soon
33,26.67,6.329999999999998,6.329999999999998,Critical
32,27.23,4.77,4.77,Critical
31,31.79,-0.7899999999999991,0.7899999999999991,Maintenance Soon
30,28.04,1.9600000000000009,1.9600000000000009,Critical
29,33.8,-4.799999999999997,4.799999999999997,Maintenance Soon
28,24.42,3.5799999999999983,3.5799999999999983,Critical
27,24.57,2.4299999999999997,2.4299999999999997,Critical
26,23.62,2.379999999999999,2.379999999999999,Critical
25,21.82,3.1799999999999997,3.1799999999999997,Critical
24,21.49,2.5100000000000016,2.5100000000000016,Critical
23,20.27,2.7300000000000004,2.7300000000000004,Critical
22,14.92,7.08,7.08,Critical
21,15.35,5.65,5.65,Critical
20,16.48,3.5199999999999996,3.5199999999999996,Critical
19,14.66,4.34,4.34,Critical
18,17.08,0.9200000000000017,0.9200000000000017,Critical
17,17.06,-0.05999999999999872,0.05999999999999872,Critical
16,14.19,1.8100000000000005,1.8100000000000005,Critical
15,13.46,1.5399999999999991,1.5399999999999991,Critical
14,12.1,1.9000000000000004,1.9000000000000004,Critical
13,11.15,1.8499999999999996,1.8499999999999996,Critical
12,6.69,5.31,5.31,Critical
11,9.71,1.2899999999999991,1.2899999999999991,Critical
10,9.23,0.7699999999999996,0.7699999999999996,Critical
9,8.16,0.8399999999999999,0.8399999999999999,Critical
8,3.55,4.45,4.45,Critical
7,1.85,5.15,5.15,Critical
6,1.91,4.09,4.09,Critical
5,4.53,0.46999999999999975,0.46999999999999975,Critical
4,6.08,-2.08,2.08,Critical
3,4.97,-1.9699999999999998,1.9699999999999998,Critical
2,4.1,-2.0999999999999996,2.0999999999999996,Critical
1,3.09,-2.09,2.09,Critical
0,1.11,-1.11,1.11,Critical
